Soil_Type,PH_Level,Organic_Matter,Nitrogen_N,Phosphorus_P,Potassium_K,Moisture_Content,Compaction_Index,Conductivity,Soil_Quality_Score
Sandy,6.0,3.6,95,7,279,73,1,0.8,40
Loamy,8.3,3.3,11,34,249,31,1,2.7,39
Clayey,7.4,2.2,141,22,145,72,2,2.9,15
Black,6.9,5.3,54,39,278,89,2,2.5,41
Sandy,5.1,4.3,22,30,69,37,4,3.3,3
Loamy,5.1,7.1,64,39,243,53,2,3.6,46
Clayey,4.7,1.2,169,80,165,23,2,0.8,15
Black,8.0,5.5,31,76,64,28,3,3.1,11
Sandy,6.9,6.3,98,61,281,69,3,0.4,35
Loamy,7.3,6.3,64,105,253,86,3,2.3,44
Clayey,4.6,7.2,154,53,72,11,1,0.6,28
Black,8.4,6.1,188,14,254,60,3,2.3,47
Sandy,7.8,7.5,145,109,215,87,3,1.0,20
Loamy,5.3,3.3,198,108,23,43,5,3.7,25
Clayey,5.2,4.5,106,75,79,60,3,4.5,13
Black,5.2,1.1,147,102,192,28,1,0.9,45
Sandy,5.7,1.0,28,72,91,45,5,3.7,0
Loamy,6.6,2.7,137,82,94,35,1,0.8,61
Clayey,6.2,1.7,151,28,41,44,1,2.2,46
Black,5.7,2.8,76,47,228,72,5,3.2,14
Sandy,6.9,2.2,192,99,70,13,5,2.7,0
Loamy,5.1,1.2,70,130,164,12,5,0.4,22
Clayey,5.7,7.4,193,96,291,14,5,1.9,25
Black,6.0,1.1,72,87,63,38,1,2.4,50
Sandy,6.3,6.2,114,38,126,28,5,2.0,23
Loamy,7.6,2.1,113,123,169,26,2,3.4,24
Clayey,5.3,7.4,148,57,113,43,3,4.5,13
Black,6.6,7.2,184,57,283,29,3,3.4,36
Sandy,6.9,5.6,143,121,129,37,2,3.0,28
Loamy,4.7,5.7,43,139,37,82,1,0.8,38
Clayey,6.9,1.0,108,79,257,76,1,1.8,33
Black,5.2,7.9,73,46,258,19,3,2.8,35
Sandy,4.8,7.1,96,143,231,30,4,4.7,0
Loamy,8.3,7.3,90,141,250,13,2,1.6,44
Clayey,8.4,5.6,75,39,100,31,2,1.8,26
Black,7.7,3.4,168,105,274,80,3,3.0,25
Sandy,5.7,7.3,92,91,251,71,5,4.5,0
Loamy,4.9,3.0,199,101,228,21,4,2.8,26
Clayey,7.2,4.9,191,88,40,20,1,1.0,38
Black,6.3,1.7,101,9,257,31,1,0.5,70
Sandy,5.0,7.5,145,55,280,38,1,4.5,25
Loamy,6.5,2.0,179,42,292,70,1,3.4,62
Clayey,4.6,2.6,178,7,299,70,2,1.2,32
Black,8.1,4.9,196,17,169,36,2,3.7,35
Sandy,5.5,6.3,177,91,171,56,5,3.6,11
Loamy,7.2,5.3,159,7,80,23,2,3.9,34
Clayey,5.7,2.6,161,59,155,16,5,4.5,0
Black,6.6,1.0,47,70,31,24,5,0.8,11
Sandy,6.7,6.3,139,88,33,55,1,4.8,15
Loamy,5.2,7.9,134,77,49,37,1,5.0,38
Clayey,8.4,6.7,50,116,239,52,2,0.2,30
Black,7.6,4.2,28,66,257,19,2,0.5,33
Sandy,8.3,7.3,114,29,46,60,5,2.2,10
Loamy,8.1,3.9,139,56,276,12,3,0.3,41
Clayey,6.9,4.7,101,54,161,85,1,3.7,25
Black,8.2,4.3,105,126,269,86,4,3.3,22
Sandy,4.9,4.1,71,133,93,53,3,3.9,0
Loamy,5.3,6.4,25,43,218,63,1,5.0,33
Clayey,4.7,4.7,103,56,33,43,1,4.7,11
Black,5.8,3.2,159,80,119,74,2,1.6,52
Sandy,6.1,2.8,151,44,110,34,4,2.0,31
Loamy,5.6,1.3,125,64,210,72,4,3.9,19
Clayey,7.8,5.1,65,114,125,79,1,2.0,20
Black,5.9,2.6,74,88,26,54,5,3.5,23
Sandy,5.6,2.0,182,24,100,77,4,4.6,0
Loamy,6.7,5.6,63,89,272,35,3,2.1,56
Clayey,5.1,5.8,95,6,159,35,5,2.8,19
Black,7.7,6.3,183,110,26,35,2,4.2,26
Sandy,4.8,4.5,170,13,171,87,1,2.4,23
Loamy,8.4,7.3,59,62,145,71,1,1.5,39
Clayey,7.6,7.6,114,47,93,70,3,1.4,28
Black,5.3,6.7,31,142,64,11,3,0.5,32
Sandy,4.5,5.4,49,113,36,50,2,1.7,18
Loamy,7.8,3.1,48,52,252,54,2,3.5,29
Clayey,7.3,7.9,114,130,183,23,4,0.4,27
Black,7.4,2.9,178,149,82,46,5,1.4,36
Sandy,7.6,2.4,77,132,112,11,1,0.6,8
Loamy,4.8,4.1,16,137,111,14,4,2.1,19
Clayey,5.9,1.4,94,111,61,11,2,0.6,27
Black,5.0,7.8,141,75,260,10,3,3.8,32
Sandy,8.0,5.1,85,136,274,57,4,4.6,0
Loamy,7.0,4.9,100,105,90,31,3,1.0,53
Clayey,5.8,5.6,196,87,235,50,5,1.3,45
Black,4.8,4.5,93,32,75,34,3,0.9,38
Sandy,5.7,1.2,163,110,98,55,1,1.0,31
Loamy,5.8,5.3,40,42,140,18,5,1.6,37
Clayey,7.4,6.0,108,70,221,70,3,1.5,45
Black,7.1,3.9,61,51,276,56,4,2.0,43
Sandy,8.0,6.3,121,110,149,83,1,2.7,16
Loamy,6.4,2.6,81,107,61,88,1,3.7,37
Clayey,5.0,2.5,30,29,93,12,2,4.4,0
Black,7.4,2.1,25,70,253,17,2,2.4,30
Sandy,7.5,3.6,188,83,28,34,4,4.6,0
Loamy,6.7,6.9,25,71,50,45,2,3.4,37
Clayey,7.6,6.8,155,44,115,52,3,3.7,11
Black,6.5,3.7,184,104,277,59,2,2.7,64
Sandy,6.6,5.1,65,119,299,72,1,2.7,25
Loamy,6.2,6.0,165,123,248,43,4,2.7,63
Clayey,4.6,2.7,91,149,264,82,3,2.5,8
Black,4.9,2.2,87,66,217,19,1,2.3,32
Sandy,4.6,7.8,193,80,251,36,1,3.9,21
Loamy,7.0,5.3,46,35,70,22,5,2.0,28
Clayey,5.8,7.9,153,37,236,60,2,1.1,60
Black,6.5,3.4,69,47,193,77,3,0.8,44
Sandy,8.1,5.9,198,97,94,25,4,4.4,0
Loamy,5.5,2.6,20,42,118,21,4,4.3,0
Clayey,6.1,2.8,135,45,20,34,4,1.3,36
Black,7.5,4.6,75,122,143,58,5,0.7,36
Sandy,5.4,3.2,135,26,136,25,3,4.8,0
Loamy,4.8,2.2,41,100,214,11,1,2.5,31
Clayey,5.7,2.8,156,131,252,82,5,0.6,18
Black,5.1,1.3,65,65,148,86,2,1.2,28
Sandy,8.2,5.9,14,78,82,87,1,3.5,0
Loamy,7.7,4.4,140,36,255,85,4,0.5,40
Clayey,7.0,1.7,165,136,249,44,2,2.2,38
Black,8.0,2.2,99,49,209,31,3,2.2,34
Sandy,7.7,1.7,103,76,208,57,3,3.5,5
Loamy,5.2,5.3,81,24,187,73,5,1.1,36
Clayey,8.1,1.7,109,69,114,76,3,4.9,0
Black,6.7,6.3,38,93,176,31,4,0.9,41
Sandy,7.7,1.1,68,27,158,82,5,3.0,0
Loamy,8.1,2.7,34,44,210,56,5,1.7,27
Clayey,5.8,7.2,159,134,75,49,4,0.8,43
Black,4.9,6.0,106,82,26,62,3,2.7,36
Sandy,5.4,1.5,110,48,70,12,2,0.9,17
Loamy,6.2,6.7,126,117,58,15,5,3.4,34
Clayey,7.8,4.5,32,87,91,23,2,0.3,12
Black,7.9,6.9,79,121,275,67,2,2.6,42
Sandy,4.5,5.2,88,9,110,16,2,1.2,12
Loamy,6.5,5.8,88,125,168,38,2,4.8,43
Clayey,6.2,8.0,177,74,49,12,4,3.6,17
Black,5.4,2.6,107,39,142,22,1,3.8,27
Sandy,5.0,5.4,23,20,256,45,3,3.6,12
Loamy,5.9,4.2,38,18,299,47,1,3.4,60
Clayey,8.3,1.3,153,29,144,84,1,0.8,16
Black,5.8,1.1,96,83,153,69,5,5.0,10
Sandy,6.6,1.8,19,105,25,82,1,3.3,0
Loamy,7.3,5.5,56,109,216,31,1,4.5,41
Clayey,6.0,5.0,13,24,209,30,4,2.6,31
Black,8.4,4.9,21,60,255,42,2,1.5,43
Sandy,8.3,1.2,51,134,98,13,1,2.2,0
Loamy,5.5,4.3,13,27,54,89,1,2.1,44
Clayey,6.5,7.5,93,36,91,53,5,0.2,33
Black,5.7,3.8,101,145,62,10,3,3.4,25
Sandy,5.6,5.4,101,17,152,71,5,3.7,0
Loamy,4.6,6.5,15,149,125,88,3,0.3,25
Clayey,6.9,6.5,151,31,178,31,3,1.3,42
Black,6.5,4.6,44,149,27,68,3,3.4,39
Sandy,4.7,7.0,184,18,281,46,4,1.7,25
Loamy,5.6,3.7,195,146,99,32,4,4.7,22
Clayey,8.1,7.2,74,144,63,42,2,0.7,26
Black,5.5,2.7,156,73,196,31,3,4.6,24
Sandy,5.1,3.0,66,72,83,73,4,4.6,0
Loamy,6.5,1.4,22,59,132,71,4,4.8,2
Clayey,8.4,6.6,145,33,227,63,1,0.5,45
Black,5.5,3.9,27,93,245,67,3,1.4,44
Sandy,7.2,2.6,172,49,297,21,5,1.3,12
Loamy,7.5,2.6,96,136,299,27,1,4.4,28
Clayey,5.5,7.3,123,148,22,76,4,4.1,2
Black,7.4,6.8,35,70,52,69,4,0.9,37
Sandy,6.0,4.9,175,27,233,10,4,0.8,35
Loamy,7.0,5.3,75,72,49,29,4,2.4,32
Clayey,7.0,4.3,35,149,44,26,5,0.9,7
Black,6.6,3.7,135,10,47,58,2,2.4,50
Sandy,4.9,7.4,66,86,116,31,2,4.2,0
Loamy,7.8,1.9,34,127,106,42,3,2.5,22
Clayey,5.8,3.9,39,109,45,35,4,3.6,12
Black,5.2,3.4,144,38,139,36,3,1.3,48
Sandy,4.7,4.5,36,58,220,69,5,1.4,9
Loamy,6.9,4.2,148,86,34,43,3,3.0,48
Clayey,7.2,4.6,110,98,273,89,2,4.3,17
Black,4.6,2.0,145,69,130,87,2,2.7,22
Sandy,6.5,4.6,20,91,27,61,2,1.1,35
Loamy,5.4,2.7,135,33,147,64,3,1.2,51
Clayey,7.1,2.3,39,45,205,70,4,3.1,9
Black,5.2,1.5,103,109,33,59,1,0.6,52
Sandy,7.3,6.3,125,67,249,72,2,0.4,35
Loamy,6.0,4.0,24,70,110,73,3,0.6,43
Clayey,8.2,5.4,193,116,23,23,1,2.0,28
Black,5.1,6.1,44,104,171,60,2,1.8,52
Sandy,5.9,5.8,48,149,238,36,2,0.1,45
Loamy,5.0,4.3,33,70,95,49,5,0.9,37
Clayey,8.2,3.7,17,72,235,77,2,1.8,13
Black,8.0,3.6,52,38,178,18,1,2.2,31
Sandy,5.5,5.5,179,5,270,65,1,2.1,49
Loamy,7.1,4.5,93,138,86,48,4,1.7,48
Clayey,7.8,6.9,178,20,241,24,1,4.1,14
Black,6.7,7.1,56,6,211,27,3,2.1,40
Sandy,6.6,2.2,35,120,238,61,3,3.3,7
Loamy,5.5,2.0,189,80,36,70,2,4.2,32
Clayey,4.9,5.4,159,31,126,46,4,4.3,0
Black,8.1,3.1,142,23,246,89,2,4.3,16
Sandy,8.1,1.1,152,32,100,62,4,2.5,1
Loamy,7.0,7.2,173,39,286,21,5,3.3,32
Clayey,5.9,2.6,110,119,185,34,4,1.6,39
Black,5.9,7.5,72,72,253,88,5,4.3,20
Sandy,7.4,6.0,102,53,181,34,5,1.1,27
Loamy,8.1,6.3,186,11,194,30,2,4.0,37
Clayey,8.0,2.4,64,41,179,16,3,2.4,2
Black,7.6,2.6,81,119,204,85,4,1.6,21
Sandy,7.1,4.6,69,119,193,58,2,2.0,34
Loamy,4.8,2.2,194,45,257,48,5,3.0,26
Clayey,5.1,3.1,38,85,182,84,5,4.7,0
Black,8.1,3.3,28,66,257,58,1,0.6,42
Sandy,6.9,2.1,82,146,125,43,1,4.6,2
Loamy,4.5,2.4,147,6,137,84,4,4.1,4
Clayey,4.9,6.5,110,92,251,25,3,3.0,15
Black,7.2,2.2,147,52,95,24,1,0.7,44
Sandy,4.5,1.2,66,59,24,49,5,4.1,0
Loamy,5.1,5.4,191,16,237,88,2,3.5,45
Clayey,6.7,7.8,193,5,255,16,3,2.5,30
Black,7.3,3.3,77,107,51,49,4,4.4,11
Sandy,7.1,1.8,96,38,196,75,2,3.4,3
Loamy,5.4,5.0,112,116,138,79,4,1.5,43
Clayey,7.3,7.3,192,50,209,31,2,0.3,50
Black,5.4,6.5,81,103,121,68,2,3.8,34
Sandy,5.8,5.4,138,61,98,14,3,1.4,33
Loamy,7.5,3.2,127,55,158,27,4,1.5,41
Clayey,7.1,4.8,149,26,245,20,1,2.3,42
Black,7.9,1.6,172,72,285,17,2,3.8,16
Sandy,7.1,5.8,125,140,243,29,2,4.6,9
Loamy,6.8,6.1,91,64,79,84,1,1.2,53
Clayey,4.9,7.8,170,69,283,68,3,4.4,10
Black,6.0,2.8,118,40,67,34,3,3.1,45
Sandy,5.6,1.1,162,33,100,67,3,4.3,0
Loamy,5.5,4.8,25,60,27,28,5,4.3,3
Clayey,8.4,5.9,145,86,268,11,5,2.0,15
Black,6.1,6.5,44,136,263,67,3,3.4,46
Sandy,8.1,2.4,183,48,184,75,3,4.7,0
Loamy,7.0,2.8,148,35,206,16,1,3.4,44
Clayey,7.7,4.6,198,85,268,60,5,2.3,22
Black,6.5,3.3,53,78,146,42,4,1.9,43
Sandy,6.8,7.0,148,128,107,84,3,0.8,23
Loamy,6.5,4.3,148,20,64,22,3,5.0,28
Clayey,5.3,6.6,159,72,265,19,3,3.3,22
Black,7.4,5.1,94,123,237,68,2,1.5,60
Sandy,5.6,6.4,91,73,34,47,5,0.5,18
Loamy,4.6,3.3,199,46,275,29,4,3.8,16
Clayey,7.1,6.8,185,114,196,23,2,4.3,14
Black,5.2,2.9,111,45,234,49,2,2.2,56
Sandy,8.3,4.8,72,54,44,16,4,4.8,0
Loamy,8.3,2.5,188,10,136,78,4,1.7,25
Clayey,8.2,4.3,182,79,99,15,4,3.8,0
Black,6.0,3.2,42,21,194,49,4,1.4,46
Sandy,4.6,2.9,69,109,251,62,4,1.7,10
Loamy,8.2,7.8,132,71,59,18,3,3.1,27
Clayey,6.2,2.1,11,148,190,74,4,0.3,15
Black,8.4,6.5,150,104,136,29,4,1.1,28
Sandy,8.4,7.9,66,94,203,15,5,1.0,2
Loamy,7.9,1.1,180,85,100,86,3,1.7,26
Clayey,5.7,5.9,54,119,90,48,2,3.9,15
Black,6.0,2.8,40,24,159,30,3,4.5,24
Sandy,7.9,1.3,147,84,212,46,1,0.2,28
Loamy,5.8,3.8,32,60,190,21,4,1.4,42
Clayey,5.2,7.5,38,57,120,79,2,0.2,22
Black,6.7,1.1,40,53,89,24,1,4.3,7
Sandy,8.2,5.1,27,8,193,30,2,1.1,20
Loamy,7.3,4.5,20,22,208,55,3,3.9,33
Clayey,6.8,7.1,112,40,234,80,1,0.3,45
Black,4.9,1.6,56,121,44,19,4,2.1,7
Sandy,7.0,5.8,12,39,108,75,4,1.9,5
Loamy,8.5,5.8,139,34,150,85,1,1.7,48
Clayey,5.1,5.7,191,122,215,48,3,2.9,36
Black,6.6,7.6,81,67,244,31,1,2.0,64
Sandy,8.0,6.8,168,86,168,51,3,2.1,26
Loamy,7.5,1.3,145,73,90,15,2,1.0,41
Clayey,7.3,4.3,180,129,148,61,3,2.1,37
Black,7.3,3.8,185,58,106,46,1,3.7,42
Sandy,5.9,3.2,139,91,37,15,1,1.7,37
Loamy,5.7,4.2,31,60,62,82,2,4.3,19
Clayey,7.7,3.7,133,83,95,38,1,0.9,34
Black,7.7,4.0,142,146,60,78,5,4.2,0
Sandy,8.0,7.9,144,124,299,60,1,3.1,29
Loamy,8.2,1.6,29,29,299,86,5,2.2,10
Clayey,6.5,7.5,86,113,278,36,1,0.3,59
Black,6.5,4.4,139,99,43,46,1,0.7,73
Sandy,7.7,5.4,41,57,128,55,2,2.1,17
Loamy,7.1,6.8,99,52,46,34,5,4.4,18
Clayey,7.3,3.5,12,74,145,46,2,4.8,0
Black,7.7,4.0,178,136,189,32,5,4.7,7
Sandy,8.1,3.9,51,87,66,35,5,1.4,0
Loamy,5.9,3.6,86,137,200,85,4,1.4,46
Clayey,6.0,7.5,182,86,92,61,5,3.7,21
Black,4.9,6.8,110,108,141,12,2,4.7,11
Sandy,6.8,1.8,154,79,205,82,2,0.8,25
Loamy,4.6,1.8,137,93,101,88,3,2.0,28
Clayey,6.4,4.0,56,68,49,81,1,4.2,14
Black,6.7,1.7,161,39,140,37,4,2.5,33
Sandy,5.6,5.3,132,16,125,89,1,4.2,11
Loamy,6.9,2.0,43,94,149,43,2,0.7,44
Clayey,4.6,4.7,187,59,224,74,4,3.9,1
Black,4.6,1.1,51,116,72,38,5,2.0,12
Sandy,7.8,3.2,42,73,298,13,2,3.5,0
Loamy,5.9,5.7,132,95,208,77,2,1.5,70
Clayey,5.0,4.4,36,42,234,71,2,3.5,14
Black,6.6,7.8,68,33,50,47,2,3.5,35
Sandy,7.6,7.1,156,16,277,76,4,2.2,13
Loamy,5.4,3.5,124,141,79,11,1,4.8,25
Clayey,7.0,1.3,140,86,97,85,1,0.1,26
Black,4.8,6.9,137,7,42,53,5,3.4,19
Sandy,4.7,7.4,129,91,204,88,2,4.6,0
Loamy,6.6,6.7,162,92,54,41,2,4.3,40
Clayey,6.7,1.9,122,57,20,12,1,2.9,19
Black,7.0,8.0,24,105,124,26,5,4.5,0
Sandy,7.4,2.8,92,8,195,21,3,0.6,15
Loamy,8.4,6.1,197,61,68,73,4,2.8,25
Clayey,6.6,7.4,92,32,187,72,1,4.9,7
Black,5.8,2.6,32,20,290,87,4,5.0,6
Sandy,7.7,7.4,20,17,177,81,1,3.4,0
Loamy,5.6,3.2,196,57,40,50,5,0.9,42
Clayey,6.3,7.8,125,52,124,11,2,0.7,43
Black,4.8,3.0,171,29,140,62,3,4.6,11
Sandy,4.6,7.7,112,70,211,43,4,4.4,0
Loamy,8.4,1.4,16,108,248,83,3,1.6,21
Clayey,7.8,6.0,115,7,200,49,2,4.7,10
Black,7.3,4.7,181,98,244,80,1,0.7,60
Sandy,6.1,4.3,123,15,253,74,5,1.5,30
Loamy,5.2,2.6,32,25,285,64,2,3.3,38
Clayey,5.1,5.9,111,131,237,83,3,0.9,35
Black,5.5,2.3,67,95,230,60,3,4.9,14
Sandy,6.7,4.9,29,99,118,14,3,1.2,11
Loamy,7.4,2.8,164,98,128,65,1,1.3,61
Clayey,7.1,7.7,126,133,272,30,3,2.4,41
Black,5.6,1.2,197,116,31,67,1,3.9,32
Sandy,8.3,2.4,145,38,137,82,3,0.7,5
Loamy,7.5,2.7,110,84,107,40,4,3.4,32
Clayey,6.7,3.9,11,87,228,55,4,0.6,23
Black,6.9,2.6,31,33,149,36,2,0.6,39
Sandy,6.2,4.4,79,135,202,79,2,0.3,38
Loamy,5.5,7.1,112,15,102,40,5,2.8,40
Clayey,5.9,6.0,113,140,273,50,3,2.2,53
Black,7.5,5.1,45,66,24,54,3,1.6,43
Sandy,4.6,1.6,117,107,43,45,1,2.7,15
Loamy,5.0,5.9,33,37,140,11,2,2.6,36
Clayey,4.7,2.2,149,140,114,71,4,2.4,0
Black,4.7,6.5,31,92,243,30,1,0.9,49
Sandy,7.9,2.8,92,21,258,43,4,4.5,0
Loamy,7.3,3.9,82,95,246,22,1,3.1,44
Clayey,6.4,3.5,133,47,161,28,2,0.7,42
Black,4.9,7.0,90,77,70,42,3,1.4,37
Sandy,6.5,1.9,160,9,164,58,3,3.8,19
Loamy,6.4,5.0,83,60,71,12,2,3.9,38
Clayey,5.2,2.0,39,61,31,47,4,3.7,0
Black,6.2,5.9,156,76,114,80,5,4.0,23
Sandy,6.1,7.3,35,83,148,24,5,3.0,2
Loamy,7.0,4.0,137,40,30,47,2,1.5,60
Clayey,7.0,4.4,20,138,291,34,1,1.9,42
Black,4.7,7.5,29,119,111,70,3,2.6,25
Sandy,6.0,4.6,127,75,28,59,4,1.3,38
Loamy,7.0,4.4,65,96,142,19,5,4.3,7
Clayey,6.5,5.0,182,139,283,59,3,3.8,37
Black,7.9,5.8,56,109,138,51,2,4.9,9
Sandy,7.1,1.7,98,69,209,80,3,2.1,14
Loamy,5.2,6.7,67,28,298,61,5,4.4,22
Clayey,4.8,4.0,19,49,75,55,4,3.9,0
Black,7.1,1.5,31,121,215,49,1,4.2,26
Sandy,4.6,6.5,80,34,42,67,1,3.5,11
Loamy,6.8,3.6,33,69,284,33,3,1.8,49
Clayey,8.3,1.7,105,89,264,78,1,1.3,25
Black,6.8,5.4,198,87,279,49,5,1.4,50
Sandy,6.1,7.2,16,118,250,29,4,2.9,13
Loamy,7.1,7.2,81,100,229,38,1,4.4,45
Clayey,6.3,7.7,136,91,181,46,1,2.3,59
Black,6.7,7.1,47,71,189,29,2,3.0,32
Sandy,8.3,1.0,158,35,246,27,1,3.7,1
Loamy,6.0,3.7,145,70,62,13,1,4.3,41
Clayey,8.3,6.7,130,58,214,20,5,3.3,2
Black,8.1,3.6,98,14,31,73,1,3.2,21
Sandy,5.3,5.2,37,87,291,61,2,4.9,4
Loamy,4.8,5.2,101,33,81,52,2,4.3,30
Clayey,4.9,3.6,63,36,36,23,2,3.7,0
Black,4.6,7.3,168,21,290,54,1,4.2,38
Sandy,4.9,4.5,125,119,45,37,3,5.0,0
Loamy,7.2,4.3,125,49,64,13,3,2.6,42
Clayey,4.8,8.0,129,53,164,25,5,3.6,0
Black,5.8,4.5,50,91,84,47,3,4.1,32
Sandy,7.9,2.2,46,79,87,72,5,2.3,0
Loamy,4.6,4.6,134,127,115,32,5,4.8,10
Clayey,7.8,6.7,175,128,79,86,2,2.0,23
Black,5.6,6.4,188,56,276,29,4,1.3,45
Sandy,5.0,6.5,85,145,38,78,5,3.4,0
Loamy,7.3,6.0,46,92,52,30,1,0.5,58
Clayey,7.0,2.8,110,88,110,51,2,0.7,36
Black,8.0,7.0,40,110,257,78,1,4.9,9
Sandy,7.4,7.3,199,96,43,23,1,1.5,33
Loamy,7.7,2.4,155,103,246,79,3,0.3,37
Clayey,5.6,1.9,99,25,284,14,1,2.4,26
Black,5.2,7.8,15,10,25,33,5,4.3,7
Sandy,7.5,7.1,146,57,77,38,1,1.7,43
Loamy,7.7,7.3,148,91,119,11,1,2.2,46
Clayey,8.5,7.2,104,90,141,15,3,0.9,18
Black,6.2,4.8,128,141,176,43,1,1.8,77
Sandy,6.0,5.5,119,100,220,85,5,4.8,2
Loamy,7.6,4.8,129,117,244,31,5,4.4,20
Clayey,5.9,1.4,139,75,286,13,1,3.7,27
Black,8.2,6.2,132,47,170,15,5,4.0,7
Sandy,7.9,4.5,38,38,276,76,5,3.4,0
Loamy,6.2,5.5,119,50,100,86,3,0.7,58
Clayey,7.5,4.5,130,36,119,72,2,0.7,33
Black,7.5,4.4,188,148,124,82,2,2.7,41
Sandy,4.9,2.2,78,5,271,77,4,3.0,0
Loamy,8.1,3.0,160,24,152,43,2,4.9,21
Clayey,6.5,2.1,16,76,118,81,1,2.3,23
Black,7.8,2.4,137,15,197,43,5,4.6,3
Sandy,5.8,7.8,65,111,284,66,2,5.0,17
Loamy,8.1,2.1,136,47,151,46,3,4.2,21
Clayey,6.1,2.9,86,14,218,15,4,2.1,26
Black,4.5,5.1,71,12,212,80,1,3.8,25
Sandy,8.1,5.3,83,23,227,54,2,2.8,21
Loamy,4.9,2.1,24,59,76,50,5,1.1,17
Clayey,5.8,6.6,62,7,281,14,3,0.7,37
Black,8.3,6.5,180,57,249,69,2,0.4,55
Sandy,8.3,2.7,129,48,161,76,5,1.7,0
Loamy,6.8,3.0,44,100,82,26,2,3.5,22
Clayey,7.0,7.6,23,52,137,74,1,4.6,0
Black,6.3,6.8,102,58,264,64,4,1.7,65
Sandy,5.7,5.9,131,148,155,18,5,2.7,9
Loamy,5.8,1.6,186,96,115,13,4,2.4,38
Clayey,7.2,3.9,27,148,244,51,4,0.6,24
Black,7.5,4.9,188,55,27,55,3,3.8,35
Sandy,7.7,2.3,138,22,33,83,5,2.6,0
Loamy,7.7,4.1,134,130,43,10,3,4.6,12
Clayey,4.9,5.2,36,10,211,26,4,4.2,0
Black,6.5,3.3,73,138,260,88,1,1.5,57
Sandy,4.7,6.5,69,82,44,16,1,1.6,15
Loamy,6.7,6.9,178,86,148,14,2,2.7,46
Clayey,6.3,3.3,158,84,106,61,2,0.7,47
Black,8.1,6.9,23,92,252,62,5,1.3,28
Sandy,5.9,1.7,125,17,75,12,1,4.1,12
Loamy,5.0,6.9,157,69,209,71,4,0.8,50
Clayey,5.1,2.1,101,68,47,41,1,2.8,31
Black,7.5,1.6,94,18,48,11,5,2.0,17
Sandy,7.0,5.5,96,149,298,89,2,1.1,30
Loamy,4.9,4.3,148,125,191,62,2,4.9,27
Clayey,4.8,7.4,129,81,57,21,3,4.1,0
Black,7.3,3.5,93,17,285,14,2,1.4,45
Sandy,4.8,3.0,33,77,46,13,4,3.9,0
Loamy,7.8,4.5,128,138,155,65,5,0.1,42
Clayey,7.3,4.2,98,10,255,89,2,1.5,35
Black,4.8,3.4,46,125,264,73,2,0.6,30
Sandy,4.8,5.9,95,98,104,54,4,2.2,10
Loamy,8.4,6.3,136,61,32,69,2,3.2,41
Clayey,6.0,7.0,161,57,77,29,4,0.9,33
Black,6.0,7.8,24,50,278,62,2,1.3,63
Sandy,7.8,2.9,21,82,119,82,4,2.0,0
Loamy,8.3,6.0,104,136,123,25,2,3.2,31
Clayey,8.4,3.8,40,38,280,39,5,1.6,10
Black,7.5,5.7,190,46,297,29,3,3.0,40
Sandy,6.0,4.3,103,82,85,61,3,1.8,43
Loamy,4.8,8.0,93,68,108,45,1,1.4,53
Clayey,7.6,6.1,81,149,107,31,3,4.3,0
Black,6.7,7.7,53,122,24,10,4,2.0,29
Sandy,6.2,6.8,39,34,163,30,4,4.6,5
Loamy,8.1,7.3,44,97,136,57,3,1.6,38
Clayey,4.9,6.7,30,11,290,81,4,2.8,0
Black,6.5,4.2,120,27,224,14,5,0.4,50
Sandy,4.5,2.8,72,40,94,49,4,3.4,0
Loamy,6.4,3.6,101,146,99,88,5,4.0,23
Clayey,4.7,1.1,154,120,37,54,5,4.9,0
Black,5.0,4.7,21,85,236,40,5,4.2,16
Sandy,5.0,4.5,155,29,121,24,2,1.6,28
Loamy,7.1,4.7,101,119,151,67,1,2.8,64
Clayey,7.5,7.8,69,98,77,62,4,3.0,15
Black,6.8,7.4,76,53,131,54,2,0.4,51
Sandy,8.3,2.1,124,31,104,76,1,0.5,14
Loamy,6.0,3.6,24,99,135,51,2,1.7,56
Clayey,5.6,4.0,25,18,181,33,4,3.7,5
Black,8.0,3.5,31,126,225,47,5,1.5,24
Sandy,5.4,6.6,127,52,87,60,2,4.4,13
Loamy,8.4,4.7,122,132,267,33,1,3.3,52
Clayey,4.5,5.0,104,89,76,86,1,2.4,24
Black,8.4,7.0,168,96,184,42,1,2.7,50
Sandy,4.7,6.6,10,19,185,28,2,1.7,8
Loamy,8.1,1.9,84,55,23,34,1,4.9,13
Clayey,6.6,6.0,15,58,125,79,3,1.0,15
Black,8.5,4.0,96,143,127,58,1,4.3,22
Sandy,4.8,3.1,146,112,189,26,1,3.4,7
Loamy,6.7,1.4,189,79,286,30,2,3.6,43
Clayey,8.4,4.4,71,32,286,52,4,4.2,1
Black,6.6,3.5,67,132,73,85,2,0.8,35
Sandy,7.0,2.8,117,74,185,86,2,3.5,10
Loamy,7.3,5.9,28,100,273,31,3,3.9,34
Clayey,6.3,6.4,118,144,295,72,4,4.9,10
Black,7.0,2.7,150,107,173,33,2,3.8,37
Sandy,6.8,1.3,132,91,147,42,3,4.8,0
Loamy,8.1,6.9,169,109,95,76,2,4.3,20
Clayey,4.7,1.1,109,113,240,26,3,4.4,0
Black,5.6,7.6,18,85,289,57,5,4.6,11
Sandy,8.3,5.4,58,49,142,53,1,2.7,17
Loamy,8.1,3.3,174,116,44,34,1,3.6,36
Clayey,6.3,2.7,40,64,125,81,2,0.7,25
Black,7.0,1.1,168,75,125,69,3,1.8,41
Sandy,5.6,2.6,68,17,122,38,5,4.4,0
Loamy,5.3,2.0,192,82,285,21,1,4.9,26
Clayey,6.4,5.3,156,129,33,18,2,0.6,43
Black,5.9,2.2,139,102,152,62,2,3.0,53
Sandy,6.8,4.7,54,95,41,70,3,3.7,7
Loamy,4.8,5.1,105,93,94,40,4,2.6,37
Clayey,8.4,3.1,52,103,263,57,2,1.2,25
Black,8.4,1.2,107,77,275,88,5,0.3,18
Sandy,7.3,1.3,10,74,165,56,5,4.8,0
Loamy,6.6,1.2,198,43,231,42,4,1.3,48
Clayey,5.7,6.2,140,31,268,76,5,1.6,25
Black,7.8,3.2,100,44,54,73,3,3.2,10
Sandy,7.2,6.6,53,127,272,26,2,2.2,24
Loamy,5.2,4.0,144,35,279,53,3,2.2,60
Clayey,8.1,4.2,42,135,200,14,4,0.5,7
Black,7.8,4.6,146,19,229,71,4,5.0,5
Sandy,8.3,6.0,39,74,129,72,3,1.5,2
Loamy,7.4,2.9,155,15,161,88,1,0.6,55
Clayey,7.0,1.9,65,34,183,48,4,3.4,5
Black,6.2,4.9,114,39,106,81,2,3.8,40
Sandy,8.2,3.3,40,116,159,51,4,0.2,5
Loamy,8.0,4.1,187,47,181,30,3,1.4,52
Clayey,4.7,5.5,98,97,45,56,3,1.1,23
Black,4.6,4.5,10,123,153,83,5,4.0,0
Sandy,6.0,5.3,119,7,134,37,1,1.0,53
Loamy,7.7,4.8,91,94,200,30,3,1.3,47
Clayey,8.4,6.2,28,82,166,37,5,4.9,0
Black,5.1,5.9,124,87,234,28,5,3.5,25
Sandy,6.9,4.7,135,89,96,72,2,2.0,28
Loamy,6.0,5.8,73,128,114,61,5,3.8,33
Clayey,8.4,7.1,62,81,237,47,1,2.4,33
Black,7.9,4.0,15,109,71,55,2,1.1,32
Sandy,7.9,3.9,26,57,293,33,3,2.5,9
Loamy,6.4,6.3,55,48,194,54,3,3.9,44
Clayey,6.2,5.1,127,50,52,86,5,1.0,28
Black,5.6,1.5,82,41,151,18,4,2.5,20
Sandy,4.7,7.2,110,42,294,18,1,0.7,30
Loamy,8.0,1.2,192,113,26,30,1,4.2,24
Clayey,7.8,6.2,100,113,246,33,5,4.1,0
Black,8.5,6.3,15,92,274,73,1,3.4,23
Sandy,8.5,7.7,118,15,255,49,2,4.6,9
Loamy,6.7,1.4,49,97,203,83,5,2.1,23
Clayey,7.6,5.2,100,68,218,61,4,0.7,25
Black,8.3,4.0,75,130,222,13,3,4.9,0
Sandy,7.9,3.3,146,116,155,12,1,2.6,15
Loamy,5.5,1.6,20,109,165,22,3,2.4,24
Clayey,6.3,4.9,157,66,226,30,4,0.4,50
Black,5.0,4.4,125,65,74,17,4,2.9,29
Sandy,8.3,1.7,52,94,269,82,2,3.3,0
Loamy,6.9,5.3,67,16,294,10,4,2.4,38
Clayey,5.4,6.2,163,141,224,23,4,4.6,4
Black,7.2,6.4,47,78,211,85,1,3.7,33
Sandy,7.0,7.3,103,111,21,45,3,0.3,33
Loamy,5.9,3.9,45,134,204,31,1,2.8,63
Clayey,5.0,7.7,192,140,181,45,1,5.0,22
Black,7.2,7.1,15,120,68,54,5,1.1,30
Sandy,6.6,3.1,140,47,109,25,5,3.1,0
Loamy,7.6,2.1,74,43,270,20,2,1.4,34
Clayey,6.6,4.0,133,35,41,76,2,1.9,30
Black,7.9,3.8,195,146,231,34,4,0.3,41
Sandy,6.7,5.0,126,68,253,76,2,3.5,20
Loamy,6.7,5.1,195,107,191,40,2,3.9,48
Clayey,8.0,6.2,27,101,110,74,4,3.9,0
Black,6.1,4.6,160,48,182,20,3,4.9,28
Sandy,5.0,1.7,105,101,25,89,4,4.2,0
Loamy,4.6,7.0,166,6,263,47,4,1.1,50
Clayey,7.5,3.2,160,40,178,11,3,1.2,26
Black,7.0,7.8,137,59,142,63,4,3.9,29
Sandy,7.3,1.8,45,118,207,16,5,3.9,0
Loamy,5.4,7.7,79,91,33,58,2,0.7,56
Clayey,5.0,1.6,104,73,89,49,4,0.1,22
Black,4.6,2.6,143,115,158,54,1,2.1,48
Sandy,5.9,1.3,171,84,98,63,2,3.5,21
Loamy,6.9,5.9,53,44,99,70,5,4.3,16
Clayey,6.1,7.0,53,28,165,13,5,0.9,23
Black,6.2,4.0,36,121,244,43,4,4.1,30
Sandy,8.1,7.5,109,108,246,17,3,3.5,5
Loamy,5.9,5.1,61,66,199,41,1,0.9,74
Clayey,6.6,5.4,179,11,43,27,4,4.4,0
Black,7.6,6.9,34,42,118,49,3,4.7,5
Sandy,6.1,3.1,83,123,289,84,5,1.4,18
Loamy,7.0,3.5,48,90,113,65,2,0.8,48
Clayey,7.9,7.3,176,90,299,46,5,4.8,0
Black,8.3,7.3,149,95,288,64,4,0.2,45
Sandy,5.1,7.8,148,125,166,45,3,4.7,10
Loamy,8.2,7.3,122,101,41,19,4,1.2,33
Clayey,6.5,1.9,12,107,21,79,5,2.2,3
Black,5.5,6.8,124,5,122,89,1,1.6,53
Sandy,6.3,3.9,31,49,55,72,5,0.9,8
Loamy,8.4,7.9,13,68,293,43,4,1.8,37
Clayey,6.5,4.3,145,139,70,81,3,2.7,31
Black,5.8,4.9,23,74,162,26,4,0.6,40
Sandy,7.0,4.7,23,79,36,70,2,4.1,5
Loamy,5.5,3.3,25,77,96,87,2,4.0,15
Clayey,4.8,1.5,169,77,297,27,3,4.0,0
Black,5.0,7.3,73,59,142,70,5,3.5,21
Sandy,5.0,6.6,25,50,193,45,4,2.3,17
Loamy,5.1,2.0,61,101,151,62,2,4.2,28
Clayey,5.1,6.4,28,141,282,42,1,4.3,20
Black,7.1,5.4,78,19,290,32,2,1.5,58
Sandy,5.2,3.9,149,148,227,73,5,2.5,11
Loamy,5.9,2.8,102,29,245,47,3,1.1,68
Clayey,8.1,7.0,14,103,208,78,1,1.4,22
Black,6.4,5.9,51,81,163,88,4,1.3,43
Sandy,7.2,4.8,26,11,270,39,4,4.2,1
Loamy,5.2,5.3,120,38,264,25,3,1.3,55
Clayey,5.3,1.6,81,62,37,63,1,2.8,23
Black,4.7,4.3,113,82,222,68,1,3.2,48
Sandy,5.2,2.4,103,27,223,15,1,3.7,15
Loamy,5.6,2.5,19,149,21,14,3,0.2,27
Clayey,5.2,5.6,25,145,73,10,3,2.4,12
Black,4.9,7.4,153,126,185,23,4,1.5,32
Sandy,5.0,3.8,51,31,162,40,2,4.2,7
Loamy,6.3,2.5,12,70,111,60,5,0.3,37
Clayey,5.3,5.5,160,105,27,88,4,1.1,23
Black,6.0,7.1,130,136,271,28,1,1.6,70
Sandy,6.5,6.2,165,98,119,41,2,0.5,48
Loamy,7.3,7.1,182,71,58,66,5,2.0,48
Clayey,4.7,4.8,33,146,155,40,1,3.7,14
Black,7.7,6.3,28,15,69,67,3,1.1,31
Sandy,7.0,2.0,84,44,102,35,2,3.8,5
Loamy,4.8,3.4,49,135,273,57,3,2.7,33
Clayey,8.0,3.7,55,5,215,50,5,1.8,12
Black,8.2,4.6,49,13,46,34,5,1.9,23
Sandy,4.7,7.5,71,116,96,56,1,0.7,26
Loamy,5.6,7.1,27,77,274,63,3,1.3,53
Clayey,7.7,1.9,149,128,40,66,4,3.7,0
Black,7.5,2.2,151,80,237,81,4,4.3,13
Sandy,5.2,3.5,91,133,64,70,3,1.4,23
Loamy,5.3,3.0,198,148,201,13,5,3.0,29
Clayey,6.0,5.3,117,98,163,40,2,0.3,57
Black,6.4,7.3,21,76,71,76,3,0.5,41
Sandy,7.0,7.7,113,50,270,50,1,4.8,22
Loamy,6.0,5.6,164,142,125,35,4,4.5,38
Clayey,6.4,6.9,143,106,218,77,1,0.5,55
Black,7.5,4.7,97,45,299,75,2,4.1,29
Sandy,4.6,2.5,124,26,167,28,4,0.6,4
Loamy,5.5,4.7,42,148,122,34,4,4.2,21
Clayey,7.4,4.9,127,87,21,56,4,4.6,7
Black,8.1,6.2,89,79,275,80,1,0.9,44
Sandy,6.5,2.5,187,18,79,17,5,0.8,15
Loamy,6.6,3.6,21,137,110,12,1,4.6,15
Clayey,4.9,3.5,104,15,120,42,5,1.6,13
Black,6.3,7.7,194,51,133,37,3,2.4,59
Sandy,6.6,4.1,62,14,281,31,4,1.6,27
Loamy,5.5,6.3,22,65,73,39,1,3.8,38
Clayey,5.6,6.3,131,115,207,56,2,1.1,50
Black,6.0,2.9,111,49,46,45,2,2.5,56
Sandy,4.6,5.0,140,51,259,68,5,4.3,0
Loamy,5.8,7.3,67,122,99,23,5,4.7,13
Clayey,5.3,4.3,13,145,209,82,4,1.8,17
Black,5.8,7.6,182,27,110,23,5,0.7,43
Sandy,5.0,2.5,75,40,54,88,2,4.1,0
Loamy,8.1,1.5,124,80,77,65,1,0.6,47
Clayey,6.9,7.2,45,113,208,33,1,3.9,26
Black,7.2,6.9,32,88,272,58,5,3.5,24
Sandy,7.7,7.9,28,84,55,52,5,2.9,0
Loamy,6.5,5.8,49,18,111,12,2,4.7,26
Clayey,4.8,7.6,81,70,75,32,3,1.7,22
Black,6.6,6.8,153,20,86,29,1,0.6,53
Sandy,6.8,6.9,67,47,188,24,5,4.9,0
Loamy,7.5,5.0,116,106,150,52,4,2.3,50
Clayey,6.2,3.7,27,117,185,89,5,2.2,14
Black,5.0,7.5,45,13,71,80,5,0.5,23
Sandy,5.6,4.0,161,86,171,42,1,3.7,27
Loamy,6.0,4.8,138,114,124,64,5,3.6,42
Clayey,7.1,4.1,10,102,111,50,4,0.8,19
Black,6.8,5.0,73,88,220,27,4,1.2,38
Sandy,5.9,4.3,71,47,238,12,4,0.2,28
Loamy,8.4,1.3,119,70,86,12,2,4.5,6
Clayey,6.9,7.2,173,136,188,25,4,1.3,27
Black,5.4,4.1,84,127,47,52,1,4.6,31
Sandy,4.9,5.1,155,113,51,32,3,2.9,14
Loamy,5.1,2.0,25,106,185,24,5,2.2,19
Clayey,5.5,1.0,26,139,155,82,5,0.1,0
Black,5.1,2.7,33,90,87,67,5,0.6,25
Sandy,5.2,5.9,107,88,173,49,4,0.9,32
Loamy,5.6,1.7,139,8,115,47,4,0.6,43
Clayey,5.2,7.4,147,128,216,15,4,1.4,30
Black,8.1,2.5,190,24,127,55,3,0.9,35
Sandy,4.8,2.4,188,39,65,15,3,3.4,0
Loamy,6.6,2.3,23,101,205,29,3,1.6,34
Clayey,6.1,1.1,121,18,102,28,3,3.6,10
Black,8.4,6.4,75,52,157,23,3,0.8,30
Sandy,4.9,7.1,91,33,256,74,5,1.1,5
Loamy,6.1,5.3,102,40,164,38,5,4.0,42
Clayey,8.4,2.3,190,46,297,40,3,3.2,14
Black,8.0,3.0,81,33,119,34,5,0.6,21
Sandy,7.8,4.3,110,139,33,80,3,4.8,0
Loamy,5.5,7.7,58,145,281,55,3,3.8,38
Clayey,5.2,2.7,99,145,66,61,3,2.8,18
Black,7.2,6.1,199,146,244,25,5,1.8,40
Sandy,8.2,4.1,46,138,163,20,2,0.6,12
Loamy,6.7,3.1,186,148,215,27,2,1.9,54
Clayey,6.8,4.2,170,45,276,65,2,1.7,50
Black,5.6,1.5,159,116,27,65,1,0.5,52
Sandy,7.6,6.6,79,89,297,66,2,3.9,9
Loamy,5.2,2.7,42,112,42,78,2,2.1,35
Clayey,5.8,6.1,37,148,103,75,2,4.5,7
Black,6.2,1.5,97,9,274,83,4,0.9,39
Sandy,6.5,7.7,13,14,43,25,3,1.7,20
Loamy,5.5,2.4,75,39,57,15,5,1.5,23
Clayey,5.0,7.2,86,35,240,61,4,4.3,11
Black,6.9,6.7,119,124,233,64,3,2.6,54
Sandy,5.7,7.8,58,83,104,85,2,0.8,19
Loamy,6.8,4.3,137,143,23,82,2,1.9,53
Clayey,5.1,6.1,148,13,214,58,4,4.7,13
Black,6.4,3.6,44,48,133,81,5,2.8,20
Sandy,6.6,2.3,176,120,234,65,4,0.3,26
Loamy,4.7,4.1,147,148,160,50,4,0.4,47
Clayey,5.8,2.2,83,124,186,80,3,1.3,27
Black,5.0,7.9,78,57,24,65,1,3.1,45
Sandy,4.8,1.7,160,69,146,72,5,1.3,0
Loamy,8.5,5.1,43,74,105,37,5,4.3,5
Clayey,5.8,5.4,133,50,105,84,4,3.2,21
Black,7.7,4.8,120,125,43,40,4,1.6,38
Sandy,5.5,5.6,41,125,64,64,2,2.0,28
Loamy,7.2,1.8,25,37,130,61,4,1.9,31
Clayey,7.5,4.9,77,85,204,83,3,1.6,28
Black,6.9,3.0,63,59,254,75,2,3.2,29
Sandy,6.4,7.6,133,102,176,55,1,1.1,57
Loamy,6.1,6.3,165,114,180,13,3,1.5,62
Clayey,5.9,7.8,121,129,219,31,5,0.5,45
Black,8.2,1.3,69,95,141,54,5,1.9,13
Sandy,7.8,3.0,87,42,243,37,3,0.4,18
Loamy,8.4,2.4,85,141,42,19,4,0.2,19
Clayey,5.0,1.1,69,41,216,75,4,3.3,0
Black,7.4,2.7,94,9,25,58,4,0.9,36
Sandy,8.3,5.8,121,86,108,89,5,0.3,3
Loamy,5.2,2.6,89,114,292,82,3,0.4,41
Clayey,4.8,4.6,127,144,284,60,4,1.1,30
Black,7.5,7.2,181,64,134,52,2,3.6,42
Sandy,6.8,5.9,11,10,143,15,5,0.2,0
Loamy,7.9,3.8,32,31,279,34,3,3.7,23
Clayey,5.1,3.6,55,59,188,13,3,3.0,8
Black,7.7,4.2,82,147,55,85,3,2.6,21
Sandy,5.3,2.2,63,68,248,33,3,4.6,0
Loamy,5.2,5.4,80,21,153,65,1,4.2,43
Clayey,5.2,3.5,134,7,263,64,2,2.2,43
Black,7.8,7.0,90,14,84,63,1,0.1,47
Sandy,7.2,6.3,18,67,256,12,4,3.6,0
Loamy,6.6,5.3,79,93,22,85,1,0.3,51
Clayey,5.9,3.5,181,89,56,56,1,1.5,53
Black,8.0,2.5,93,108,128,39,5,2.5,15
Sandy,6.1,6.4,83,141,269,85,3,0.6,34
Loamy,7.8,4.4,82,36,22,50,1,3.4,38
Clayey,6.3,2.6,21,7,254,64,3,1.7,35
Black,6.0,2.4,41,113,270,68,2,1.9,57
Sandy,6.4,2.2,171,144,162,49,1,3.3,35
Loamy,5.7,6.4,92,97,267,54,5,2.1,49
Clayey,7.5,2.6,42,107,75,31,5,1.2,10
Black,6.5,4.7,73,101,80,24,4,1.0,41
Sandy,5.4,4.2,57,72,87,26,1,3.6,8
Loamy,8.1,5.1,25,149,98,68,2,3.8,23
Clayey,6.0,7.1,187,136,215,34,3,1.1,55
Black,6.7,7.1,123,97,214,52,1,1.7,70
Sandy,8.1,4.2,160,21,42,73,4,4.8,0
Loamy,7.0,1.1,35,26,33,60,5,4.9,0
Clayey,5.0,4.0,63,15,28,70,1,3.0,27
Black,8.3,5.2,181,33,159,54,4,3.8,24
Sandy,7.0,4.9,46,24,261,12,2,3.8,7
Loamy,5.8,5.6,18,9,272,45,3,2.0,62
Clayey,5.1,2.1,22,38,246,88,2,0.3,19
Black,7.7,5.5,69,144,114,73,2,3.7,13
Sandy,7.0,2.3,115,32,198,37,3,0.8,28
Loamy,6.6,6.3,135,102,22,54,1,1.5,68
Clayey,8.1,3.4,89,10,203,30,3,1.6,24
Black,7.7,6.0,137,23,65,36,4,1.8,38
Sandy,5.1,1.3,139,16,160,85,2,2.4,16
Loamy,5.7,3.9,69,29,32,44,3,2.6,40
Clayey,5.5,5.9,194,17,205,57,5,2.5,30
Black,7.5,2.6,124,80,104,32,3,0.9,45
Sandy,4.6,6.6,52,7,62,73,3,3.3,0
Loamy,6.8,5.4,156,28,175,22,4,4.0,27
Clayey,7.5,5.1,133,12,203,39,2,2.4,46
Black,8.0,3.5,148,116,66,83,4,4.2,1
Sandy,5.9,4.4,56,124,225,29,4,2.3,23
Loamy,7.8,5.2,72,127,229,15,5,2.9,19
Clayey,4.9,4.3,144,94,294,28,4,0.4,20
Black,7.9,5.9,103,49,102,76,4,0.8,28
Sandy,5.0,4.0,132,5,116,83,5,3.9,0
Loamy,6.1,2.4,40,7,198,19,1,1.3,53
Clayey,7.7,2.5,64,69,167,65,4,0.6,11
Black,5.1,1.0,162,19,91,30,3,2.9,32
Sandy,5.4,3.1,39,54,236,65,4,0.6,18
Loamy,7.4,6.2,45,135,228,66,2,3.5,45
Clayey,7.4,6.6,59,147,143,11,3,3.5,4
Black,7.1,2.4,151,128,175,48,3,2.3,46
Sandy,7.3,7.7,38,41,52,70,1,3.5,17
Loamy,6.7,4.5,164,110,288,54,2,4.0,50
Clayey,5.5,7.4,126,107,235,37,2,1.1,50
Black,5.9,5.9,187,125,120,27,2,3.3,45
Sandy,5.2,6.1,45,103,199,23,4,3.5,0
Loamy,8.1,1.6,171,21,146,64,4,1.1,32
Clayey,6.8,2.5,30,52,188,68,3,3.7,5
Black,6.1,1.1,47,30,154,28,1,3.6,29
Sandy,6.3,6.0,84,26,112,50,4,0.9,32
Loamy,8.3,3.4,187,129,240,21,4,1.7,35
Clayey,5.1,6.5,135,68,174,29,1,4.7,15
Black,6.8,3.4,46,86,299,43,2,0.4,50
Sandy,6.5,6.7,129,72,218,45,3,1.2,50
Loamy,6.9,1.9,156,149,260,30,4,2.9,41
Clayey,4.6,2.2,127,143,117,65,1,4.8,1
Black,8.0,3.4,10,9,269,50,1,1.4,41
Sandy,8.2,3.9,177,125,124,50,2,4.1,3
Loamy,6.8,3.4,64,61,280,52,5,1.9,42
Clayey,7.3,6.3,163,78,148,81,5,1.8,18
Black,8.2,1.7,180,89,278,47,5,5.0,0
Sandy,7.3,3.5,68,124,159,27,5,4.1,0
Loamy,5.1,6.9,60,18,34,17,4,1.3,34
Clayey,6.8,1.5,116,76,203,75,1,1.0,34
Black,6.9,7.6,152,133,35,29,3,0.5,43
Sandy,6.2,7.9,17,148,240,78,4,2.5,17
Loamy,7.4,1.6,103,30,82,66,5,1.7,37
Clayey,8.2,3.0,151,53,260,27,3,2.0,19
Black,8.2,3.6,106,107,298,69,3,2.2,43
Sandy,6.3,6.4,16,70,276,11,5,5.0,0
Loamy,5.0,5.2,27,57,204,51,3,0.1,53
Clayey,8.4,5.5,21,13,95,73,4,2.2,0
Black,7.9,6.3,11,73,46,53,2,0.4,35
Sandy,5.0,1.8,187,44,44,60,4,3.4,4
Loamy,8.2,6.8,102,137,81,74,4,0.3,33
Clayey,8.0,5.9,158,60,165,74,2,3.9,8
Black,6.6,5.0,16,115,252,63,5,4.4,12
Sandy,6.9,7.2,21,9,103,48,5,4.9,0
Loamy,6.1,5.9,93,73,194,17,2,0.7,62
Clayey,4.7,2.4,66,56,189,76,4,4.9,0
Black,5.8,4.0,87,77,23,85,1,2.1,53
Sandy,7.7,4.5,83,102,69,58,3,3.2,4
Loamy,4.5,1.4,32,19,289,45,3,0.1,33
Clayey,5.8,7.7,39,69,27,16,3,1.9,27
Black,6.1,1.9,120,75,88,24,1,1.8,53
Sandy,6.6,5.9,67,115,158,34,4,2.6,18
Loamy,8.2,4.5,104,10,267,66,5,0.7,45
Clayey,5.9,1.2,61,144,48,47,2,3.5,18
Black,5.9,7.5,65,81,202,46,3,3.0,52
Sandy,7.5,7.0,19,119,232,25,1,1.1,27
Loamy,6.3,4.7,156,117,38,10,2,4.9,34
Clayey,5.4,2.6,156,81,245,56,4,0.1,32
Black,6.3,1.9,117,134,249,61,1,1.7,70
Sandy,5.1,3.5,96,99,115,46,1,1.4,33
Loamy,5.2,2.8,196,65,134,54,2,2.8,48
Clayey,6.5,4.5,181,143,199,23,2,4.5,22
Black,6.2,7.8,196,105,97,66,3,3.3,50
Sandy,8.2,5.0,93,38,295,43,4,0.3,20
Loamy,5.9,7.2,13,99,201,75,2,4.3,34
Clayey,6.8,5.6,106,107,114,40,3,1.4,38
Black,7.0,4.3,121,12,105,53,3,0.6,53
Sandy,4.6,7.0,150,140,114,32,2,2.2,26
Loamy,7.2,4.3,76,102,164,75,1,4.5,30
Clayey,5.2,7.1,149,147,267,20,1,0.3,45
Black,8.3,3.0,102,9,200,58,1,3.2,39
Sandy,5.1,1.9,192,141,38,87,3,1.7,13
Loamy,6.2,7.0,198,105,157,67,1,3.2,70
Clayey,4.8,5.1,104,50,63,38,4,1.4,23
Black,8.5,7.2,50,108,245,60,1,4.8,22
Sandy,6.5,7.6,173,84,56,10,1,0.7,43
Loamy,6.9,1.4,11,122,239,14,3,0.9,31
Clayey,4.8,4.5,31,9,147,43,5,0.3,7
Black,7.5,3.6,159,59,162,87,4,4.0,17
Sandy,5.3,5.4,50,23,202,28,3,0.6,20
Loamy,8.1,6.6,104,149,62,49,4,1.5,43
Clayey,5.3,3.0,125,92,229,75,4,1.1,24
Black,5.3,4.9,129,121,67,73,1,1.8,53
Sandy,4.6,6.0,23,43,239,81,4,3.9,0
Loamy,6.4,1.9,102,129,215,26,1,4.8,37
Clayey,6.8,6.7,44,31,191,47,4,4.4,2
Black,4.8,5.2,187,80,256,52,5,4.2,18
Sandy,7.6,7.6,18,131,194,49,4,2.1,7
Loamy,6.3,3.4,127,126,51,54,2,4.0,48
Clayey,6.6,1.8,105,91,243,49,1,3.9,26
Black,6.3,4.5,68,72,73,80,5,1.3,35
Sandy,6.1,1.6,65,15,205,39,1,1.4,41
Loamy,6.7,7.8,19,86,253,44,5,2.5,37
Clayey,5.1,1.3,34,68,250,75,1,4.8,0
Black,5.2,6.3,182,123,129,53,2,0.6,58
Sandy,7.9,4.7,20,89,119,13,2,4.9,0
Loamy,8.3,3.6,110,61,219,73,5,0.9,30
Clayey,6.0,1.5,18,41,230,14,3,2.5,16
Black,5.6,5.4,144,125,240,57,1,1.6,70
Sandy,7.1,5.1,80,34,169,75,3,2.2,18
Loamy,6.1,3.0,171,149,182,36,4,4.8,33
Clayey,4.6,7.4,92,148,162,33,2,3.2,20
Black,5.1,3.1,29,147,277,65,1,1.6,52
Sandy,7.4,4.1,123,145,264,54,2,3.2,33
Loamy,7.1,4.8,98,7,169,77,4,2.3,39
Clayey,4.6,1.7,14,28,131,37,5,4.7,0
Black,5.4,7.5,121,63,118,14,1,1.8,53
Sandy,5.4,3.6,64,59,122,56,1,3.0,20
Loamy,7.2,1.6,98,69,230,14,1,4.3,26
Clayey,4.6,3.7,24,64,31,14,5,4.8,0
Black,4.9,5.2,185,70,245,57,2,4.0,35
Sandy,7.7,4.6,13,63,167,82,5,4.7,0
Loamy,5.2,5.9,87,57,198,56,2,2.4,57
Clayey,7.1,1.4,129,68,26,71,1,3.8,9
Black,5.5,3.0,122,125,171,36,5,0.6,41
Sandy,4.9,6.7,30,123,89,13,4,3.0,0
Loamy,5.5,1.6,146,34,72,58,5,0.2,37
Clayey,7.4,7.0,75,22,181,74,2,1.4,30
Black,7.9,1.6,116,9,112,89,1,3.4,18
Sandy,7.8,6.8,172,73,170,70,2,0.9,32
Loamy,6.1,3.5,121,140,77,29,3,1.1,53
Clayey,7.2,5.3,126,141,215,17,1,0.4,45
Black,5.3,2.1,188,124,227,22,4,3.8,18
Sandy,5.7,1.5,137,146,81,82,4,2.3,4
Loamy,8.1,2.5,111,145,214,46,3,4.5,22
Clayey,4.6,1.9,87,22,74,52,2,1.9,17
Black,4.8,3.2,46,72,68,65,4,2.2,20
Sandy,5.3,4.6,15,118,125,59,2,2.5,20
Loamy,4.6,5.1,91,26,97,29,1,4.3,20
Clayey,5.2,6.5,95,24,76,57,5,1.5,23
Black,6.8,5.6,91,147,188,28,1,0.4,52
Sandy,6.2,5.3,60,11,226,78,2,3.2,24
Loamy,8.1,3.9,75,102,279,26,3,4.1,13
Clayey,7.8,4.3,105,109,295,37,1,2.8,37
Black,5.9,3.9,154,34,182,45,4,1.7,58
Sandy,5.5,6.9,74,9,263,47,1,3.2,31
Loamy,6.0,2.6,18,133,269,79,1,5.0,24
Clayey,6.9,1.0,150,24,58,35,1,2.9,27
Black,5.6,5.6,110,87,140,88,3,1.6,43
Sandy,7.0,2.4,195,68,105,10,2,1.3,20
Loamy,6.1,7.2,167,122,118,11,3,5.0,28
Clayey,6.7,7.0,40,33,265,45,4,4.3,6
Black,6.2,1.5,160,106,227,65,2,1.5,64
Sandy,5.7,1.7,72,142,132,44,4,1.4,11
Loamy,8.3,4.5,165,35,102,36,2,4.0,33
Clayey,7.6,5.3,68,79,84,76,2,5.0,0
Black,5.1,2.9,19,34,20,65,1,2.4,39
Sandy,8.0,6.0,98,84,193,55,1,1.2,32
Loamy,6.4,5.2,133,62,269,29,3,1.2,65
Clayey,8.1,3.3,109,61,245,17,2,4.0,4
Black,7.7,1.2,99,91,103,81,4,3.1,0
Sandy,6.2,6.3,35,127,258,35,1,3.2,37
Loamy,4.6,2.5,86,101,47,83,4,1.1,19
Clayey,5.6,6.8,26,119,202,71,1,0.7,33
Black,6.7,3.9,177,41,154,42,2,0.2,58
Sandy,7.0,5.0,77,62,76,70,4,4.6,0
Loamy,5.5,7.1,32,32,134,29,3,1.8,37
Clayey,5.1,7.0,172,41,205,77,3,3.8,17
Black,7.8,3.6,18,10,20,38,3,4.4,1
Sandy,8.4,2.5,54,66,48,55,1,3.0,6
Loamy,6.6,6.4,174,37,251,46,1,2.2,73
Clayey,5.2,4.0,156,93,169,62,3,0.3,39
Black,5.6,2.3,84,82,209,14,4,1.8,30
Sandy,4.6,7.3,36,44,289,75,1,1.7,19
Loamy,8.2,2.4,150,123,267,24,3,2.9,28
Clayey,5.0,1.2,194,46,214,55,1,3.8,25
Black,6.8,1.1,197,141,274,66,5,3.6,22
Sandy,5.6,5.4,149,22,98,17,4,4.4,0
Loamy,6.7,5.6,18,19,117,46,2,0.3,50
Clayey,7.1,3.2,101,136,169,66,4,3.1,20
Black,7.8,3.2,86,38,293,23,2,1.0,33
Sandy,5.3,3.4,93,66,142,14,3,4.9,0
Loamy,4.5,5.8,86,42,117,82,1,2.1,41
Clayey,5.0,1.4,164,75,183,52,3,3.2,19
Black,8.1,7.5,38,27,65,58,2,1.8,37
Sandy,8.0,2.6,159,130,258,53,5,1.2,12
Loamy,6.9,8.0,82,24,249,65,2,3.5,49
Clayey,6.9,2.2,97,57,263,57,1,4.7,14
Black,7.2,6.4,115,134,37,39,5,0.4,43
Sandy,5.2,2.6,156,25,190,42,1,4.1,18
Loamy,8.2,1.6,47,80,176,46,5,1.8,21
Clayey,6.2,7.1,104,46,223,59,1,0.7,65
Black,6.0,7.0,48,61,165,16,2,3.6,36
Sandy,6.6,3.8,152,126,162,76,2,0.5,28
Loamy,4.7,5.9,63,95,206,52,2,3.7,35
Clayey,5.2,4.9,169,116,141,49,2,2.2,41
Black,7.5,7.0,119,14,119,41,5,0.9,43
Sandy,4.8,3.2,121,76,34,64,4,0.9,12
Loamy,6.9,4.7,183,65,62,86,4,3.8,25
Clayey,5.5,4.4,198,25,206,85,3,4.2,13
Black,6.1,3.5,61,125,27,18,4,3.5,20
Sandy,5.7,7.2,171,90,131,18,3,3.6,7
Loamy,5.9,2.2,44,145,52,73,2,4.3,21
Clayey,7.4,2.0,46,52,109,54,1,2.2,27
Black,5.7,5.0,87,13,168,70,4,0.9,46
Sandy,6.8,5.6,70,117,231,79,4,1.9,17
Loamy,6.4,2.4,120,124,135,47,2,4.9,36
Clayey,7.2,3.7,123,44,192,84,2,2.3,30
Black,8.2,7.6,186,80,39,55,4,4.6,12
Sandy,7.4,2.7,18,68,151,79,2,3.5,0
Loamy,5.4,5.7,28,98,256,73,4,3.7,21
Clayey,4.6,6.2,130,74,96,44,1,1.0,38
Black,5.5,4.1,114,68,242,21,1,1.9,60
Sandy,6.9,7.6,165,29,145,57,3,3.7,16
Loamy,4.7,6.2,89,142,58,72,4,3.3,14
Clayey,6.5,4.2,35,40,228,54,1,4.3,31
Black,6.9,5.0,175,143,125,15,1,1.1,53
Sandy,5.8,5.8,49,25,159,54,5,3.8,9
Loamy,7.6,5.1,34,72,268,41,1,0.3,54
Clayey,4.9,7.2,108,45,74,77,3,1.6,18
Black,4.8,3.5,127,19,137,12,1,3.2,26
Sandy,7.4,3.1,78,27,195,11,2,4.9,0
Loamy,6.5,2.5,80,138,232,29,5,4.9,11
Clayey,7.3,1.3,160,116,284,48,4,2.3,25
Black,6.2,1.3,98,56,159,21,3,3.8,22
Sandy,5.5,7.1,74,141,292,70,1,3.0,33
Loamy,7.8,5.7,159,119,41,45,4,3.6,27
Clayey,7.7,5.6,73,48,206,18,1,3.7,11
Black,7.3,5.3,67,12,226,53,5,2.8,34
Sandy,5.6,6.9,165,103,166,84,4,4.1,1
Loamy,6.9,4.4,121,55,173,62,2,3.0,57
Clayey,5.9,7.1,132,103,127,39,2,0.6,53
Black,4.9,3.5,106,125,170,75,4,4.9,0
Sandy,8.2,7.5,115,94,194,47,2,1.6,32
Loamy,5.0,5.9,13,34,74,47,3,4.8,17
Clayey,8.3,2.8,138,143,286,42,5,1.5,18
Black,6.3,4.9,35,35,173,80,3,4.3,23
Sandy,5.2,4.7,42,144,209,64,4,3.5,10
Loamy,6.7,2.0,36,71,168,85,3,1.8,32
Clayey,8.0,5.1,51,121,27,32,5,4.7,0
Black,7.4,3.2,80,9,167,79,5,3.0,14
Sandy,7.7,1.4,73,81,192,23,4,4.2,0
Loamy,7.1,7.6,34,16,100,58,3,4.0,27
Clayey,7.3,5.5,81,63,98,54,5,0.3,22
Black,7.9,7.1,114,69,79,86,4,1.4,28
Sandy,5.5,5.7,141,56,114,36,5,2.4,19
Loamy,6.5,3.5,21,47,147,84,1,4.7,24
Clayey,5.4,4.6,67,87,141,76,1,0.4,30
Black,8.5,5.7,104,97,106,58,5,1.0,33
Sandy,8.3,7.7,148,67,100,11,4,3.2,0
Loamy,4.7,2.8,110,115,41,69,1,3.3,38
Clayey,7.3,7.1,117,54,271,75,5,0.9,25
Black,8.2,7.5,68,116,209,68,2,4.7,20
Sandy,5.2,5.7,126,43,105,69,3,1.0,33
Loamy,6.8,7.5,173,84,27,31,5,1.0,48
Clayey,8.2,3.8,118,21,249,55,1,3.2,29
Black,4.6,7.7,31,47,171,62,5,2.2,24
Sandy,7.3,5.9,74,53,297,28,4,0.2,18
Loamy,5.7,1.3,59,9,34,58,1,4.6,21
Clayey,8.2,7.3,13,133,267,89,4,0.5,7
Black,8.4,4.4,189,71,274,26,4,0.9,35
Sandy,8.3,4.2,111,116,186,36,4,4.5,0
Loamy,6.4,5.0,52,28,100,28,5,1.4,39
Clayey,7.9,2.0,114,33,88,39,1,4.1,8
Black,7.9,4.3,183,147,202,87,4,0.9,35
Sandy,5.8,6.8,13,136,83,55,2,0.3,35
Loamy,7.8,1.1,150,48,283,73,3,1.3,33
Clayey,4.6,2.9,175,69,105,41,5,3.7,0
Black,6.9,1.0,182,124,63,62,2,3.3,33
Sandy,5.4,3.9,162,130,168,32,1,1.6,43
Loamy,5.0,6.1,76,35,279,45,3,3.2,46
Clayey,4.8,6.6,64,14,78,19,4,3.4,0
Black,7.3,7.6,105,15,113,68,2,2.9,49
Sandy,5.9,5.3,176,86,24,38,2,4.7,21
Loamy,7.4,2.8,74,28,102,20,4,4.0,9
Clayey,4.8,7.5,84,43,56,47,4,4.1,0
Black,5.8,6.4,139,123,46,88,2,2.2,56
Sandy,6.7,5.0,129,80,32,41,1,3.5,28
Loamy,7.7,5.9,95,54,84,61,5,1.0,33
Clayey,5.8,7.5,71,11,222,10,1,1.6,48
Black,7.0,6.0,183,104,199,23,1,2.6,51
Sandy,8.0,3.6,121,85,290,12,5,4.1,0
Loamy,7.0,6.0,168,72,34,39,1,1.8,68
Clayey,5.4,1.3,172,41,20,40,3,2.3,23
Black,4.6,3.7,135,87,290,10,4,4.8,3
Sandy,8.0,3.8,182,58,67,55,2,1.5,24
Loamy,4.6,2.2,86,94,201,23,5,3.1,9
Clayey,8.0,1.2,191,35,202,45,1,0.6,33
Black,6.6,1.9,131,104,233,55,2,2.1,54
Sandy,8.3,5.6,166,97,46,64,3,1.7,23
Loamy,7.7,6.6,17,93,245,45,1,0.2,52
Clayey,8.5,7.9,63,127,177,52,1,3.0,24
Black,5.9,3.4,144,122,79,52,1,1.7,68
Sandy,7.6,5.2,92,51,85,24,3,1.3,8
Loamy,6.1,7.6,112,7,193,47,4,4.5,42
Clayey,6.4,2.2,160,22,71,53,2,1.2,44
Black,7.0,6.0,109,62,262,64,1,2.1,69
Sandy,8.0,6.3,41,75,263,64,1,4.8,2
Loamy,8.4,1.6,71,85,140,87,3,0.5,20
Clayey,7.6,7.0,182,56,61,67,3,4.7,1
Black,6.2,6.7,39,47,203,66,2,2.0,64
Sandy,6.2,1.2,115,71,64,65,2,4.0,16
Loamy,7.5,1.6,48,93,71,11,1,1.8,37
Clayey,5.5,1.3,142,139,170,43,1,2.1,39
Black,4.9,3.3,31,115,48,58,1,2.2,34
Sandy,5.9,4.6,165,87,76,73,1,4.7,16
Loamy,5.6,4.7,159,83,294,17,1,2.8,57
Clayey,5.7,2.9,137,89,228,78,3,1.2,28
Black,5.4,7.4,38,25,27,67,4,3.1,26
Sandy,4.7,3.6,180,126,266,52,2,4.5,5
Loamy,4.6,1.3,51,32,214,71,3,1.2,24
Clayey,8.5,3.1,69,36,47,61,5,1.8,4
Black,6.2,4.7,128,58,254,42,5,2.9,51
Sandy,6.0,3.9,86,127,149,29,5,4.9,0
Loamy,7.2,2.9,196,91,95,89,2,2.4,42
Clayey,5.4,1.9,105,44,252,68,1,3.0,35
Black,8.3,6.7,95,74,249,69,5,0.8,35
Sandy,7.6,8.0,121,28,208,72,5,3.8,0
Loamy,4.9,3.3,93,78,21,65,4,1.2,32
Clayey,6.2,3.7,15,147,84,46,3,1.7,31
Black,8.0,5.3,82,102,71,69,2,3.6,26
Sandy,8.3,6.0,165,76,53,60,2,3.6,12
Loamy,6.4,3.7,86,31,259,38,4,1.7,60
Clayey,7.0,7.3,40,93,148,18,5,4.3,0
Black,5.2,4.9,48,135,262,49,4,4.0,25
Sandy,8.5,4.2,59,25,117,77,1,3.1,3
Loamy,5.4,5.5,87,125,95,52,5,1.0,42
Clayey,8.3,7.7,135,43,238,85,2,4.5,5
Black,7.1,6.6,174,36,120,32,3,2.7,46
Sandy,6.9,1.3,118,89,138,17,4,1.9,6
Loamy,6.6,3.3,97,13,159,83,4,4.6,10
Clayey,5.4,4.3,24,54,244,73,2,4.9,0
Black,5.2,3.2,60,5,274,32,5,3.6,19
Sandy,5.4,5.9,32,8,92,65,5,4.0,0
Loamy,5.2,6.8,162,8,175,23,5,1.3,42
Clayey,7.6,6.1,183,94,278,89,3,1.4,25
Black,5.9,7.9,160,19,83,26,3,2.9,44
Sandy,4.7,2.9,19,113,55,29,5,4.9,0
Loamy,8.4,7.1,82,36,267,21,3,3.7,22
Clayey,8.0,6.4,122,67,63,82,4,3.8,0
Black,8.2,3.5,86,112,138,81,5,1.4,12
Sandy,8.5,6.1,41,112,200,50,3,2.2,14
Loamy,5.2,1.7,122,18,89,41,4,1.8,43
Clayey,6.1,6.5,188,27,286,46,4,1.6,50
Black,7.5,4.7,178,115,238,27,3,3.7,33
Sandy,7.3,3.0,74,69,209,38,5,0.6,17
Loamy,5.1,5.6,110,45,275,16,5,0.9,45
Clayey,7.8,5.5,177,30,206,49,3,2.1,34
Black,5.4,2.5,27,52,246,15,3,1.6,30
Sandy,5.4,1.2,173,148,80,29,1,4.5,0
Loamy,6.6,4.0,40,36,187,64,4,1.1,43
Clayey,6.9,5.0,63,142,151,65,5,1.3,24
Black,6.8,7.1,72,86,174,82,2,1.0,45
Sandy,4.9,7.5,10,113,291,62,4,4.3,0
Loamy,8.0,4.7,189,7,229,82,5,1.1,35
Clayey,5.6,6.3,194,66,26,81,1,1.8,38
Black,5.0,4.1,18,83,30,42,4,3.4,21
Sandy,8.1,6.2,129,14,219,31,4,0.5,25
Loamy,8.3,2.4,101,146,270,59,5,4.1,16
Clayey,7.9,3.6,99,140,83,36,2,3.6,7
Black,7.7,5.4,125,127,199,57,3,1.4,47
Sandy,7.1,1.1,65,106,147,75,2,2.0,8
Loamy,6.7,6.1,184,147,281,22,1,3.1,54
Clayey,4.8,6.8,12,114,139,11,4,4.7,0
Black,6.1,3.8,139,147,67,55,5,3.2,37
Sandy,6.0,4.1,63,74,88,80,4,1.3,20
Loamy,5.5,7.0,46,58,281,20,3,2.5,40
Clayey,7.4,6.4,193,80,249,35,2,2.3,47
Black,6.5,3.0,168,44,271,72,2,2.7,52
Sandy,4.8,3.3,106,31,250,58,1,2.6,28
Loamy,5.4,5.8,21,78,243,72,5,1.9,33
Clayey,7.2,4.9,195,47,226,30,3,4.4,20
Black,4.8,2.1,121,50,47,58,3,1.7,34
Sandy,7.9,3.2,163,146,238,88,5,2.7,0
Loamy,6.5,7.3,87,68,120,89,1,1.4,62
Clayey,6.4,5.8,149,102,77,18,3,2.2,36
Black,6.9,7.9,99,130,43,30,1,3.4,44
Sandy,7.8,6.4,153,62,246,62,5,3.8,2
Loamy,5.9,7.6,190,33,188,64,5,4.1,41
Clayey,7.2,2.5,81,31,265,50,5,3.7,4
Black,6.8,6.4,186,71,231,15,3,2.4,46
Sandy,5.6,1.1,186,118,285,10,5,0.3,8
Loamy,8.0,5.7,101,82,40,73,3,2.7,31
Clayey,7.7,4.3,16,94,143,14,1,0.4,15
Black,7.1,3.4,24,135,116,35,4,4.8,3
Sandy,7.9,7.0,114,46,157,10,1,2.0,27
Loamy,8.0,7.0,173,17,112,10,3,2.6,32
Clayey,7.3,1.2,81,33,114,47,2,0.7,25
Black,7.8,5.3,83,13,43,50,2,5.0,12
Sandy,7.3,3.6,152,36,155,37,4,2.5,22
Loamy,7.2,3.9,71,90,152,14,5,1.6,31
Clayey,7.0,6.8,155,62,73,30,1,1.0,48
Black,7.5,3.2,55,61,131,72,1,3.3,25
Sandy,5.1,7.6,114,142,150,21,3,2.2,21
Loamy,8.0,2.3,118,29,297,15,4,1.7,31
Clayey,8.0,5.6,70,80,283,38,5,0.1,17
Black,4.6,5.7,130,119,97,70,4,0.3,38
Sandy,7.8,2.8,52,135,282,44,2,3.5,4
Loamy,5.0,3.3,181,87,87,84,4,2.5,32
Clayey,5.8,6.8,108,17,81,61,5,4.3,15
Black,7.5,6.3,64,139,194,42,5,3.8,21
Sandy,5.1,3.3,176,26,299,34,1,2.9,35
Loamy,7.8,4.7,142,88,255,23,1,2.8,47
Clayey,7.8,1.4,194,111,155,62,5,3.8,0
Black,6.5,2.5,121,27,243,70,1,3.7,55
Sandy,4.5,4.4,152,18,108,22,1,1.7,23
Loamy,5.6,1.6,100,98,126,24,1,0.6,42
Clayey,7.0,6.9,25,91,60,64,5,3.9,0
Black,8.4,6.0,66,115,205,62,1,1.2,52
Sandy,7.0,7.6,111,56,207,81,2,4.0,15
Loamy,5.5,5.9,34,87,28,56,5,3.1,26
Clayey,7.0,7.6,31,45,199,54,4,1.9,26
Black,6.7,4.9,168,10,205,84,3,4.3,27
Sandy,7.6,5.2,132,142,101,73,3,3.5,0
Loamy,4.9,7.8,171,103,196,24,2,2.8,39
Clayey,7.5,5.5,96,89,113,30,5,1.6,23
Black,6.7,1.2,153,64,135,45,4,4.9,7
Sandy,8.4,6.1,196,34,179,79,5,4.2,0
Loamy,5.9,7.3,152,74,264,34,4,0.8,70
Clayey,7.0,6.6,91,9,232,53,4,4.1,14
Black,8.2,5.1,111,83,171,10,5,0.7,27
Sandy,4.9,5.7,150,47,185,51,1,1.3,37
Loamy,8.2,7.9,33,81,162,68,3,4.8,13
Clayey,7.3,1.6,150,10,44,42,1,4.4,13
Black,4.8,5.7,45,6,219,41,3,3.1,29
Sandy,5.7,3.0,58,21,252,75,1,3.5,10
Loamy,7.3,5.5,91,92,23,34,5,0.5,43
Clayey,4.8,5.3,57,16,192,49,5,1.7,13
Black,6.8,2.1,106,82,203,67,4,1.7,46
Sandy,5.9,2.4,111,11,270,84,2,0.3,37
Loamy,7.0,5.4,180,77,131,73,5,3.6,22
Clayey,4.7,1.9,15,82,149,28,3,1.6,0
Black,8.0,2.9,77,29,206,37,4,3.2,19
Sandy,8.4,6.8,23,57,48,83,3,0.2,1
Loamy,8.4,3.3,39,86,177,89,1,0.1,35
Clayey,7.5,4.4,119,85,254,51,2,0.9,50
Black,5.0,7.6,17,138,297,59,5,3.5,22
Sandy,7.5,2.6,191,80,121,85,1,3.1,14
Loamy,4.6,3.7,75,7,244,57,4,1.1,39
Clayey,4.6,5.2,141,39,294,66,3,2.7,28
Black,5.8,6.3,93,51,251,18,2,3.1,49
Sandy,6.5,7.3,197,97,293,39,5,4.7,13
Loamy,7.6,7.4,129,135,132,27,3,3.8,20
Clayey,7.2,6.4,62,63,158,54,5,0.8,24
Black,6.3,2.6,108,100,235,87,5,1.4,42
Sandy,5.6,1.2,83,22,293,75,3,2.1,11
Loamy,8.5,3.7,152,130,203,20,5,0.6,31
Clayey,6.2,2.0,109,81,213,81,4,2.8,23
Black,6.3,6.0,138,70,298,76,2,4.5,40
Sandy,5.2,5.6,159,24,291,24,1,1.6,40
Loamy,7.7,1.3,24,22,91,49,2,4.9,0
Clayey,7.3,6.9,31,76,215,22,1,1.3,34
Black,5.4,2.7,187,126,289,89,4,2.4,34
Sandy,4.8,4.0,57,70,259,42,2,1.8,23
Loamy,7.2,5.7,126,103,127,11,4,1.6,43
Clayey,7.1,4.0,82,30,119,43,3,2.0,29
Black,5.6,4.1,129,9,100,25,1,0.3,53
Sandy,8.3,1.5,188,84,289,23,3,2.7,2
Loamy,5.1,3.8,26,110,36,55,3,3.7,25
Clayey,6.2,6.4,115,15,212,59,2,4.3,37
Black,8.3,7.4,92,144,231,14,5,1.7,25
Sandy,6.2,3.9,113,134,145,52,5,2.8,21
Loamy,7.1,4.0,100,37,145,27,4,4.5,10
Clayey,6.1,5.9,188,28,149,57,2,4.0,33
Black,5.6,7.6,174,50,164,73,3,2.4,43
Sandy,8.4,2.9,58,22,275,35,4,0.9,9
Loamy,6.1,4.1,68,137,42,83,3,2.8,42
Clayey,8.1,6.6,147,12,233,79,4,4.9,0
Black,5.4,5.3,39,89,148,23,1,3.8,24
Sandy,5.4,1.8,94,115,31,75,4,4.3,0
Loamy,4.6,5.4,30,61,160,70,4,1.0,35
Clayey,7.1,2.3,43,9,287,82,3,4.5,0
Black,6.0,4.6,82,17,76,86,5,0.2,37
Sandy,8.0,4.7,107,87,105,30,3,4.3,0
Loamy,6.4,7.1,187,94,293,64,2,1.3,80
Clayey,8.4,4.2,85,73,122,11,3,3.2,0
Black,5.2,3.0,184,36,162,12,5,1.5,31
Sandy,8.0,2.6,94,106,195,22,2,0.8,9
Loamy,7.6,7.1,93,134,152,30,5,1.3,37
Clayey,7.6,2.2,143,73,283,42,2,2.4,27
Black,7.9,4.0,187,147,166,29,3,4.6,8
Sandy,7.5,2.3,118,76,31,27,5,2.0,4
Loamy,7.0,6.4,72,115,74,47,5,0.4,41
Clayey,5.0,4.3,21,69,249,34,1,0.2,43
Black,4.6,3.5,178,21,141,47,1,1.1,48
Sandy,8.2,3.5,168,84,252,24,4,0.4,10
Loamy,7.0,7.0,11,133,181,38,1,1.9,59
Clayey,7.7,4.9,153,7,101,73,5,2.0,8
Black,6.4,6.0,138,131,66,41,4,4.9,28
Sandy,5.0,7.3,141,132,179,81,3,1.6,27
Loamy,5.0,7.3,56,74,198,52,4,3.0,38
Clayey,7.2,3.3,61,56,227,22,2,4.1,5
Black,6.2,7.7,56,126,59,87,4,2.6,33
Sandy,5.3,1.2,108,7,233,34,1,3.5,23
Loamy,6.5,3.6,59,98,173,58,3,4.9,29
Clayey,4.8,7.3,54,51,185,17,2,1.7,18
Black,6.8,2.9,51,79,291,37,4,0.5,39
Sandy,5.6,2.9,193,95,43,20,3,2.2,14
Loamy,7.7,3.1,80,90,134,64,1,2.7,38
Clayey,5.7,5.3,66,10,279,19,3,2.9,18
Black,6.3,4.1,42,99,245,68,3,3.7,43
Sandy,4.5,6.1,165,65,121,74,2,4.5,0
Loamy,4.8,7.3,123,47,150,14,5,2.6,22
Clayey,6.1,5.7,53,60,283,89,1,0.8,46
Black,6.4,2.4,123,118,31,29,2,2.1,49
Sandy,6.9,7.5,65,51,200,14,2,0.9,24
Loamy,5.7,2.9,53,35,180,76,2,1.0,41
Clayey,7.3,2.0,105,106,133,39,5,0.1,19
Black,7.9,1.6,82,68,37,43,5,4.7,0
Sandy,7.6,4.9,43,94,123,10,4,3.8,0
Loamy,4.7,1.8,23,95,205,36,4,0.6,28
Clayey,6.4,2.0,166,50,112,72,1,4.6,13
Black,4.9,3.1,134,114,162,43,1,4.4,27
Sandy,5.5,3.0,88,99,162,41,5,4.6,0
Loamy,8.4,5.2,154,28,119,80,5,0.6,28
Clayey,5.1,6.7,92,93,81,55,5,0.5,23
Black,6.5,6.3,146,41,103,77,2,0.4,58
Sandy,7.0,2.8,36,33,295,66,5,4.8,0
Loamy,7.3,2.7,186,111,186,31,2,3.3,47
Clayey,6.7,7.8,174,134,148,38,2,1.0,43
Black,4.5,1.1,165,144,86,54,1,4.7,14
Sandy,5.8,7.2,59,137,66,54,3,2.3,31
Loamy,6.6,2.4,64,95,167,76,4,3.9,12
Clayey,4.9,7.6,141,60,269,30,4,3.2,18
Black,5.9,3.4,107,82,156,30,1,3.3,59
Sandy,4.6,4.1,156,75,114,69,1,2.3,30
Loamy,4.8,5.9,46,40,257,38,5,2.0,35
Clayey,6.1,5.1,141,78,54,42,5,0.9,38
Black,5.0,3.2,46,33,277,48,5,0.4,34
Sandy,6.8,4.9,188,84,289,71,2,4.6,9
Loamy,7.3,6.1,169,106,66,80,2,4.7,26
Clayey,7.7,1.3,182,37,113,54,5,3.2,0
Black,5.3,1.1,121,97,201,67,2,2.0,53
Sandy,5.2,4.2,21,116,209,82,1,0.2,28
Loamy,4.9,1.9,178,127,70,10,5,2.3,15
Clayey,7.0,5.7,65,145,225,20,4,3.3,9
Black,7.3,2.5,89,138,144,41,4,1.6,34
Sandy,4.6,4.0,23,12,231,83,2,1.8,10
Loamy,8.2,2.4,63,122,285,58,4,2.4,30
Clayey,4.7,4.8,74,13,154,85,5,2.5,0
Black,6.7,1.8,125,25,292,39,4,3.7,28
Sandy,7.3,1.2,67,133,297,69,1,2.5,25
Loamy,8.0,1.4,105,50,286,19,2,4.2,17
Clayey,7.4,7.7,30,66,298,85,4,2.5,13
Black,7.7,2.0,13,6,233,30,2,0.3,33
Sandy,5.9,6.0,82,108,81,15,1,0.8,37
Loamy,7.8,1.5,136,79,73,47,4,3.6,16
Clayey,4.8,1.8,55,105,131,67,5,2.3,0
Black,8.1,4.6,21,92,288,17,3,2.4,24
Sandy,6.7,4.3,137,132,126,79,4,4.9,0
Loamy,7.8,7.7,39,87,187,72,1,2.9,32
Clayey,6.3,7.6,103,9,93,43,3,0.7,48
Black,7.1,6.5,69,97,255,58,4,2.2,45
Sandy,6.6,5.2,109,43,111,49,2,2.9,29
Loamy,7.4,4.2,80,132,104,38,1,0.3,61
Clayey,4.8,3.5,90,70,94,18,4,1.9,2
Black,4.7,7.6,151,49,103,30,1,4.8,25
Sandy,5.5,5.2,120,79,264,41,5,3.8,12
Loamy,5.1,5.1,53,105,247,81,3,1.9,46
Clayey,8.0,2.6,117,145,102,64,3,1.4,20
Black,5.4,1.3,111,97,34,52,5,1.5,31
Sandy,8.4,7.6,163,123,200,19,3,4.2,0
Loamy,5.8,3.2,100,36,282,58,3,2.1,63
Clayey,5.2,4.1,118,113,97,22,5,4.2,0
Black,7.7,1.8,25,47,248,50,2,4.6,7
Sandy,7.1,6.9,119,140,252,88,3,2.4,26
Loamy,6.5,1.2,16,78,49,40,2,4.7,21
Clayey,6.7,6.8,169,143,174,41,1,1.6,52
Black,7.4,2.0,98,43,204,54,1,1.4,56
Sandy,5.4,7.2,104,30,274,22,3,0.6,30
Loamy,8.5,6.1,25,76,188,34,1,1.3,50
Clayey,8.4,2.2,114,106,100,77,5,3.9,0
Black,7.1,5.0,131,30,229,24,3,2.1,49
Sandy,5.3,3.2,98,36,278,73,5,0.8,9
Loamy,7.2,2.2,71,50,56,69,2,0.6,47
Clayey,4.8,7.0,39,139,73,17,4,2.5,0
Black,4.6,3.8,149,39,231,83,4,2.7,24
Sandy,5.5,3.8,76,26,119,26,3,4.0,0
Loamy,6.4,2.2,55,126,104,14,5,3.6,14
Clayey,8.0,3.7,52,7,232,22,4,0.9,7
Black,7.4,7.1,192,50,283,30,3,1.5,60
Sandy,7.5,3.5,54,12,105,53,4,3.5,0
Loamy,6.2,7.7,197,8,82,85,4,1.0,53
Clayey,5.9,7.6,89,19,211,62,1,4.0,39
Black,6.0,2.0,41,48,112,37,3,3.3,31
Sandy,8.5,2.2,17,124,272,75,4,2.7,0
Loamy,4.7,7.0,122,80,157,30,3,3.3,39
Clayey,8.0,3.7,71,116,68,66,1,0.6,27
Black,6.8,1.0,29,91,140,64,3,2.8,21
Sandy,6.3,2.9,155,22,58,11,1,2.3,33
Loamy,7.4,5.2,110,56,53,74,4,2.6,37
Clayey,6.4,6.6,15,58,285,86,4,1.8,27
Black,8.0,1.9,93,46,28,12,4,2.4,9
Sandy,8.1,1.8,117,97,207,68,1,4.4,6
Loamy,6.2,7.5,166,145,115,72,2,1.8,63
Clayey,5.6,6.3,13,36,152,14,1,0.3,29
Black,6.9,5.1,80,87,182,75,1,1.4,50
Sandy,8.1,6.4,180,85,158,27,5,2.3,4
Loamy,5.3,4.0,93,70,99,18,4,2.7,28
Clayey,7.0,6.3,171,86,110,31,4,2.2,31
Black,7.0,3.6,109,82,275,37,5,4.2,23
Sandy,7.4,2.7,80,58,167,69,2,4.6,2
Loamy,5.0,6.1,42,77,198,21,3,2.5,37
Clayey,7.4,3.9,152,18,276,46,4,0.5,36
Black,8.1,7.9,129,140,237,51,4,2.2,43
Sandy,5.2,3.4,177,39,286,63,1,1.0,45
Loamy,5.5,7.5,102,82,98,51,2,1.5,63
Clayey,8.4,7.5,142,56,186,76,2,4.2,5
Black,5.2,2.7,187,76,123,65,2,2.7,44
Sandy,7.9,6.6,108,140,234,55,2,4.2,13
Loamy,6.5,4.0,75,70,94,14,5,4.9,8
Clayey,5.5,7.4,63,85,244,65,1,2.8,39
Black,8.0,4.2,183,81,89,32,5,4.6,7
Sandy,6.3,6.2,89,122,209,71,5,3.4,10
Loamy,6.6,4.3,148,77,125,22,3,0.6,48
Clayey,5.9,2.6,133,31,89,68,1,2.1,49
Black,6.9,2.4,186,42,29,37,2,3.3,37
Sandy,5.2,4.0,160,144,233,15,1,3.6,21
Loamy,6.1,6.3,64,90,24,70,2,4.3,42
Clayey,8.4,5.2,14,105,47,70,3,3.2,2
Black,5.5,5.8,44,107,260,54,4,0.5,45
Sandy,7.1,3.0,102,35,255,21,5,0.8,14
Loamy,5.8,4.4,128,44,111,44,3,1.7,68
Clayey,7.6,1.3,63,77,57,71,5,1.5,0
Black,5.0,6.7,12,142,238,14,2,1.2,42
Sandy,8.4,7.9,15,134,171,75,2,3.1,0
Loamy,6.3,3.8,96,86,211,84,3,2.2,54
Clayey,5.4,1.1,119,36,140,77,4,3.5,0
Black,4.8,2.2,65,92,190,74,4,2.0,15
Sandy,5.2,5.6,11,106,129,89,5,1.4,0
Loamy,6.6,5.3,91,93,163,75,2,2.8,44
Clayey,5.8,6.5,103,93,85,50,2,0.6,53
Black,7.8,2.8,175,36,216,36,4,4.9,9
Sandy,6.2,6.3,193,58,65,85,2,3.3,25
Loamy,5.5,5.8,14,100,168,14,2,0.7,44
Clayey,7.0,3.3,183,118,79,14,3,3.1,11
Black,7.3,4.8,148,28,157,22,4,0.5,42
Sandy,5.2,2.0,147,34,109,89,4,2.6,2
Loamy,5.2,4.2,50,101,231,18,1,1.5,55
Clayey,4.6,7.2,125,59,188,57,4,3.5,12
Black,7.4,3.9,53,68,132,41,4,2.5,30
Sandy,7.2,6.9,99,37,85,45,1,4.0,18
Loamy,6.4,5.1,42,50,137,24,2,1.2,53
Clayey,7.9,2.3,65,37,244,18,2,3.3,0
Black,7.7,5.1,149,34,170,25,5,3.5,12
Sandy,6.8,4.5,11,83,186,15,2,2.4,15
Loamy,8.0,3.8,10,96,114,81,4,4.3,0
Clayey,5.3,1.8,130,100,279,42,5,0.8,25
Black,4.9,3.9,134,34,278,51,5,3.8,18
Sandy,5.6,1.5,42,110,139,68,2,0.7,17
Loamy,4.7,1.7,112,106,93,45,5,0.9,28
Clayey,6.6,3.9,45,144,115,43,1,1.1,34
Black,8.2,3.1,158,71,196,11,5,3.3,8
Sandy,4.7,7.5,93,147,46,22,3,3.2,0
Loamy,5.0,3.6,173,14,230,52,1,2.3,67
Clayey,6.3,6.3,35,90,276,83,4,1.6,29
Black,8.2,4.7,184,65,224,66,2,3.1,44
Sandy,5.8,5.9,138,27,85,16,2,0.8,38
Loamy,6.5,2.8,175,15,169,68,3,3.2,53
Clayey,4.7,7.6,151,20,186,68,2,0.2,37
Black,5.1,4.7,99,53,239,60,4,0.8,50
Sandy,8.4,6.8,55,114,277,12,5,3.6,0
Loamy,8.4,3.6,51,84,222,36,2,4.4,22
Clayey,4.5,1.7,144,146,259,87,4,0.5,10
Black,8.3,5.7,64,138,248,63,1,3.2,40
Sandy,7.1,1.1,65,149,175,73,4,0.4,2
Loamy,8.0,4.3,127,123,237,43,3,4.4,30
Clayey,6.3,2.3,85,46,214,32,4,2.0,35
Black,6.6,5.4,72,14,289,57,2,3.7,41
Sandy,6.5,7.9,161,53,35,64,5,0.9,33
Loamy,7.2,4.3,92,13,260,26,4,4.3,22
Clayey,5.1,6.7,108,6,271,88,3,2.2,33
Black,4.6,4.6,141,72,70,71,1,1.1,43
Sandy,5.7,4.5,51,56,47,70,3,2.9,15
Loamy,7.3,7.5,105,143,72,70,1,1.5,68
Clayey,5.3,7.2,119,41,135,53,4,1.5,33
Black,7.2,6.5,79,26,28,80,5,0.7,26
Sandy,8.4,3.1,37,9,30,12,3,1.1,0
Loamy,4.9,4.8,135,134,126,82,5,4.0,8
Clayey,7.2,2.6,101,137,277,76,4,2.7,15
Black,6.3,4.1,49,103,201,17,5,1.8,40
Sandy,8.0,4.4,188,107,189,35,5,4.7,0
Loamy,5.2,6.8,166,119,158,24,3,4.0,32
Clayey,7.3,7.3,51,8,130,14,4,1.6,14
Black,7.9,3.9,127,91,111,22,5,0.6,19
Sandy,8.3,1.1,14,50,239,88,1,1.0,5
Loamy,7.2,7.0,110,87,24,21,2,3.4,39
Clayey,6.5,2.2,178,54,39,72,1,2.9,30
Black,7.0,5.4,70,30,120,17,5,4.9,0
Sandy,8.0,1.2,192,75,176,83,4,0.2,0
Loamy,6.8,3.8,165,36,20,43,1,4.4,40
Clayey,4.6,7.9,50,115,231,81,4,0.2,10
Black,8.2,1.7,120,121,138,31,1,2.2,41
Sandy,7.3,4.0,18,101,279,59,4,4.6,0
Loamy,7.2,3.2,166,30,194,21,5,3.3,23
Clayey,5.4,7.3,175,92,153,31,3,3.0,32
Black,7.1,7.1,71,55,121,67,1,1.6,56
Sandy,6.1,2.7,63,91,81,28,4,4.8,0
Loamy,7.1,1.6,189,30,73,14,1,0.9,47
Clayey,4.9,5.4,113,128,26,25,4,1.4,13
Black,7.1,3.4,135,35,22,50,4,2.3,40
Sandy,8.5,5.7,43,130,168,83,3,0.7,7
Loamy,4.7,1.2,174,49,31,28,4,2.2,19
Clayey,8.4,1.9,186,35,123,74,1,0.3,18
Black,6.1,5.8,51,115,130,31,5,4.6,18
Sandy,8.0,2.5,23,65,282,26,2,1.7,5
Loamy,7.6,7.0,42,49,192,44,4,3.2,25
Clayey,6.8,1.4,127,64,114,48,2,4.4,8
Black,7.5,2.5,107,56,222,82,5,4.1,11
Sandy,8.0,8.0,101,56,64,64,2,4.4,3
Loamy,6.1,4.0,109,80,53,14,4,3.6,34
Clayey,5.8,5.9,96,66,230,82,1,1.0,50
Black,7.2,2.3,154,71,244,20,3,1.9,41
Sandy,7.7,5.3,133,83,283,87,4,2.6,9
Loamy,7.5,6.1,41,53,245,49,4,1.8,50
Clayey,7.7,3.2,110,92,123,13,3,4.8,0
Black,6.2,6.8,48,119,240,89,3,4.1,29
Sandy,7.8,5.2,103,48,142,67,3,4.0,3
Loamy,5.0,3.7,19,40,241,74,3,1.9,38
Clayey,6.7,4.9,161,26,62,73,3,3.8,10
Black,4.5,5.0,109,134,229,76,4,3.1,24
Sandy,5.8,2.2,67,11,30,43,2,1.9,31
Loamy,6.0,3.8,110,20,235,67,1,1.6,81
Clayey,6.1,3.4,73,98,183,76,4,4.0,5
Black,7.3,3.8,28,48,244,16,5,3.0,14
Sandy,6.1,6.3,110,114,244,44,4,0.3,45
Loamy,6.3,4.4,126,69,265,38,4,0.2,70
Clayey,5.5,7.6,145,77,165,34,2,4.2,25
Black,6.0,3.1,80,75,210,37,3,0.5,57
Sandy,5.4,3.9,49,78,280,78,5,2.6,0
Loamy,4.8,6.5,22,29,35,36,2,3.1,30
Clayey,6.9,4.8,110,86,213,83,1,4.6,19
Black,7.2,4.8,133,75,28,85,5,2.6,27
Sandy,7.0,1.4,164,61,21,17,5,1.1,2
Loamy,6.4,3.8,91,54,103,47,2,1.4,64
Clayey,6.0,2.9,97,79,228,18,5,0.3,23
Black,8.0,8.0,114,142,77,52,4,1.2,38
Sandy,6.6,3.2,139,45,125,34,4,4.1,1
Loamy,6.4,7.2,25,51,155,75,3,3.8,32
Clayey,4.6,5.7,23,146,96,26,2,0.5,11
Black,5.9,3.4,137,135,229,16,4,2.5,45
Sandy,6.0,4.8,154,82,251,31,5,1.6,40
Loamy,6.1,6.9,69,57,144,19,5,3.3,27
Clayey,6.8,7.2,26,20,199,22,4,4.8,0
Black,6.6,2.1,54,123,233,51,2,3.2,35
Sandy,6.9,3.4,47,32,116,37,2,3.8,5
Loamy,7.6,3.3,133,134,268,68,1,2.1,58
Clayey,7.8,1.3,113,65,240,20,2,0.3,18
Black,7.4,5.2,73,59,32,18,4,2.1,30
Sandy,8.3,7.0,130,22,110,89,1,2.6,17
Loamy,4.6,3.7,15,53,212,64,5,2.5,23
Clayey,5.3,6.2,197,106,218,14,4,1.2,30
Black,4.5,5.4,121,46,279,78,3,2.4,36
Sandy,7.1,3.6,111,11,83,47,3,3.6,12
Loamy,8.1,2.0,58,136,251,75,2,1.6,32
Clayey,5.5,6.0,30,63,246,73,1,3.2,21
Black,8.2,7.0,32,53,186,34,1,0.9,46
Sandy,4.7,5.8,85,64,270,61,5,1.5,14
Loamy,8.2,1.1,194,10,205,47,2,4.4,24
Clayey,5.9,2.5,73,35,268,86,1,3.2,28
Black,4.9,1.5,166,120,291,28,4,0.5,24
Sandy,6.4,5.0,36,89,157,34,5,1.4,26
Loamy,5.5,6.3,143,51,128,57,1,5.0,38
Clayey,5.6,1.8,158,48,63,82,3,1.4,18
Black,5.7,6.9,80,60,220,70,3,2.9,44
Sandy,7.7,4.9,116,47,123,44,1,2.8,25
Loamy,6.7,5.8,178,58,139,60,3,2.1,57
Clayey,5.7,7.8,142,72,47,24,4,0.3,23
Black,6.9,1.6,152,57,126,86,5,1.5,22
Sandy,7.4,7.3,158,44,299,58,4,4.8,7
Loamy,5.6,1.9,67,90,47,39,3,0.2,40
Clayey,6.2,3.8,141,141,205,30,1,3.6,45
Black,5.0,7.0,144,99,214,50,1,4.5,45
Sandy,5.2,7.3,44,142,165,12,5,3.8,0
Loamy,7.2,4.5,173,14,279,82,3,1.7,55
Clayey,5.2,5.2,130,142,196,33,3,2.7,35
Black,6.6,6.0,152,40,147,26,3,4.4,18
Sandy,7.3,6.8,139,47,125,17,2,4.9,0
Loamy,4.9,1.9,129,111,230,15,1,0.6,45
Clayey,6.8,6.7,194,136,30,18,3,0.7,28
Black,5.5,4.4,14,144,36,24,5,4.8,0
Sandy,8.4,4.2,80,128,85,73,2,4.4,0
Loamy,6.4,4.0,95,53,132,59,3,1.1,60
Clayey,7.7,4.6,104,145,151,20,1,4.9,2
Black,6.7,7.6,169,128,90,55,2,1.1,58
Sandy,4.7,4.8,50,72,80,54,4,0.5,8
Loamy,7.0,7.7,179,106,263,86,5,3.4,31
Clayey,8.3,2.3,84,94,24,68,1,2.7,16
Black,6.9,6.1,177,13,40,34,4,1.3,48
Sandy,7.8,6.7,92,14,205,21,1,4.6,0
Loamy,8.0,5.8,47,129,228,35,5,2.1,34
Clayey,5.4,5.2,51,119,250,85,3,2.1,25
Black,5.3,5.0,174,69,33,46,4,3.2,36
Sandy,6.9,7.0,65,116,98,32,4,1.2,20
Loamy,6.1,6.8,80,76,201,74,2,3.0,53
Clayey,7.9,1.9,64,78,97,54,3,1.9,10
Black,8.1,6.9,191,58,291,83,5,3.5,15
Sandy,5.9,3.9,31,93,70,44,2,1.3,33
Loamy,5.4,2.8,36,99,276,57,4,1.0,42
Clayey,7.6,7.1,114,107,37,37,1,1.3,38
Black,5.6,4.0,184,65,237,10,5,4.7,10
Sandy,7.8,6.7,47,140,119,81,2,4.3,0
Loamy,6.2,2.8,121,132,168,50,3,4.2,43
Clayey,7.2,1.0,48,69,174,32,1,3.9,11
Black,4.9,4.5,152,9,121,41,2,3.2,36
Sandy,7.0,1.7,128,124,134,16,5,0.6,3
Loamy,6.3,6.3,198,119,289,84,1,1.7,75
Clayey,6.8,2.9,69,113,111,64,2,2.9,19
Black,5.2,4.1,145,47,40,81,2,0.6,48
Sandy,7.4,1.6,53,30,139,52,5,0.2,3
Loamy,8.0,3.0,52,15,38,23,3,0.6,23
Clayey,5.4,6.5,143,134,43,23,1,0.6,38
Black,4.9,2.1,164,25,45,50,2,0.6,39
Sandy,4.6,5.5,182,119,172,23,5,1.0,7
Loamy,7.1,7.4,32,132,221,37,2,2.5,54
Clayey,6.9,5.8,131,80,158,39,5,1.5,32
Black,6.7,6.7,150,77,299,88,5,4.3,17
Sandy,5.4,1.8,93,91,43,63,2,4.4,0
Loamy,6.1,2.8,115,110,31,68,5,4.6,25
Clayey,6.9,7.3,73,137,154,21,1,2.4,31
Black,6.5,6.0,162,13,100,84,5,3.9,24
Sandy,8.5,5.5,134,123,89,48,3,3.0,13
Loamy,5.0,5.6,61,54,223,79,3,0.8,47
Clayey,7.3,3.9,57,14,98,76,5,3.2,0
Black,6.1,1.3,70,117,298,24,1,4.2,28
Sandy,6.2,6.5,26,14,218,13,4,1.8,23
Loamy,7.4,5.8,49,82,175,53,4,3.8,29
Clayey,7.3,4.3,84,40,95,48,1,3.9,23
Black,8.5,7.3,98,60,238,79,3,3.3,22
Sandy,5.0,3.4,78,122,296,46,5,4.4,0
Loamy,4.9,3.1,94,41,284,67,2,0.8,49
Clayey,7.4,7.1,35,52,68,41,5,4.2,0
Black,6.8,6.6,193,91,117,37,5,3.1,32
Sandy,5.6,4.6,49,65,40,13,4,4.3,0
Loamy,4.8,1.9,105,79,42,19,5,2.7,11
Clayey,4.8,2.5,126,121,157,36,4,1.7,19
Black,8.1,5.6,145,119,249,45,2,4.5,30
Sandy,5.3,3.7,82,103,48,14,5,4.4,0
Loamy,5.8,6.9,54,52,40,59,1,1.4,69
Clayey,5.4,7.6,26,41,118,41,5,3.7,0
Black,5.9,6.6,178,9,82,32,1,0.5,73
Sandy,4.8,3.6,86,104,152,86,4,0.5,1
Loamy,6.6,6.5,146,21,34,70,5,2.6,42
Clayey,4.8,3.5,100,94,124,10,4,0.3,3
Black,7.7,2.2,115,112,130,40,1,2.2,42
Sandy,5.4,1.2,110,24,130,28,4,4.0,0
Loamy,6.7,3.7,112,107,23,63,3,4.5,29
Clayey,8.0,7.3,33,101,171,43,1,1.3,31
Black,7.1,2.7,82,148,61,13,4,0.5,25
Sandy,6.6,2.4,130,11,45,57,5,3.2,3
Loamy,5.8,7.8,115,98,213,57,4,1.4,70
Clayey,5.8,1.2,148,70,27,58,2,0.2,41
Black,7.2,6.5,44,16,92,69,1,0.7,53
Sandy,8.5,3.2,166,44,97,53,4,4.7,0
Loamy,7.1,1.3,145,5,167,43,3,4.4,26
Clayey,6.7,7.4,26,62,87,65,2,4.2,9
Black,7.4,2.0,149,135,202,83,1,1.8,51
Sandy,6.4,4.9,102,12,104,15,2,3.6,22
Loamy,4.7,2.9,118,94,98,85,5,4.8,0
Clayey,6.7,1.5,59,79,58,85,3,2.9,0
Black,8.3,1.3,123,89,39,45,5,1.7,21
Sandy,5.2,1.8,33,9,89,44,4,4.0,0
Loamy,7.3,1.5,46,30,175,34,2,2.2,44
Clayey,5.3,6.3,20,89,136,58,5,2.9,6
Black,6.6,4.4,108,77,47,64,4,2.8,40
Sandy,4.9,3.4,196,149,117,50,3,1.2,18
Loamy,6.3,3.9,64,105,170,66,5,0.1,50
Clayey,7.5,7.5,36,70,41,31,2,5.0,2
Black,5.9,7.4,76,123,280,53,5,2.1,52
Sandy,7.2,6.0,197,51,79,38,3,1.5,33
Loamy,7.7,7.2,11,96,182,80,4,3.9,5
Clayey,8.2,3.2,77,31,133,57,5,3.0,0
Black,5.4,3.7,155,44,215,12,5,4.4,12
Sandy,6.1,5.3,157,5,64,54,1,3.9,34
Loamy,5.1,5.4,72,143,132,29,4,1.5,36
Clayey,8.5,4.4,81,22,198,82,1,3.0,16
Black,8.2,3.8,139,95,289,45,1,2.6,50
Sandy,6.7,7.9,92,51,75,69,3,4.8,0
Loamy,7.9,6.7,51,25,286,87,3,1.3,36
Clayey,6.6,4.0,165,133,134,27,2,1.5,30
Black,7.0,6.1,166,18,186,75,4,4.6,16
Sandy,4.9,2.9,116,24,134,40,4,2.3,8
Loamy,7.5,1.7,37,125,99,18,3,2.3,24
Clayey,5.0,3.5,197,126,48,29,3,4.4,0
Black,7.8,3.8,114,56,61,29,1,1.6,39
Sandy,7.6,1.1,121,72,138,56,3,3.5,0
Loamy,7.3,6.7,142,41,81,10,5,3.6,22
Clayey,4.6,3.5,24,86,174,23,4,2.3,0
Black,5.7,5.1,119,53,208,10,2,1.7,55
Sandy,5.6,1.5,82,43,123,78,1,3.8,0
Loamy,5.9,2.2,169,142,76,19,5,1.4,39
Clayey,4.9,7.2,189,141,191,82,3,4.1,1
Black,8.2,5.3,99,96,175,58,2,2.1,46
Sandy,6.7,7.7,46,145,184,23,3,0.2,17
Loamy,5.7,8.0,152,22,88,69,5,2.9,39
Clayey,6.1,3.6,178,144,77,51,2,1.1,48
Black,6.3,3.1,13,76,226,68,3,2.4,47
Sandy,6.9,7.0,190,9,104,34,5,4.1,2
Loamy,6.6,8.0,93,11,120,45,5,1.0,43
Clayey,8.2,5.4,164,147,270,44,2,1.1,40
Black,6.5,6.6,158,42,239,20,5,2.4,46
Sandy,8.5,6.5,69,30,179,19,3,2.4,5
Loamy,7.9,3.5,95,63,206,17,2,2.3,37
Clayey,5.3,5.0,80,56,106,32,1,3.5,26
Black,8.2,6.8,184,149,174,15,5,1.4,27
Sandy,5.0,5.8,191,111,299,87,3,1.4,30
Loamy,7.8,1.1,40,66,183,73,2,0.2,24
Clayey,6.0,3.4,26,63,87,82,1,2.0,31
Black,8.0,2.0,187,6,231,55,1,1.1,51
Sandy,8.0,2.6,16,29,139,47,4,3.0,0
Loamy,7.7,7.3,135,23,204,34,4,1.0,50
Clayey,7.7,1.3,92,29,235,11,2,4.5,0
Black,5.7,2.5,37,8,149,33,5,4.3,1
Sandy,4.8,3.2,19,7,97,76,3,3.8,0
Loamy,6.1,5.3,36,110,189,80,5,4.1,20
Clayey,5.2,4.7,150,142,57,70,3,4.8,10
Black,7.3,2.5,197,117,74,18,3,1.7,35
Sandy,5.9,2.1,136,31,65,54,4,4.9,0
Loamy,8.4,2.7,52,116,190,25,4,4.5,0
Clayey,7.1,4.5,78,94,149,23,5,1.9,11
Black,7.8,2.9,72,133,183,35,2,4.3,15
Sandy,5.0,7.6,79,48,89,55,3,4.5,1
Loamy,7.9,4.2,108,56,88,67,4,0.3,43
Clayey,8.2,1.4,191,69,124,83,2,4.4,0
Black,6.4,6.1,173,15,73,39,4,2.2,56
Sandy,6.9,3.3,80,72,267,65,3,4.1,6
Loamy,7.6,5.6,102,125,125,41,1,0.6,58
Clayey,5.2,3.0,152,81,116,87,4,0.9,17
Black,6.5,5.0,155,19,46,32,2,4.9,39
Sandy,6.1,6.4,141,61,91,26,5,2.1,22
Loamy,5.1,7.5,20,78,204,33,5,4.0,22
Clayey,6.0,2.8,143,68,153,56,3,3.8,27
Black,4.8,3.3,131,15,193,20,1,4.0,21
Sandy,4.6,4.2,188,125,117,50,4,3.8,0
Loamy,5.0,7.5,195,129,83,24,4,4.6,17
Clayey,8.4,7.3,197,34,132,61,1,3.0,28
Black,6.7,1.6,27,14,84,43,3,2.2,28
Sandy,8.4,1.9,76,58,235,69,3,4.6,0
Loamy,6.2,4.5,154,133,108,66,2,1.8,73
Clayey,5.7,1.7,106,62,266,42,2,3.2,28
Black,6.5,3.4,43,147,168,30,2,4.3,34
Sandy,6.3,2.0,167,136,259,33,3,4.6,15
Loamy,4.9,5.5,156,80,25,29,4,4.8,5
Clayey,7.1,7.6,146,93,256,77,5,3.3,12
Black,5.4,8.0,177,102,286,69,3,3.6,44
Sandy,7.0,3.6,53,85,257,55,1,2.5,31
Loamy,7.1,5.2,104,74,158,42,5,1.5,52
Clayey,5.1,7.0,196,16,184,40,3,0.2,42
Black,4.7,1.8,100,131,204,43,3,1.2,35
Sandy,7.6,5.8,120,83,173,31,2,4.9,2
Loamy,6.3,3.9,162,149,125,39,4,4.1,38
Clayey,4.7,2.4,80,133,168,14,4,2.4,0
Black,8.5,3.8,62,18,204,50,5,1.8,28
Sandy,4.7,1.5,185,123,290,54,3,0.4,19
Loamy,7.3,5.9,80,6,210,70,2,0.1,63
Clayey,8.4,2.8,62,8,182,22,1,3.8,0
Black,5.5,3.2,117,70,220,18,3,4.9,15
Sandy,5.1,1.8,186,94,125,87,2,1.3,18
Loamy,5.0,7.1,180,64,234,44,1,1.4,75
Clayey,5.7,4.5,28,101,239,27,1,4.7,6
Black,4.9,5.0,75,131,236,21,5,3.1,12
Sandy,7.3,5.0,171,64,48,50,4,1.0,28
Loamy,4.7,3.9,191,87,257,25,4,0.3,36
Clayey,6.5,2.3,10,78,83,22,5,2.9,0
Black,8.5,6.2,115,59,115,27,3,2.3,30
Sandy,7.8,1.9,64,30,173,85,2,2.2,2
Loamy,7.0,1.7,24,125,47,60,4,4.8,3
Clayey,5.7,6.0,136,71,195,42,5,1.4,32
Black,7.0,2.5,24,120,270,79,4,2.5,20
Sandy,6.6,3.1,130,71,213,76,4,1.1,19
Loamy,6.2,4.3,160,10,298,63,4,1.7,70
Clayey,5.0,4.1,75,118,58,15,3,3.9,2
Black,8.0,6.0,183,14,88,45,5,1.1,33
Sandy,6.3,5.4,123,42,296,64,4,3.4,31
Loamy,5.3,5.5,146,128,139,59,4,0.7,53
Clayey,6.0,6.0,155,81,105,80,5,1.0,28
Black,6.2,3.0,154,106,196,75,1,0.2,61
Sandy,7.8,3.3,81,16,113,24,3,3.2,0
Loamy,7.4,4.1,107,50,111,31,3,5.0,28
Clayey,7.6,3.2,171,53,100,58,2,3.3,14
Black,4.5,7.9,53,95,247,47,2,4.6,20
Sandy,6.2,6.7,166,128,107,17,1,2.7,36
Loamy,6.4,2.2,199,76,147,17,2,3.4,40
Clayey,4.6,1.0,25,106,209,46,4,4.6,0
Black,5.5,1.3,87,47,153,81,4,0.5,24
Sandy,7.5,2.7,61,64,155,87,2,3.0,7
Loamy,5.0,1.8,11,105,59,34,3,2.9,26
Clayey,6.6,4.7,70,90,157,63,1,0.3,44
Black,5.4,7.0,141,130,275,30,4,0.9,55
Sandy,4.5,6.2,135,15,104,68,1,2.8,25
Loamy,5.5,2.5,61,39,46,40,2,2.5,42
Clayey,8.4,3.8,50,27,249,15,5,1.8,1
Black,7.7,4.6,189,32,151,51,1,3.5,42
Sandy,8.3,6.7,40,120,110,61,1,1.9,22
Loamy,6.5,6.9,163,99,248,56,2,3.9,61
Clayey,4.9,7.4,164,62,46,37,2,4.1,12
Black,6.7,4.6,130,57,299,45,4,3.3,42
Sandy,6.3,5.9,60,32,218,49,5,1.5,31
Loamy,7.9,1.8,104,46,173,22,5,4.0,2
Clayey,4.9,5.0,185,89,62,58,1,1.3,38
Black,6.5,2.7,20,97,129,13,5,1.6,23
Sandy,5.1,4.0,145,128,130,73,2,3.1,14
Loamy,5.8,5.4,21,51,20,89,2,3.5,36
Clayey,7.4,2.8,108,119,159,32,2,1.9,40
Black,6.4,1.4,54,14,197,67,1,3.0,47
Sandy,6.0,1.1,43,27,79,24,3,1.3,11
Loamy,6.1,1.2,81,9,202,88,2,4.0,32
Clayey,6.3,1.1,184,86,240,55,5,5.0,3
Black,7.6,1.8,30,123,246,48,5,3.5,3
Sandy,8.1,2.7,50,10,163,56,2,1.7,15
Loamy,8.3,2.5,31,129,243,46,3,1.8,36
Clayey,7.6,7.9,30,51,71,50,1,0.2,26
Black,5.8,3.1,165,32,100,54,2,3.3,49
Sandy,7.3,1.9,80,17,168,39,1,3.0,20
Loamy,6.3,4.8,23,29,46,80,3,4.8,18
Clayey,5.5,7.0,88,11,251,77,2,2.1,33
Black,7.9,5.7,82,84,130,16,2,4.7,5
Sandy,4.7,3.1,61,70,98,56,2,3.8,0
Loamy,8.1,4.9,180,40,298,56,4,1.5,50
Clayey,6.3,6.0,85,6,146,88,2,0.2,37
Black,7.0,6.1,28,117,201,69,2,3.7,36
Sandy,7.1,5.7,36,42,138,14,3,2.5,7
Loamy,8.1,7.1,155,18,285,57,3,4.8,27
Clayey,7.0,7.1,22,147,197,83,4,0.2,15
Black,7.0,5.1,116,89,220,31,2,2.7,58
Sandy,4.8,4.0,138,144,89,32,5,4.0,0
Loamy,6.6,5.5,94,119,177,54,1,4.0,47
Clayey,5.1,6.7,171,101,117,88,2,3.4,19
Black,7.4,1.0,150,90,224,61,4,2.0,43
Sandy,6.5,7.9,118,106,105,80,5,0.4,23
Loamy,7.2,2.3,124,86,299,55,3,1.6,56
Clayey,4.7,4.3,60,48,104,47,1,3.3,16
Black,4.8,7.1,10,134,234,49,4,3.9,12
Sandy,7.4,2.6,130,97,152,24,3,4.1,0
Loamy,4.8,4.3,165,109,266,78,2,3.9,31
Clayey,4.8,1.9,132,129,160,21,4,1.7,7
Black,4.5,3.8,41,77,95,86,2,3.5,9
Sandy,8.3,2.2,192,76,117,76,4,4.8,0
Loamy,7.5,3.5,163,137,74,66,4,0.8,48
Clayey,5.9,3.6,151,82,278,28,2,3.7,28
Black,5.7,8.0,102,62,41,39,4,2.1,47
Sandy,5.9,8.0,77,129,54,88,3,1.2,26
Loamy,7.6,1.8,72,15,47,27,3,1.7,21
Clayey,7.1,6.1,91,31,189,72,1,0.9,37
Black,5.2,1.4,151,60,159,16,1,4.1,25
Sandy,5.2,1.2,164,130,148,69,4,2.0,16
Loamy,4.9,1.7,50,63,119,87,3,4.7,0
Clayey,7.1,7.8,12,113,266,72,2,4.8,0
Black,7.6,7.6,103,44,42,66,4,4.8,10
Sandy,5.6,2.4,68,65,132,84,2,0.9,12
Loamy,4.6,2.1,160,126,216,48,5,1.8,36
Clayey,4.8,2.7,27,110,183,52,1,1.6,23
Black,8.4,4.6,113,27,75,65,4,4.6,12
Sandy,5.7,5.0,83,40,29,19,4,0.5,12
Loamy,7.6,2.6,129,42,152,29,2,3.0,29
Clayey,7.0,6.3,85,76,171,73,1,2.5,31
Black,6.0,3.2,178,60,210,48,2,4.9,40
Sandy,5.3,7.5,17,80,296,37,2,4.8,4
Loamy,5.0,5.6,169,111,262,39,1,2.2,73
Clayey,7.0,4.1,90,66,295,67,5,2.3,26
Black,7.6,6.5,178,27,209,79,3,2.0,40
Sandy,7.1,6.7,182,124,134,71,3,4.0,3
Loamy,6.6,3.0,110,148,253,10,5,0.6,39
Clayey,4.7,3.4,18,69,100,77,1,0.7,10
Black,8.4,7.6,99,112,212,34,4,3.6,24
Sandy,7.7,2.2,57,84,277,48,1,0.2,22
Loamy,5.7,1.3,124,137,250,20,2,3.4,34
Clayey,8.4,4.2,161,68,33,68,1,0.7,38
Black,6.9,6.6,96,45,33,46,3,4.0,28
Sandy,6.8,6.4,104,102,63,85,4,3.7,1
Loamy,7.5,7.4,181,93,229,38,5,1.0,55
Clayey,7.7,4.7,195,110,59,18,1,3.8,10
Black,7.1,1.7,123,147,53,55,4,4.0,18
Sandy,5.0,5.1,27,58,254,85,4,4.6,0
Loamy,5.9,6.4,38,81,253,18,3,3.6,38
Clayey,8.2,1.7,11,46,293,74,2,4.4,0
Black,5.4,2.2,87,29,248,80,4,3.2,18
Sandy,6.0,1.1,77,71,147,51,4,3.2,7
Loamy,6.2,5.2,107,116,228,43,1,3.4,71
Clayey,6.3,7.2,126,77,99,37,5,2.1,37
Black,7.0,5.7,119,116,195,70,1,1.2,67
Sandy,8.3,7.9,176,141,252,49,3,2.1,29
Loamy,5.5,1.4,50,27,284,63,4,3.0,29
Clayey,5.0,7.3,124,19,137,68,2,3.5,28
Black,5.3,6.7,90,131,185,87,4,2.3,33
Sandy,8.0,3.2,131,18,161,54,2,1.7,26
Loamy,7.1,7.8,96,56,266,89,2,1.3,55
Clayey,5.6,3.0,31,88,196,48,2,1.0,30
Black,7.8,7.2,58,40,283,51,5,2.4,27
Sandy,7.9,7.2,165,149,187,20,1,3.6,11
Loamy,7.9,6.3,25,8,44,84,3,4.2,4
Clayey,8.2,4.9,77,135,210,47,5,1.8,18
Black,5.5,1.8,199,23,34,66,5,3.1,22
Sandy,7.5,4.7,173,62,35,21,2,2.4,24
Loamy,6.3,3.5,31,11,146,51,5,4.8,14
Clayey,7.9,6.5,148,40,286,72,3,4.4,0
Black,7.4,6.3,94,80,47,18,3,4.4,13
Sandy,7.6,7.4,130,106,282,31,4,2.9,16
Loamy,7.1,1.1,89,80,171,47,5,2.2,32
Clayey,5.2,6.7,179,72,87,82,4,3.3,10
Black,6.7,7.6,64,70,56,66,3,0.9,45
Sandy,8.4,6.5,44,51,54,76,5,4.4,0
Loamy,8.2,1.9,194,138,153,39,2,1.4,47
Clayey,4.7,1.6,43,22,180,35,2,4.2,0
Black,5.2,1.1,82,26,243,81,5,1.6,22
Sandy,5.0,5.4,86,72,129,63,4,2.7,14
Loamy,7.4,5.4,141,102,121,41,4,3.9,34
Clayey,7.8,7.9,183,13,201,31,2,2.0,40
Black,5.4,3.8,134,79,166,17,4,1.9,38
Sandy,6.5,3.3,20,21,235,75,2,4.5,1
Loamy,7.9,5.4,70,55,158,23,1,0.4,44
Clayey,7.4,6.8,131,28,207,14,2,4.2,18
Black,6.7,7.6,44,129,107,22,1,4.6,17
Sandy,6.9,6.6,78,19,266,86,5,2.9,4
Loamy,6.5,4.0,66,135,205,33,1,3.5,59
Clayey,5.7,5.4,148,56,107,44,3,4.3,15
Black,6.8,7.0,21,58,171,87,4,2.2,28
Sandy,7.3,4.4,134,62,286,77,1,4.4,15
Loamy,8.0,2.5,52,49,219,35,3,1.9,38
Clayey,7.0,2.2,156,122,265,83,3,1.6,26
Black,7.5,1.0,86,81,235,47,4,4.9,7
Sandy,5.1,6.0,77,54,93,43,2,0.3,31
Loamy,6.3,1.8,68,26,179,43,3,1.7,54
Clayey,4.5,2.7,11,56,274,28,1,2.3,12
Black,5.5,3.1,145,35,36,12,4,1.6,32
Sandy,7.4,4.9,159,75,157,45,1,1.5,47
Loamy,8.5,3.8,30,94,25,13,2,1.9,27
Clayey,4.9,5.7,166,35,238,35,4,2.1,29
Black,6.1,1.4,110,106,20,84,3,0.5,42
Sandy,7.7,1.9,95,136,83,12,1,3.9,0
Loamy,5.3,4.5,131,101,228,58,1,0.9,75
Clayey,6.7,3.4,84,71,20,18,3,0.3,17
Black,7.4,3.1,84,141,208,55,3,3.0,38
Sandy,7.0,1.5,92,87,266,75,2,3.4,5
Loamy,5.3,7.3,174,60,276,23,2,3.8,42
Clayey,5.9,5.8,87,30,193,12,3,0.5,36
Black,7.6,1.9,166,64,128,11,4,0.9,18
Sandy,6.7,1.5,174,132,79,42,3,1.0,22
Loamy,4.5,7.8,30,131,62,19,3,3.0,16
Clayey,7.5,5.8,129,76,57,62,5,4.5,3
Black,4.6,3.9,21,94,277,53,4,3.6,13
Sandy,7.5,5.9,185,62,101,47,4,1.6,28
Loamy,5.3,6.3,92,67,240,30,2,4.3,42
Clayey,8.3,6.5,184,124,130,44,2,3.4,19
Black,6.0,4.3,122,135,284,76,2,3.5,50
Sandy,5.8,4.0,24,139,155,31,1,4.8,14
Loamy,5.1,1.1,122,118,42,29,4,4.8,3
Clayey,5.7,7.5,150,6,78,77,5,2.0,18
Black,8.0,5.2,196,144,285,17,2,3.2,33
Sandy,8.5,2.4,133,52,159,60,2,1.1,24
Loamy,6.0,7.4,150,57,135,35,2,2.1,72
Clayey,6.3,7.4,124,129,223,60,2,1.4,60
Black,7.4,7.9,156,121,177,74,2,1.9,52
Sandy,8.0,7.1,194,95,215,35,1,3.4,26
Loamy,6.9,8.0,41,86,231,56,5,1.1,45
Clayey,6.1,2.7,108,72,60,52,4,1.0,36
Black,6.2,6.9,96,98,26,18,5,2.0,38
Sandy,7.3,6.8,158,76,124,44,3,0.6,33
Loamy,4.5,2.6,121,107,64,28,4,4.1,4
Clayey,7.0,1.7,151,17,57,57,2,4.8,5
Black,5.9,7.9,33,128,183,89,3,4.0,26
Sandy,7.7,3.1,58,11,100,37,3,2.7,1
Loamy,4.9,7.1,41,28,77,12,3,3.4,14
Clayey,6.9,1.0,84,137,142,27,3,4.0,0
Black,6.4,1.1,118,54,214,22,2,0.4,53
Sandy,7.1,4.3,20,30,212,36,3,2.1,26
Loamy,4.8,2.7,197,142,123,49,5,0.8,31
Clayey,6.8,5.8,77,15,131,48,2,0.5,36
Black,6.7,5.0,198,44,151,67,3,3.8,39
Sandy,6.7,1.5,99,106,115,66,3,4.3,0
Loamy,6.9,2.1,119,15,102,33,5,0.5,39
Clayey,7.2,3.7,142,116,189,31,1,1.0,48
Black,7.7,2.3,173,98,68,60,1,1.2,44
Sandy,5.6,6.5,41,8,154,85,5,4.3,0
Loamy,7.8,3.9,80,6,284,85,1,4.6,18
Clayey,6.5,1.7,83,49,218,47,4,3.8,16
Black,4.8,4.4,147,78,54,70,4,4.0,18
Sandy,4.7,1.6,108,107,223,58,4,1.8,14
Loamy,5.8,1.9,30,46,260,32,1,2.1,62
Clayey,7.6,2.7,49,33,62,13,4,1.5,0
Black,7.3,7.0,51,148,283,85,4,4.8,8
Sandy,7.7,7.5,81,104,97,46,1,3.7,10
Loamy,6.6,6.8,55,136,55,15,5,1.8,29
Clayey,6.3,3.3,91,104,193,37,2,0.8,46
Black,5.1,2.9,82,20,154,17,4,1.1,29
Sandy,5.8,4.8,127,10,159,29,1,1.1,47
Loamy,6.2,6.1,50,46,74,25,2,3.1,42
Clayey,4.9,8.0,103,132,271,22,2,4.5,5
Black,5.4,1.9,141,104,298,88,3,4.4,16
Sandy,6.9,1.3,108,80,199,71,2,0.4,20
Loamy,7.4,5.9,151,46,32,86,4,3.6,27
Clayey,8.5,6.8,151,99,223,75,5,0.9,15
Black,8.2,6.9,62,16,82,62,4,1.6,30
Sandy,7.1,5.7,137,128,93,37,3,2.8,25
Loamy,6.2,7.7,38,68,174,27,2,4.2,34
Clayey,7.0,4.6,32,33,26,16,3,1.3,17
Black,7.6,7.4,94,23,172,30,4,4.4,12
Sandy,5.0,7.8,168,101,63,50,4,3.7,11
Loamy,6.1,6.9,105,49,55,48,4,3.4,49
Clayey,7.9,3.2,80,58,116,82,5,0.8,0
Black,6.0,2.4,198,114,184,19,4,2.4,40
Sandy,6.8,4.8,160,84,253,40,4,1.4,35
Loamy,6.9,4.2,17,17,122,51,2,3.0,40
Clayey,5.2,7.1,85,144,26,86,5,3.4,0
Black,5.9,1.7,109,117,113,78,2,0.4,48
Sandy,5.8,2.8,25,75,140,68,3,3.3,11
Loamy,4.6,6.3,163,18,56,47,1,2.5,53
Clayey,4.6,1.7,166,46,40,52,2,4.2,1
Black,7.8,3.2,102,103,117,11,5,4.0,0
Sandy,5.6,3.7,15,80,40,15,2,2.1,10
Loamy,6.6,5.4,46,108,251,86,1,4.9,25
Clayey,5.7,2.1,170,125,91,38,2,3.0,24
Black,8.3,7.0,104,69,71,87,1,4.8,15
Sandy,5.5,4.1,183,149,241,39,5,3.6,14
Loamy,6.2,7.4,70,42,186,49,2,2.1,68
Clayey,8.0,4.3,178,32,224,46,5,1.2,25
Black,7.9,2.9,27,37,157,16,5,2.4,4
Sandy,5.2,2.0,120,115,55,59,3,4.7,0
Loamy,7.7,1.0,104,130,114,27,3,0.7,26
Clayey,6.3,4.7,25,132,35,17,2,2.4,27
Black,6.4,1.8,113,74,256,80,2,1.8,55
Sandy,5.0,3.7,188,89,183,64,5,4.3,0
Loamy,4.8,5.1,174,136,109,57,3,4.0,28
Clayey,7.4,2.9,23,123,127,83,2,2.8,6
Black,6.5,2.2,112,14,103,67,2,2.1,58
Sandy,6.2,6.4,77,40,274,25,2,3.5,23
Loamy,7.4,7.6,39,77,184,34,3,4.8,23
Clayey,7.6,1.7,69,136,219,38,2,0.6,22
Black,5.1,2.1,62,126,176,17,5,4.5,0
Sandy,6.9,7.7,173,140,50,64,2,1.5,38
Loamy,5.0,1.3,167,31,85,61,4,0.1,41
Clayey,7.5,7.8,73,141,108,86,1,3.7,14
Black,7.1,1.0,23,45,278,35,5,4.0,6
Sandy,8.3,7.1,32,108,272,34,2,1.6,24
Loamy,4.8,3.2,185,30,253,82,4,3.9,15
Clayey,4.7,7.6,165,136,126,35,3,4.0,8
Black,5.6,3.2,131,120,88,85,5,3.4,13
Sandy,5.5,5.6,16,133,297,56,5,0.3,17
Loamy,5.5,1.6,179,96,220,10,2,3.4,35
Clayey,8.1,2.7,19,100,72,73,3,4.7,0
Black,5.5,6.4,181,56,260,21,2,3.1,44
Sandy,5.6,4.7,111,98,194,33,4,1.9,32
Loamy,7.5,7.5,22,68,61,39,1,2.9,47
Clayey,6.3,4.0,170,25,279,23,3,5.0,12
Black,7.6,7.1,169,110,229,32,1,2.4,56
Sandy,4.8,4.1,136,84,61,11,4,4.2,0
Loamy,6.5,7.9,57,80,189,12,5,0.8,43
Clayey,4.6,7.7,14,100,278,15,4,0.4,7
Black,4.8,3.3,70,29,223,30,1,2.0,46
Sandy,8.1,7.2,131,30,182,29,3,0.8,17
Loamy,5.1,6.9,99,104,124,30,2,1.7,58
Clayey,6.6,2.5,112,85,197,49,1,3.6,28
Black,6.1,5.4,99,31,210,77,3,2.3,52
Sandy,5.9,1.5,12,67,143,34,1,1.7,29
Loamy,8.1,6.9,33,90,217,80,5,4.5,0
Clayey,4.6,2.2,126,122,118,80,5,0.1,0
Black,7.2,1.5,107,42,25,42,2,4.1,26
Sandy,8.4,3.8,171,50,286,60,5,3.1,5
Loamy,6.7,5.0,93,131,62,81,4,0.3,38
Clayey,8.2,7.0,128,75,160,88,2,0.3,27
Black,4.7,7.8,51,135,288,29,1,0.9,41
Sandy,6.2,4.1,157,138,58,28,4,4.9,0
Loamy,5.5,1.4,50,17,181,80,3,0.5,31
Clayey,7.4,6.2,91,94,214,65,1,3.7,33
Black,8.4,5.0,111,116,123,65,5,2.1,32
Sandy,5.5,4.1,157,37,264,10,1,1.3,40
Loamy,7.1,3.2,15,66,84,48,5,2.9,20
Clayey,5.3,4.5,131,67,220,46,4,1.9,40
Black,6.8,3.4,194,60,261,27,4,1.6,40
Sandy,6.4,6.3,179,43,26,81,4,1.3,28
Loamy,8.4,4.8,34,64,238,88,2,2.3,36
Clayey,6.9,7.1,50,109,22,15,5,0.9,8
Black,5.9,4.8,178,131,41,31,1,4.3,50
Sandy,5.0,2.7,12,87,113,20,1,3.0,3
Loamy,5.1,7.0,117,109,90,81,1,0.4,58
Clayey,5.4,4.9,180,78,241,18,2,2.3,37
Black,5.5,2.4,183,139,32,22,2,3.2,28
Sandy,7.9,5.4,66,126,24,12,5,4.3,0
Loamy,6.7,3.5,92,66,41,76,2,0.2,43
Clayey,6.6,6.9,83,5,56,16,4,2.3,14
Black,5.0,4.2,188,83,50,76,1,3.6,37
Sandy,7.9,6.1,142,122,81,84,4,1.1,8
Loamy,7.4,1.7,95,69,240,55,2,1.2,55
Clayey,4.8,3.8,106,70,100,67,1,2.5,29
Black,7.3,7.9,24,71,252,37,3,4.4,23
Sandy,6.7,6.7,97,104,25,40,4,2.1,22
Loamy,4.8,2.1,103,58,124,61,3,2.5,34
Clayey,6.3,2.9,135,125,181,18,5,3.2,13
Black,6.4,3.3,109,104,71,85,4,1.6,42
Sandy,5.2,5.6,48,107,177,17,1,4.3,4
Loamy,8.3,6.3,88,112,32,27,1,4.8,14
Clayey,7.9,6.2,175,16,205,58,3,3.3,22
Black,7.2,4.6,48,91,241,20,1,3.2,38
Sandy,6.3,6.7,61,90,260,11,4,3.4,13
Loamy,6.1,4.1,140,36,167,38,2,1.1,77
Clayey,7.1,1.9,166,75,74,64,2,3.7,16
Black,6.7,5.0,135,48,78,62,1,1.8,63
Sandy,4.7,7.7,168,70,217,35,5,5.0,0
Loamy,6.6,6.6,75,82,117,60,4,3.8,28
Clayey,7.7,5.1,54,59,175,87,5,3.0,0
Black,6.3,5.5,31,20,269,15,3,4.6,23
Sandy,4.7,7.5,92,92,199,21,1,4.9,0
Loamy,7.6,4.0,147,75,93,43,3,4.1,24
Clayey,5.3,3.3,158,72,80,79,5,3.8,0
Black,5.5,7.8,26,128,64,73,4,0.4,26
Sandy,5.2,7.0,76,137,154,46,5,3.6,4
Loamy,5.8,3.3,16,9,229,46,2,1.7,61
Clayey,7.5,4.2,110,129,105,17,5,4.7,0
Black,6.6,3.9,45,135,289,46,5,3.1,25
Sandy,5.3,2.0,76,140,283,55,5,1.9,14
Loamy,8.0,7.7,86,78,287,40,5,1.8,39
Clayey,8.0,3.8,167,129,244,20,4,2.8,8
Black,8.0,7.1,96,102,235,45,1,2.5,50
Sandy,5.5,2.3,166,127,250,77,4,2.0,16
Loamy,6.3,4.8,81,104,209,26,3,1.1,59
Clayey,8.4,1.2,170,57,161,25,2,4.0,0
Black,7.6,6.3,68,80,196,39,1,2.2,47
Sandy,4.6,5.1,29,132,70,48,2,0.6,16
Loamy,4.8,5.4,166,18,209,53,2,0.5,60
Clayey,6.4,1.4,190,9,24,78,1,1.3,37
Black,8.1,2.5,138,116,230,46,1,2.8,44
Sandy,6.7,1.5,171,31,214,35,3,0.8,29
Loamy,6.5,3.0,181,129,20,30,4,1.2,57
Clayey,4.9,5.4,118,33,123,28,1,2.6,22
Black,7.1,5.0,23,7,120,20,3,1.2,31
Sandy,7.8,5.3,174,141,147,28,5,4.3,0
Loamy,6.0,4.8,172,5,268,78,1,3.0,65
Clayey,7.6,2.9,196,27,288,11,4,0.5,13
Black,8.4,2.7,33,71,57,34,5,0.8,15
Sandy,5.3,2.0,119,10,269,39,5,1.1,21
Loamy,6.6,6.9,143,53,240,26,5,3.2,33
Clayey,5.6,5.3,47,147,82,27,5,0.6,8
Black,7.7,2.3,138,34,272,89,2,0.3,36
Sandy,6.8,2.2,50,44,284,85,4,3.7,0
Loamy,7.0,7.1,40,67,183,49,3,2.4,47
Clayey,7.7,6.2,45,52,42,15,1,4.3,0
Black,6.1,5.6,114,128,98,52,3,4.0,43
Sandy,8.2,3.8,191,72,137,79,2,1.4,14
Loamy,6.6,2.8,118,139,204,26,5,1.0,38
Clayey,5.1,7.9,40,47,78,51,1,2.6,31
Black,7.3,6.6,166,148,271,28,4,0.5,45
Sandy,7.7,3.1,122,26,108,64,1,3.2,15
Loamy,5.8,6.9,140,67,248,38,1,0.2,85
Clayey,7.9,6.3,195,45,257,63,3,4.0,15
Black,8.1,3.1,70,54,63,80,5,4.5,0
Sandy,5.6,4.0,15,71,99,17,4,5.0,0
Loamy,8.4,2.3,29,90,193,17,1,1.8,31
Clayey,5.1,1.8,120,41,160,78,2,2.9,18
Black,5.3,6.1,70,31,56,52,2,4.3,27
Sandy,5.2,2.9,183,124,33,59,5,2.4,12
Loamy,8.1,6.7,150,134,141,13,1,1.7,48
Clayey,7.1,8.0,32,26,257,45,5,0.3,24
Black,5.1,1.5,88,21,74,14,1,2.0,36
Sandy,6.3,4.3,40,116,41,28,4,0.5,17
Loamy,7.0,6.6,13,129,222,51,2,1.9,57
Clayey,4.8,6.5,127,60,34,24,3,1.8,18
Black,8.0,6.3,75,47,49,67,5,3.3,13
Sandy,7.7,3.4,153,125,48,23,4,1.9,3
Loamy,6.5,4.2,124,137,271,57,2,2.0,80
Clayey,8.4,5.2,40,134,179,81,4,1.5,6
Black,6.2,7.8,185,125,136,82,3,3.1,42
Sandy,8.4,3.3,132,136,177,84,1,2.0,21
Loamy,7.2,7.5,52,116,127,72,1,4.7,22
Clayey,7.0,2.9,13,138,134,64,4,4.5,0
Black,5.2,7.9,199,9,291,41,4,1.3,55
Sandy,8.0,5.7,57,65,195,45,5,2.1,6
Loamy,6.2,4.2,165,60,250,84,4,3.2,48
Clayey,5.1,5.3,153,106,269,66,1,0.2,55
Black,4.6,2.9,98,123,75,53,4,1.2,26
Sandy,6.7,2.9,135,17,292,43,2,1.5,38
Loamy,6.6,1.8,86,30,209,60,2,2.1,53
Clayey,7.4,1.8,167,68,40,78,1,4.5,3
Black,8.1,3.4,74,143,184,19,4,0.6,20
Sandy,4.8,6.3,78,66,87,21,4,0.4,1
Loamy,7.4,5.3,23,128,286,50,4,3.4,34
Clayey,5.2,1.7,84,74,237,12,2,1.9,24
Black,7.9,7.0,171,79,115,74,1,1.0,43
Sandy,7.8,5.2,193,14,207,49,5,3.5,5
Loamy,6.7,7.7,38,148,227,74,2,1.3,49
Clayey,7.3,5.7,88,16,93,86,1,2.9,23
Black,5.8,2.2,162,92,181,88,1,2.1,57
Sandy,6.4,4.3,103,54,180,80,5,1.9,27
Loamy,7.8,5.5,75,147,79,39,3,3.6,25
Clayey,6.3,1.2,124,63,45,81,5,3.1,5
Black,5.9,1.1,49,66,44,76,5,2.6,15
Sandy,6.5,1.9,152,76,277,88,1,0.7,40
Loamy,7.8,2.8,41,54,22,52,3,3.0,21
Clayey,5.8,4.0,29,58,276,62,3,3.5,25
Black,5.2,4.4,62,58,299,87,4,4.1,16
Sandy,7.3,2.0,58,108,267,39,5,1.6,12
Loamy,7.8,5.7,98,55,63,50,5,1.4,33
Clayey,4.9,5.2,91,78,52,53,3,3.8,5
Black,5.5,3.1,10,133,131,46,3,2.4,29
Sandy,5.1,1.1,176,89,292,15,3,2.1,17
Loamy,5.9,1.5,70,73,62,46,1,0.9,59
Clayey,6.3,3.7,192,133,63,10,1,2.2,42
Black,7.5,2.1,139,121,106,19,1,3.7,27
Sandy,7.1,3.6,103,59,249,35,5,2.3,22
Loamy,7.0,5.4,26,89,102,26,3,4.4,11
Clayey,5.9,4.8,166,93,223,73,1,0.1,55
Black,7.9,2.6,126,77,149,36,4,1.0,30
Sandy,6.4,3.4,115,84,157,84,3,3.1,21
Loamy,8.4,5.3,141,114,102,77,3,3.4,24
Clayey,7.0,7.0,94,65,194,27,3,1.5,27
Black,5.0,6.3,52,107,155,59,1,4.7,31
Sandy,7.2,4.9,85,117,126,74,2,1.7,22
Loamy,5.8,3.5,149,84,170,29,4,2.1,51
Clayey,7.2,3.6,59,146,128,71,4,4.9,0
Black,4.8,7.2,70,116,241,84,2,2.4,33
Sandy,5.2,1.3,113,102,266,68,4,3.1,12
Loamy,7.9,7.9,60,92,56,34,1,2.7,42
Clayey,5.4,5.7,86,104,287,74,3,1.0,29
Black,7.8,5.8,107,124,93,74,2,5.0,8
Sandy,5.6,1.3,92,133,134,76,3,0.4,6
Loamy,7.1,5.2,87,51,100,67,4,4.9,17
Clayey,7.3,4.4,14,43,212,49,5,2.4,18
Black,6.6,1.7,165,7,233,56,4,1.0,45
Sandy,5.7,2.9,147,148,34,52,4,0.9,21
Loamy,5.4,7.2,97,72,103,17,2,3.3,35
Clayey,4.6,4.8,189,17,285,71,3,3.6,9
Black,5.7,3.9,26,24,173,43,2,4.5,21
Sandy,7.1,1.5,74,87,272,17,1,1.3,22
Loamy,8.3,6.0,133,31,292,34,3,2.2,53
Clayey,8.0,5.9,30,134,151,35,1,4.9,0
Black,7.6,5.3,191,14,218,63,1,2.2,58
Sandy,7.7,4.6,120,93,102,50,2,2.4,24
Loamy,7.2,4.0,186,23,145,89,4,1.5,40
Clayey,5.5,5.2,116,147,233,81,5,4.4,0
Black,8.1,2.6,31,107,234,72,4,1.9,16
Sandy,7.2,7.6,78,51,257,81,4,3.2,5
Loamy,6.7,5.1,45,20,107,84,3,1.0,38
Clayey,4.9,3.2,158,85,132,16,2,3.1,6
Black,6.3,4.1,193,136,124,78,3,4.7,26
Sandy,6.3,6.6,82,117,82,59,5,3.9,8
Loamy,8.0,2.1,100,70,258,52,2,0.4,46
Clayey,6.7,3.0,185,58,45,26,4,3.2,4
Black,6.0,5.8,135,6,147,30,1,2.8,65
Sandy,8.4,3.2,155,65,20,15,4,1.8,2
Loamy,4.9,6.5,108,19,113,80,4,4.2,11
Clayey,6.2,1.9,24,64,31,84,2,4.0,1
Black,4.7,6.3,53,116,185,47,4,3.3,20
Sandy,7.5,1.5,182,47,291,72,5,3.7,0
Loamy,8.2,1.1,106,97,86,21,4,1.0,21
Clayey,5.6,7.3,45,34,186,31,1,4.6,16
Black,7.9,5.1,177,67,273,12,2,3.4,31
Sandy,5.7,3.5,188,28,272,28,5,2.4,11
Loamy,8.1,2.6,39,18,265,52,2,1.0,41
Clayey,7.5,5.3,35,32,78,76,1,3.4,13
Black,7.7,4.6,94,146,163,14,3,0.6,32
Sandy,4.6,7.9,110,112,228,38,5,1.7,20
Loamy,8.4,7.9,130,38,245,14,1,2.9,46
Clayey,7.4,5.4,40,82,110,54,3,3.3,14
Black,5.7,4.1,193,16,130,63,1,0.2,63
Sandy,7.8,4.4,198,65,259,33,3,0.1,30
Loamy,5.6,5.8,26,109,99,30,3,0.6,46
Clayey,8.0,1.7,107,44,223,41,2,3.9,11
Black,5.0,3.3,135,11,257,14,4,2.9,30
Sandy,7.3,1.5,33,83,203,71,4,3.1,0
Loamy,6.7,1.5,131,125,231,27,1,3.1,43
Clayey,4.9,2.4,141,77,270,44,3,0.3,27
Black,5.5,4.4,146,72,246,89,4,0.9,45
Sandy,4.5,6.5,139,35,186,14,1,3.7,10
Loamy,6.4,4.4,172,74,50,18,1,3.3,55
Clayey,5.7,3.3,132,51,170,13,5,2.3,13
Black,6.9,1.6,47,62,181,42,2,0.2,41
Sandy,5.7,4.9,182,28,115,31,2,2.1,37
Loamy,5.7,2.9,152,38,292,68,3,1.3,58
Clayey,7.5,5.3,179,67,43,20,4,3.5,8
Black,4.7,7.8,140,28,137,78,3,4.1,12
Sandy,8.1,1.8,168,68,106,19,4,2.6,0
Loamy,7.9,2.5,189,120,294,12,4,2.1,31
Clayey,7.2,4.3,178,102,69,24,4,1.4,23
Black,6.9,7.8,66,31,131,46,4,0.6,40
Sandy,8.1,6.4,51,48,299,49,4,1.9,16
Loamy,5.2,7.3,62,97,155,26,5,3.4,20
Clayey,4.8,3.3,128,69,22,29,5,3.4,0
Black,5.5,7.9,130,123,181,13,4,2.1,41
Sandy,7.7,1.7,65,58,96,43,1,4.8,0
Loamy,4.6,1.4,96,124,204,43,1,4.7,22
Clayey,6.8,7.0,85,11,77,76,2,4.4,2
Black,8.5,7.5,190,58,182,37,4,2.2,40
Sandy,7.9,1.6,94,47,40,88,1,3.8,0
Loamy,6.6,1.8,94,24,84,45,2,4.7,21
Clayey,4.8,1.2,169,88,85,44,1,3.7,9
Black,7.8,1.7,90,47,194,50,2,1.6,36
Sandy,6.9,2.5,191,131,184,68,3,0.4,29
Loamy,5.0,7.8,174,40,101,83,1,4.8,30
Clayey,4.9,5.7,17,70,165,26,4,5.0,0
Black,8.1,6.4,20,125,223,39,4,3.5,17
Sandy,7.2,6.4,191,13,183,63,5,1.6,27
Loamy,7.8,4.7,197,87,123,61,3,4.3,25
Clayey,8.0,6.6,147,83,149,81,3,4.8,0
Black,6.8,5.2,124,25,103,32,1,2.6,57
Sandy,6.6,3.2,90,20,139,28,2,1.6,16
Loamy,6.2,4.9,96,30,278,46,5,2.1,59
Clayey,5.8,4.7,51,33,123,68,3,0.5,39
Black,6.2,6.8,46,102,53,45,3,2.9,44
Sandy,7.6,7.9,101,75,193,77,4,2.0,12
Loamy,6.9,3.9,195,147,251,35,4,4.4,32
Clayey,8.1,6.3,94,21,204,36,2,1.5,35
Black,6.3,1.7,68,141,37,86,1,0.1,45
Sandy,6.9,6.4,161,36,250,71,2,3.7,18
Loamy,7.0,3.6,165,70,154,71,1,0.1,57
Clayey,6.9,1.3,46,63,64,61,5,2.8,0
Black,7.3,3.5,30,115,131,53,3,1.0,36
Sandy,5.4,5.3,170,87,102,42,2,3.1,27
Loamy,6.5,1.8,139,114,58,72,1,1.1,58
Clayey,4.9,7.5,92,63,273,81,5,2.6,4
Black,6.0,1.5,165,34,164,89,2,1.7,51
Sandy,6.5,7.5,152,15,70,78,3,1.0,33
Loamy,7.1,5.9,10,123,86,43,5,3.1,23
Clayey,8.3,3.3,116,98,43,36,4,0.5,17
Black,6.9,3.7,37,6,141,45,3,4.7,11
Sandy,7.5,6.2,59,35,68,13,4,3.9,0
Loamy,6.5,5.2,44,67,168,62,5,4.6,26
Clayey,7.0,5.7,165,121,204,80,5,0.3,25
Black,4.8,3.7,146,131,269,46,4,0.1,41
Sandy,5.5,4.4,161,40,164,88,1,1.9,37
Loamy,5.9,7.9,141,44,262,59,5,3.1,54
Clayey,6.4,2.5,193,27,168,79,2,1.3,39
Black,4.7,3.9,50,22,87,35,2,2.8,26
Sandy,5.1,3.0,76,83,243,34,5,3.1,6
Loamy,5.6,6.4,57,38,229,42,4,0.8,51
Clayey,8.4,6.3,95,111,211,76,4,3.9,0
Black,5.8,3.0,67,53,143,82,3,4.7,12
Sandy,6.4,1.6,48,66,69,46,4,3.2,5
Loamy,5.3,1.1,34,46,202,47,1,4.7,25
Clayey,6.9,4.0,69,28,266,36,1,1.3,44
Black,5.6,3.9,126,81,107,22,2,0.3,44
Sandy,5.3,7.9,95,99,157,32,5,1.3,22
Loamy,6.6,4.3,123,87,57,76,2,3.3,40
Clayey,4.5,2.8,184,97,68,64,5,3.0,1
Black,4.5,7.2,198,26,91,46,2,1.4,48
Sandy,5.4,4.4,93,109,277,21,5,2.1,14
Loamy,4.6,5.2,164,89,63,63,5,1.9,38
Clayey,4.9,1.7,133,65,135,29,2,4.8,0
Black,5.9,3.7,120,73,168,27,3,1.6,53
Sandy,7.7,7.6,51,10,298,16,1,1.0,21
Loamy,6.8,5.1,61,89,237,85,4,2.9,33
Clayey,6.6,3.4,57,118,90,11,1,0.7,24
Black,5.7,5.4,41,143,180,63,4,2.6,36
Sandy,8.2,7.4,161,28,292,17,5,3.5,0
Loamy,6.1,2.9,140,83,146,42,2,4.7,39
Clayey,4.8,4.5,127,114,189,55,2,4.5,12
Black,7.0,7.7,164,108,36,51,4,4.2,26
Sandy,5.0,2.2,177,55,258,72,2,2.0,26
Loamy,5.9,6.0,32,23,195,86,2,4.5,31
Clayey,6.5,5.3,144,135,229,42,2,3.6,44
Black,8.0,5.8,136,135,76,78,1,2.3,40
Sandy,6.5,3.5,46,132,208,79,2,2.9,21
Loamy,7.3,3.2,16,96,63,13,3,2.2,27
Clayey,8.5,5.8,86,35,141,67,4,1.1,17
Black,5.0,2.5,91,110,52,38,1,2.3,47
Sandy,5.6,3.9,104,128,47,30,1,4.1,18
Loamy,6.1,2.3,31,117,170,35,5,1.4,42
Clayey,6.2,1.1,87,140,82,50,5,3.2,8
Black,6.1,7.8,91,21,26,87,2,2.8,45
Sandy,8.1,4.0,154,103,130,43,1,4.6,4
Loamy,7.4,7.8,28,104,149,53,1,3.8,38
Clayey,6.9,2.0,104,108,151,10,2,1.9,28
Black,5.7,5.1,48,49,27,41,4,2.9,29
Sandy,7.8,2.4,126,101,48,41,1,4.6,0
Loamy,8.3,6.5,45,64,25,60,5,1.2,28
Clayey,7.8,6.5,24,118,131,33,2,2.4,17
Black,4.5,1.8,166,25,124,53,1,1.2,43
Sandy,7.0,7.4,69,116,226,85,5,2.2,9
Loamy,4.7,2.4,193,129,59,46,3,0.4,40
Clayey,5.5,5.3,177,32,287,75,1,4.4,20
Black,4.7,7.9,153,85,65,23,2,4.9,8
Sandy,6.9,7.2,170,86,260,26,5,2.9,11
Loamy,7.2,7.7,98,50,289,24,1,2.8,52
Clayey,5.0,3.4,25,48,174,70,5,4.8,0
Black,6.0,1.7,167,93,135,58,2,2.0,58
Sandy,6.3,2.3,107,122,56,17,1,3.1,23
Loamy,6.0,4.5,113,124,224,12,2,4.2,48
Clayey,5.0,6.6,53,67,268,84,4,2.6,15
Black,6.2,2.1,175,81,129,36,1,1.2,64
Sandy,7.5,5.6,60,92,99,18,1,4.1,3
Loamy,4.8,3.3,197,144,95,24,5,1.4,22
Clayey,4.8,3.4,27,82,289,41,1,4.2,6
Black,5.9,5.6,14,68,117,20,4,4.7,8
Sandy,8.3,4.3,177,8,95,12,5,2.8,0
Loamy,7.2,6.7,15,87,100,35,5,0.3,35
Clayey,7.2,2.1,85,10,82,16,3,4.8,0
Black,5.9,6.5,124,95,286,64,1,4.2,58
Sandy,6.9,1.4,21,26,52,48,3,0.7,10
Loamy,4.5,2.4,21,149,59,13,4,3.2,1
Clayey,7.0,5.6,82,33,193,39,1,1.6,46
Black,8.2,7.0,115,149,279,47,3,1.7,50
Sandy,7.0,2.8,159,6,243,60,3,2.9,24
Loamy,8.0,3.3,58,36,242,87,5,3.6,4
Clayey,7.4,4.8,187,107,286,45,3,0.2,45
Black,5.0,2.5,13,136,174,69,3,0.8,36
Sandy,8.1,6.7,187,121,283,60,1,4.5,15
Loamy,4.8,6.4,12,145,168,85,1,2.5,34
Clayey,6.6,2.0,153,65,244,58,5,2.5,21
Black,5.1,4.2,23,68,146,24,1,4.2,19
Sandy,4.5,6.4,73,81,24,82,4,0.7,1
Loamy,6.2,3.4,129,37,77,37,5,3.6,37
Clayey,5.7,5.4,178,102,91,34,4,2.6,27
Black,6.4,1.4,77,130,174,89,1,3.7,32
Sandy,6.8,5.3,68,65,187,45,1,3.4,25
Loamy,4.7,2.1,139,36,48,13,5,3.4,5
Clayey,5.0,6.8,128,143,101,30,3,4.3,15
Black,6.7,3.5,19,22,282,74,2,2.8,29
Sandy,5.9,3.0,84,49,125,78,2,2.1,25
Loamy,7.4,6.9,99,25,296,19,1,1.1,60
Clayey,7.1,1.4,110,16,29,59,4,1.8,22
Black,7.9,3.8,163,107,81,19,5,4.4,0
Sandy,7.3,3.6,141,24,243,25,3,1.8,25
Loamy,6.2,3.0,37,11,155,47,1,4.9,36
Clayey,7.2,7.4,139,95,243,76,4,3.1,19
Black,5.6,6.3,75,134,133,29,1,4.1,25
Sandy,5.7,1.4,153,47,279,78,2,2.5,19
Loamy,7.7,6.0,133,101,176,79,1,3.3,39
Clayey,6.3,4.7,66,25,248,34,4,4.9,12
Black,7.7,7.3,160,33,119,63,2,2.6,42
Sandy,7.8,3.2,160,36,274,21,1,1.4,24
Loamy,7.9,5.0,30,80,198,74,2,3.3,22
Clayey,8.2,4.5,112,107,294,63,5,4.6,0
Black,6.2,4.4,162,117,248,76,4,0.2,55
Sandy,5.8,4.2,67,108,50,30,4,5.0,0
Loamy,6.8,2.4,46,135,127,14,5,2.8,12
Clayey,6.0,6.3,186,43,128,67,4,4.0,23
Black,6.9,4.2,152,55,48,88,4,0.7,38
Sandy,7.3,7.7,165,120,36,13,1,1.5,33
Loamy,7.3,2.8,141,12,189,28,3,4.9,16
Clayey,6.0,5.8,56,114,194,64,1,1.5,53
Black,5.2,7.6,187,50,93,70,5,2.1,42
Sandy,6.2,5.6,197,10,259,81,5,1.5,30
Loamy,5.1,7.1,199,116,115,33,3,2.4,54
Clayey,8.1,6.8,112,62,21,77,1,0.9,28
Black,5.9,3.5,81,126,221,28,1,2.6,53
Sandy,5.1,5.2,180,119,56,33,1,1.6,43
Loamy,4.6,2.1,98,58,110,63,2,4.1,18
Clayey,7.1,4.7,67,80,252,30,2,2.0,42
Black,7.0,2.6,114,52,166,81,1,4.0,29
Sandy,5.9,6.2,189,74,272,28,2,3.2,33
Loamy,4.8,4.7,78,51,231,84,1,4.6,22
Clayey,6.1,3.9,55,121,83,62,5,4.1,4
Black,5.7,2.9,162,27,24,59,1,4.5,31
Sandy,7.2,8.0,34,146,165,32,2,2.7,24
Loamy,6.9,1.5,130,65,91,46,3,4.6,21
Clayey,6.0,1.3,44,130,124,37,5,0.9,16
Black,5.4,2.5,198,80,55,85,4,0.5,30
Sandy,8.5,7.8,24,69,166,89,3,2.7,0
Loamy,6.3,7.9,115,100,275,89,3,4.1,44
Clayey,7.3,5.6,137,110,247,87,4,1.1,30
Black,5.1,7.2,83,133,298,80,5,4.8,6
Sandy,6.4,2.5,97,43,132,30,4,1.0,25
Loamy,4.6,7.8,172,48,30,30,5,3.6,22
Clayey,6.5,2.0,38,109,213,50,5,4.6,0
Black,8.4,1.7,47,98,243,44,5,4.8,0
Sandy,6.0,1.8,33,137,269,10,3,3.3,6
Loamy,4.7,5.0,28,127,268,87,5,2.9,14
Clayey,4.6,6.5,183,128,288,76,4,0.5,20
Black,6.1,3.6,58,113,102,79,3,0.2,39
Sandy,5.1,7.8,53,76,48,13,5,4.9,0
Loamy,4.6,4.0,163,69,99,10,2,1.4,40
Clayey,7.5,2.1,162,83,114,30,2,0.5,34
Black,6.3,4.3,44,92,278,61,5,2.7,43
Sandy,5.7,5.8,173,147,141,62,2,1.6,38
Loamy,8.1,6.8,151,10,143,89,1,1.9,48
Clayey,5.0,4.2,65,70,42,65,3,1.8,30
Black,8.3,5.2,143,73,235,82,1,1.3,50
Sandy,5.8,2.9,41,119,111,75,3,4.8,0
Loamy,8.1,5.5,35,109,43,76,4,1.4,22
Clayey,6.9,7.9,152,102,126,42,2,2.8,35
Black,7.8,1.3,186,100,71,32,2,1.3,36
Sandy,8.4,7.2,65,50,218,15,2,3.8,0
Loamy,5.7,4.9,46,126,75,56,5,1.2,38
Clayey,8.3,2.8,134,35,213,67,3,3.1,17
Black,6.1,7.7,62,123,64,14,5,4.2,13
Sandy,6.0,4.4,195,130,258,86,2,1.4,45
Loamy,5.9,3.3,110,147,251,86,4,4.0,34
Clayey,6.7,2.3,87,136,258,18,2,0.6,25
Black,5.1,2.7,45,131,155,12,5,0.7,20
Sandy,6.7,6.8,110,112,32,70,2,2.1,37
Loamy,6.7,5.3,20,142,48,73,1,2.1,44
Clayey,7.5,7.4,36,45,197,55,1,2.6,35
Black,7.8,2.6,11,57,276,65,5,0.2,19
Sandy,6.3,1.8,31,91,127,48,1,0.7,32
Loamy,5.7,1.0,75,125,88,22,3,0.2,29
Clayey,5.5,4.6,121,80,195,50,3,4.8,14
Black,5.3,8.0,26,52,202,20,5,1.6,28
Sandy,4.7,5.9,141,147,261,50,1,3.5,25
Loamy,5.9,3.2,23,139,213,84,3,3.1,36
Clayey,5.6,7.1,16,76,41,56,1,3.7,18
Black,8.4,6.5,88,8,30,58,2,4.4,17
Sandy,6.7,1.1,153,128,278,74,1,1.2,28
Loamy,5.9,6.7,113,75,192,44,1,2.2,80
Clayey,6.8,3.1,156,130,224,44,5,1.7,29
Black,5.1,2.0,10,63,267,76,2,0.5,32
Sandy,6.3,2.6,40,113,278,13,3,0.3,21
Loamy,7.0,4.3,137,45,289,33,3,3.8,47
Clayey,6.5,4.0,141,34,100,45,1,0.7,55
Black,6.1,3.0,100,127,207,86,4,0.2,44
Sandy,8.5,2.2,67,34,250,65,4,2.2,6
Loamy,8.0,6.3,65,139,47,13,3,1.7,30
Clayey,7.0,7.9,190,56,22,49,1,0.4,48
Black,6.8,6.4,52,27,256,52,1,0.4,61
Sandy,7.0,3.1,83,128,200,67,2,4.6,4
Loamy,5.3,2.7,58,75,23,71,5,4.7,0
Clayey,6.1,2.5,121,107,91,16,4,2.5,20
Black,4.7,2.0,117,57,201,18,1,4.3,18
Sandy,6.4,4.9,69,109,123,31,3,4.0,15
Loamy,6.7,5.2,103,53,291,13,4,2.9,41
Clayey,5.4,5.9,153,115,106,45,5,3.8,10
Black,8.4,5.8,82,111,92,79,1,4.7,10
Sandy,8.1,3.0,108,95,110,76,4,2.9,0
Loamy,7.4,3.3,197,144,192,44,1,2.6,60
Clayey,6.6,5.8,123,21,206,42,5,0.1,35
Black,8.0,3.4,184,48,255,16,2,2.8,32
Sandy,5.0,2.5,24,75,181,64,4,4.1,0
Loamy,7.7,3.6,72,129,92,56,5,3.8,8
Clayey,5.0,2.9,37,97,244,71,2,3.3,9
Black,7.7,1.6,157,64,249,76,2,0.2,34
Sandy,5.6,6.8,170,57,273,73,5,4.6,0
Loamy,8.0,7.0,45,78,181,52,3,2.2,40
Clayey,8.3,2.5,134,148,269,27,5,2.9,0
Black,5.1,1.5,150,111,218,12,1,2.0,49
Sandy,6.4,6.2,71,102,259,68,3,1.8,43
Loamy,8.4,2.5,160,29,256,71,2,2.6,36
Clayey,6.4,3.8,22,70,95,48,4,2.5,22
Black,8.0,1.4,97,54,64,73,2,1.8,22
Sandy,6.9,2.6,49,73,198,82,4,4.0,0
Loamy,6.0,6.6,167,82,241,69,4,0.3,70
Clayey,5.6,6.6,133,138,36,51,5,0.7,28
Black,5.3,2.4,34,68,238,14,5,0.5,21
Sandy,7.5,3.4,163,32,103,55,2,2.9,24
Loamy,6.0,1.9,33,13,210,13,5,2.1,33
Clayey,6.5,1.5,106,10,151,23,2,2.3,33
Black,6.5,7.9,48,149,113,20,5,2.9,24
Sandy,6.8,5.6,118,103,114,69,5,1.7,23
Loamy,8.0,4.8,70,86,203,31,4,1.0,42
Clayey,8.4,6.4,186,123,151,14,3,1.6,22
Black,6.1,6.9,178,133,101,62,5,5.0,23
Sandy,7.8,6.6,29,67,131,21,5,4.8,0
Loamy,7.6,1.1,181,129,70,30,2,4.8,13
Clayey,6.8,2.3,25,22,208,88,4,0.2,9
Black,8.3,5.6,158,90,227,33,4,0.5,45
Sandy,5.3,3.6,24,24,168,22,3,0.3,10
Loamy,4.9,7.9,176,52,284,35,3,4.1,34
Clayey,7.9,5.7,51,58,132,49,3,5.0,0
Black,6.3,7.7,198,106,55,35,5,2.8,45
Sandy,7.9,2.4,13,93,130,54,2,3.5,0
Loamy,8.1,7.0,161,148,190,39,1,1.8,62
Clayey,4.7,3.2,140,51,97,73,2,3.9,0
Black,8.0,7.9,123,139,47,82,4,3.3,15
Sandy,6.3,2.1,138,114,64,47,3,4.0,14
Loamy,6.5,4.6,150,9,161,27,1,2.6,66
Clayey,7.0,6.5,63,115,34,18,4,1.1,15
Black,8.2,4.0,91,45,147,65,3,2.4,31
Sandy,4.6,4.3,49,140,186,47,1,1.6,27
Loamy,6.4,7.9,136,86,172,30,2,3.5,62
Clayey,7.3,4.0,148,35,82,80,4,0.8,20
Black,7.4,5.2,51,8,78,21,5,1.7,24
Sandy,7.3,1.4,102,60,222,45,1,0.1,39
Loamy,5.0,6.9,13,9,176,20,1,4.1,28
Clayey,5.7,5.5,34,85,22,76,2,2.1,21
Black,5.9,3.8,109,58,58,36,2,3.9,45
Sandy,7.7,1.1,173,128,297,72,4,0.6,3
Loamy,5.6,5.1,134,100,120,80,5,1.0,38
Clayey,5.3,1.1,181,97,188,75,3,4.3,0
Black,8.3,1.0,49,84,39,83,1,3.0,11
Sandy,4.5,5.3,101,5,160,76,1,0.1,27
Loamy,8.5,2.3,182,77,294,74,4,4.5,6
Clayey,7.2,2.3,145,65,212,43,3,4.9,7
Black,7.8,5.6,94,130,171,86,3,3.3,19
Sandy,5.7,1.4,44,11,255,87,3,3.7,0
Loamy,4.6,3.2,181,129,227,43,4,0.8,44
Clayey,7.5,2.0,155,19,56,73,1,3.9,10
Black,7.8,5.1,56,112,97,26,2,0.6,29
Sandy,7.5,5.6,162,8,191,60,1,4.5,22
Loamy,5.1,6.0,178,67,64,65,2,2.6,57
Clayey,7.5,2.8,14,74,103,57,2,0.8,23
Black,7.6,1.6,199,42,112,71,4,0.5,17
Sandy,7.1,1.6,134,6,173,65,3,2.3,23
Loamy,7.6,4.0,120,12,125,20,4,0.1,30
Clayey,7.9,7.6,81,55,228,29,2,4.8,0
Black,7.0,2.5,96,121,223,77,1,0.9,47
Sandy,4.9,2.8,12,116,267,43,2,2.2,13
Loamy,6.5,1.7,174,23,245,51,4,3.1,49
Clayey,4.8,5.2,102,98,67,50,1,3.4,24
Black,6.1,5.8,50,35,265,71,3,2.9,41
Sandy,6.1,5.5,157,84,50,26,4,1.0,28
Loamy,4.8,7.0,96,106,202,21,5,2.4,26
Clayey,5.9,4.4,177,26,276,77,2,1.7,50
Black,4.9,1.9,94,37,145,50,3,0.5,28
Sandy,7.7,3.0,145,144,238,23,3,2.0,14
Loamy,8.3,5.6,142,118,264,13,1,3.1,44
Clayey,4.8,5.3,34,68,158,86,4,0.6,6
Black,8.3,4.7,48,33,246,83,2,0.9,35
Sandy,6.6,5.8,174,17,276,23,5,0.5,20
Loamy,5.7,5.5,134,30,274,18,2,0.1,60
Clayey,4.8,7.2,114,26,89,52,4,4.7,0
Black,6.5,5.1,14,97,85,29,3,4.2,18
Sandy,7.7,6.5,145,80,21,10,5,1.2,3
Loamy,7.3,2.7,13,114,288,81,1,2.9,36
Clayey,4.7,5.7,178,96,148,26,4,4.0,0
Black,4.8,7.3,69,77,165,29,2,1.9,34
Sandy,6.1,3.7,63,123,132,68,4,3.7,9
Loamy,5.7,6.5,159,14,115,22,1,4.4,34
Clayey,5.4,6.1,87,52,286,86,2,2.5,29
Black,5.6,1.4,28,94,27,56,5,4.5,0
Sandy,7.7,5.1,108,10,239,59,2,1.1,35
Loamy,8.2,1.9,77,136,232,86,2,4.5,8
Clayey,6.1,7.8,42,95,121,49,1,4.0,28
Black,8.1,6.7,159,59,185,16,2,4.2,20
Sandy,5.8,1.8,148,130,281,64,4,0.1,35
Loamy,6.4,1.9,25,135,21,60,3,3.4,32
Clayey,5.4,5.2,136,11,221,85,1,2.1,44
Black,7.1,3.4,102,92,202,11,1,3.1,44
Sandy,8.4,1.2,53,90,278,23,1,0.5,9
Loamy,6.9,4.8,18,144,247,26,4,1.3,37
Clayey,5.9,3.7,87,103,219,86,4,1.8,30
Black,7.1,1.7,88,149,45,10,4,3.6,6
Sandy,5.0,6.6,199,79,121,10,4,2.8,10
Loamy,8.1,7.4,95,111,155,35,2,0.2,52
Clayey,6.5,6.3,24,149,216,55,1,1.7,53
Black,6.3,6.8,15,90,49,22,1,4.7,23
Sandy,6.8,2.5,10,5,152,43,5,1.0,5
Loamy,7.0,2.8,29,124,275,71,3,1.3,36
Clayey,4.8,2.5,173,71,39,82,2,1.6,15
Black,7.2,6.4,139,103,40,60,3,1.4,53
Sandy,5.5,7.6,79,53,60,50,2,0.7,31
Loamy,7.4,6.0,11,55,171,64,2,1.6,54
Clayey,7.8,7.2,140,75,21,37,2,2.7,26
Black,7.7,5.5,16,124,63,70,1,3.4,26
Sandy,6.7,3.7,93,116,60,16,3,3.2,2
Loamy,6.6,4.0,178,35,282,87,3,0.9,52
Clayey,5.1,1.5,63,28,192,11,4,3.1,0
Black,7.6,1.2,50,41,28,85,3,1.9,11
Sandy,5.6,5.9,124,67,72,11,4,4.1,0
Loamy,6.5,4.1,142,60,147,37,5,1.9,58
Clayey,5.6,4.9,111,22,38,63,4,4.9,3
Black,5.0,4.9,91,110,151,85,2,3.1,36
Sandy,7.0,2.9,72,81,32,67,1,2.2,27
Loamy,4.7,4.3,10,8,239,56,2,2.6,40
Clayey,7.5,4.3,34,125,286,70,5,1.0,24
Black,5.8,3.7,183,144,264,49,1,3.4,62
Sandy,4.5,6.7,152,52,277,27,5,4.8,0
Loamy,6.5,4.2,154,30,159,23,2,2.6,61
Clayey,4.7,5.2,158,112,266,34,1,5.0,15
Black,5.6,7.3,190,42,251,19,5,0.8,40
Sandy,7.3,7.1,64,84,75,57,4,3.2,7
Loamy,4.8,7.2,116,32,107,57,3,3.4,34
Clayey,7.9,2.9,147,65,273,70,2,1.6,33
Black,4.5,1.2,194,93,71,62,4,1.8,26
Sandy,5.5,2.8,74,93,266,18,5,4.7,0
Loamy,7.5,3.0,46,144,271,20,5,3.1,18
Clayey,5.8,7.4,121,12,144,36,1,3.9,39
Black,4.9,5.5,16,126,220,68,4,3.7,15
Sandy,5.9,1.6,85,107,151,67,5,3.1,9
Loamy,5.6,1.9,49,92,196,22,1,0.3,42
Clayey,7.9,2.1,187,27,71,74,3,3.3,0
Black,5.8,5.4,10,41,53,20,3,1.8,39
Sandy,7.7,6.1,157,15,41,66,1,2.4,29
Loamy,8.1,7.0,117,21,160,76,4,4.3,14
Clayey,6.2,7.6,168,134,290,75,1,4.8,27
Black,8.1,2.4,77,33,187,33,1,3.5,27
Sandy,6.0,3.2,21,61,57,58,4,1.2,20
Loamy,8.4,2.7,159,82,265,49,3,1.7,48
Clayey,4.9,3.5,138,126,254,88,5,0.8,10
Black,7.2,7.4,135,116,74,79,3,2.9,34
Sandy,6.5,5.0,10,97,139,11,4,4.7,0
Loamy,6.1,6.2,140,6,85,63,2,4.1,52
Clayey,7.0,4.4,126,128,185,24,4,2.8,19
Black,7.3,1.2,158,35,229,57,3,4.7,21
Sandy,4.5,1.4,22,121,94,63,3,4.5,0
Loamy,5.2,4.8,198,117,153,55,4,1.9,57
Clayey,7.4,6.0,150,48,284,66,4,2.8,32
Black,7.2,2.5,114,131,193,64,4,1.6,44
Sandy,8.4,6.1,170,94,262,69,3,0.1,30
Loamy,7.5,6.7,143,118,108,39,1,2.3,65
Clayey,8.3,3.9,34,78,269,37,2,3.8,7
Black,7.3,6.2,160,50,50,61,1,3.2,51
Sandy,5.7,3.8,97,58,296,50,3,4.6,5
Loamy,4.9,5.7,110,113,57,30,1,3.5,43
Clayey,7.6,6.3,35,28,157,51,4,0.8,16
Black,7.1,7.9,141,61,95,22,5,1.4,33
Sandy,4.7,3.4,111,76,272,54,4,0.7,20
Loamy,5.9,3.9,172,73,98,63,2,4.0,49
Clayey,8.3,2.2,109,32,57,28,4,4.8,0
Black,6.5,2.4,34,37,182,36,5,1.2,38
Sandy,6.2,5.9,157,57,147,49,3,3.9,24
Loamy,6.3,7.4,10,126,177,16,1,2.2,56
Clayey,5.3,3.8,103,20,102,34,4,1.8,29
Black,6.0,2.3,77,144,236,58,1,4.9,35
Sandy,6.0,3.0,32,91,221,45,2,1.8,38
Loamy,4.7,4.2,115,109,297,80,1,3.3,42
Clayey,7.6,3.0,159,81,171,33,2,3.6,15
Black,6.2,2.6,104,91,45,70,2,3.9,41
Sandy,7.8,6.2,71,35,273,78,4,4.3,0
Loamy,7.9,1.1,138,104,270,61,5,2.9,24
Clayey,5.3,4.8,196,40,186,45,1,3.1,41
Black,7.1,6.6,77,63,159,60,2,3.6,39
Sandy,6.4,2.9,156,110,248,42,2,0.8,48
Loamy,8.0,5.2,39,7,92,62,2,1.1,42
Clayey,5.4,5.7,138,125,255,83,3,3.8,17
Black,7.2,5.6,57,19,214,47,1,0.8,61
Sandy,6.9,4.1,28,79,107,53,1,3.5,16
Loamy,5.7,3.4,136,5,116,14,2,0.3,48
Clayey,5.0,6.9,189,137,185,40,1,1.8,52
Black,7.1,6.3,159,94,222,18,1,3.3,47
Sandy,7.5,3.2,59,10,206,41,3,3.6,9
Loamy,5.8,1.7,143,137,294,50,2,3.2,58
Clayey,7.1,1.5,158,120,39,14,1,2.3,24
Black,6.1,1.7,156,77,92,60,5,1.3,43
Sandy,7.4,5.1,174,73,101,63,2,3.1,27
Loamy,5.3,1.4,72,48,46,37,1,1.0,50
Clayey,8.1,3.4,166,148,160,52,3,0.4,27
Black,5.6,6.3,197,72,66,21,5,0.2,33
Sandy,6.0,3.1,171,45,131,78,4,1.4,22
Loamy,4.7,6.3,138,74,254,81,4,0.2,40
Clayey,4.9,6.2,57,35,170,26,5,1.3,3
Black,6.6,2.7,98,21,145,17,4,1.5,26
Sandy,5.6,6.1,136,141,26,27,5,1.8,13
Loamy,7.8,6.2,158,59,69,19,1,3.6,32
Clayey,4.6,3.8,171,10,85,48,4,2.3,16
Black,6.0,2.5,163,136,186,50,4,4.9,25
Sandy,5.8,4.6,45,111,271,53,5,4.7,3
Loamy,4.6,7.4,160,92,282,78,1,4.9,25
Clayey,5.0,5.5,90,22,215,52,1,2.1,48
Black,6.2,2.2,56,52,202,56,2,0.3,57
Sandy,6.5,5.8,181,33,283,84,2,4.3,22
Loamy,6.1,4.0,157,80,294,57,1,2.2,80
Clayey,6.6,5.1,36,67,137,28,5,3.2,0
Black,6.9,6.1,198,13,296,30,3,4.2,38
Sandy,4.5,4.6,174,18,151,12,3,3.1,6
Loamy,6.4,6.7,61,24,166,65,2,3.7,52
Clayey,8.4,6.1,84,14,48,52,4,1.3,17
Black,6.6,5.3,101,143,244,10,3,1.1,50
Sandy,7.2,2.1,71,74,158,45,4,2.8,8
Loamy,5.7,6.9,75,76,45,15,4,3.2,24
Clayey,7.6,7.6,161,69,286,83,1,4.4,10
Black,7.6,2.0,89,108,116,55,3,4.1,7
Sandy,6.6,4.4,149,64,157,32,3,4.9,7
Loamy,8.4,2.8,153,142,115,29,4,4.8,0
Clayey,5.0,6.3,173,67,76,62,4,3.2,21
Black,4.6,6.1,139,134,142,47,1,2.6,47
Sandy,7.6,2.0,199,40,250,44,5,3.8,0
Loamy,7.7,7.1,73,122,105,43,3,1.4,41
Clayey,5.0,2.3,38,61,70,59,3,1.8,18
Black,5.6,6.6,96,83,247,56,1,3.9,46
Sandy,4.6,4.2,105,24,25,45,1,4.8,5
Loamy,5.7,3.3,40,46,292,25,5,4.5,3
Clayey,7.6,2.1,92,25,21,58,4,0.5,9
Black,6.6,2.2,152,97,295,74,3,1.2,41
Sandy,5.9,5.6,192,82,110,72,4,1.4,28
Loamy,6.0,4.9,42,28,281,61,3,2.0,65
Clayey,4.5,1.9,189,30,261,82,1,0.4,25
Black,5.7,1.8,109,134,265,85,1,1.2,50
Sandy,7.1,1.5,157,113,98,69,1,3.6,16
Loamy,8.4,6.2,82,38,77,26,5,1.3,22
Clayey,7.9,6.0,175,103,244,76,3,4.7,0
Black,4.6,1.4,140,147,221,47,1,2.2,47
Sandy,8.1,4.9,191,59,25,38,5,0.6,13
Loamy,7.6,1.6,27,7,49,40,4,4.2,0
Clayey,7.6,7.3,135,80,170,68,5,4.6,0
Black,6.3,7.3,16,149,55,63,5,4.6,14
Sandy,6.1,5.9,172,53,129,62,2,2.5,43
Loamy,5.7,7.5,133,92,140,35,4,4.6,27
Clayey,4.8,6.7,123,44,260,22,2,3.6,14
Black,5.4,6.8,93,108,278,66,3,1.1,55
Sandy,5.5,5.0,93,108,109,28,5,2.7,0
Loamy,6.4,3.1,92,45,49,36,5,2.2,45
Clayey,7.5,2.5,114,48,256,22,5,2.3,14
Black,6.4,3.3,111,85,189,61,5,2.1,50
Sandy,4.7,5.4,102,88,168,73,2,1.0,22
Loamy,8.3,2.2,69,143,107,67,3,2.0,31
Clayey,8.3,2.8,111,146,23,28,2,2.6,10
Black,7.6,4.3,33,16,271,12,5,1.5,19
Sandy,8.5,2.6,118,21,70,76,3,1.0,5
Loamy,6.7,5.1,176,94,43,35,4,1.1,53
Clayey,8.4,7.5,149,29,65,15,2,1.0,23
Black,4.8,6.2,103,30,135,22,1,2.3,40
Sandy,6.0,5.7,190,64,46,36,4,1.1,38
Loamy,5.4,5.1,73,64,114,19,4,3.6,20
Clayey,5.3,4.4,13,31,118,25,5,1.7,5
Black,5.1,2.3,103,80,135,32,5,4.7,7
Sandy,7.0,7.3,142,24,295,56,4,0.4,35
Loamy,7.6,2.7,25,86,114,21,2,1.6,24
Clayey,6.8,1.6,36,14,218,37,3,3.7,6
Black,5.1,6.3,141,34,165,86,2,3.5,37
Sandy,7.7,2.2,81,5,174,27,2,2.2,5
Loamy,7.0,3.6,57,58,289,67,4,4.4,22
Clayey,6.1,1.2,145,8,295,11,2,0.4,38
Black,7.2,2.0,90,139,275,55,3,2.6,39
Sandy,5.5,2.2,183,34,64,26,4,1.1,9
Loamy,5.9,1.4,53,94,20,73,2,1.9,43
Clayey,8.2,5.6,61,69,166,74,5,3.5,0
Black,5.7,6.9,43,128,174,63,2,0.6,52
Sandy,6.4,3.6,199,33,75,52,4,0.3,33
Loamy,8.1,7.1,30,44,245,87,4,2.2,26
Clayey,7.3,2.5,33,30,26,85,5,1.4,0
Black,4.7,3.3,53,21,39,64,4,3.6,7
Sandy,5.1,2.1,123,12,178,23,1,0.4,28
Loamy,4.5,5.3,178,73,98,53,4,4.8,15
Clayey,7.0,3.9,166,5,20,47,2,3.1,28
Black,6.3,5.3,112,83,248,67,3,2.6,64
Sandy,5.0,6.3,143,75,232,58,2,2.1,44
Loamy,8.3,4.8,65,50,267,25,4,3.8,14
Clayey,6.6,5.4,23,112,138,83,1,1.8,26
Black,5.5,7.5,187,103,246,39,2,3.9,46
Sandy,6.5,3.1,110,128,43,77,3,3.6,11
Loamy,7.2,3.5,189,6,209,80,2,2.8,47
Clayey,4.8,6.0,10,75,76,89,5,4.5,0
Black,5.6,5.3,21,107,108,46,1,1.8,51
Sandy,7.7,2.2,124,81,294,78,4,0.4,6
Loamy,6.3,3.6,115,101,128,64,2,1.9,68
Clayey,6.7,4.3,161,34,160,48,2,4.4,22
Black,6.2,3.9,46,34,263,66,2,0.5,61
Sandy,4.7,2.2,12,28,93,58,2,3.8,0
Loamy,5.2,7.5,164,65,281,72,3,4.1,34
Clayey,6.3,6.3,62,145,195,43,5,2.2,32
Black,5.3,4.4,109,129,249,66,5,1.1,50
Sandy,4.7,5.8,26,84,95,71,1,1.8,11
Loamy,7.9,7.3,122,19,202,48,1,2.1,64
Clayey,8.4,2.0,119,15,293,83,3,4.7,0
Black,7.7,2.8,152,144,296,76,5,1.5,23
Sandy,7.9,4.8,176,90,246,71,1,4.9,0
Loamy,5.5,6.6,13,93,184,38,4,0.6,44
Clayey,8.3,1.3,154,7,294,40,5,4.9,0
Black,5.3,7.9,148,28,236,69,2,1.2,65
Sandy,8.3,4.2,21,93,209,48,5,0.9,8
Loamy,8.5,3.5,41,13,37,88,4,0.7,18
Clayey,7.3,3.0,164,50,251,10,2,1.6,34
Black,8.4,2.2,181,98,203,65,5,3.1,20
Sandy,6.8,6.5,52,75,125,67,2,3.4,15
Loamy,5.5,7.7,186,143,262,30,2,1.9,70
Clayey,6.2,3.9,113,14,72,63,3,1.2,44
Black,6.9,7.7,102,7,245,80,4,5.0,15
Sandy,4.8,6.8,52,23,221,52,3,1.4,21
Loamy,7.0,4.4,140,134,105,63,5,2.0,48
Clayey,8.4,5.7,166,149,69,11,2,2.5,18
Black,5.3,4.0,94,134,279,23,5,3.7,15
Sandy,7.7,4.9,44,148,214,12,5,0.8,0
Loamy,8.1,1.4,126,117,267,23,3,1.4,34
Clayey,8.3,5.9,185,142,75,14,5,5.0,0
Black,8.3,1.4,176,47,196,48,4,4.1,10
Sandy,6.6,6.7,161,62,169,10,2,2.3,29
Loamy,8.4,6.8,29,117,32,52,1,0.6,46
Clayey,7.5,2.7,152,126,83,68,4,4.3,3
Black,5.1,3.3,94,89,124,87,1,3.9,23
Sandy,6.4,4.4,126,110,258,24,1,2.9,41
Loamy,7.4,5.2,115,148,53,55,3,2.1,57
Clayey,5.5,3.0,155,104,58,16,1,4.7,5
Black,7.1,5.1,197,103,244,51,2,1.5,65
Sandy,7.2,3.1,114,13,148,16,3,1.7,17
Loamy,5.2,1.4,102,10,152,56,4,4.4,22
Clayey,6.8,1.0,50,112,59,87,4,3.2,0
Black,7.6,1.7,109,142,240,28,4,4.8,0
Sandy,6.5,6.5,78,86,113,62,5,3.3,13
Loamy,4.5,7.7,115,31,118,25,3,0.3,38
Clayey,4.5,4.0,148,123,79,71,3,1.0,15
Black,5.9,4.6,193,104,148,75,3,1.5,53
Sandy,8.2,2.0,155,7,151,74,2,4.3,0
Loamy,5.4,4.9,149,42,88,60,3,4.2,36
Clayey,7.0,2.0,153,78,33,45,2,4.0,14
Black,5.4,5.3,36,77,170,44,4,2.8,33
Sandy,5.8,7.5,109,21,193,33,5,0.8,37
Loamy,7.9,2.4,154,110,215,78,1,0.7,47
Clayey,7.4,6.4,94,52,51,38,5,0.7,23
Black,4.9,1.2,128,88,92,10,5,4.3,0
Sandy,6.2,3.6,40,11,213,66,5,0.8,24
Loamy,4.6,1.8,118,130,69,18,1,4.1,17
Clayey,6.4,3.5,172,85,76,89,2,4.2,16
Black,7.1,2.2,36,56,136,24,4,0.6,18
Sandy,5.0,3.6,96,17,211,83,1,4.5,5
Loamy,5.7,3.9,169,38,236,25,4,4.5,21
Clayey,6.1,3.1,26,131,130,57,2,3.2,23
Black,8.2,5.6,20,109,108,45,4,2.6,19
Sandy,8.5,7.4,138,136,176,62,2,3.3,19
Loamy,4.7,3.8,91,48,88,88,1,2.1,38
Clayey,7.5,2.3,58,130,289,12,1,3.0,17
Black,6.0,2.9,50,147,244,28,4,4.9,9
Sandy,6.1,7.0,29,12,24,50,4,0.7,26
Loamy,7.5,5.0,80,118,262,46,5,1.2,48
Clayey,8.2,4.2,46,9,137,68,5,2.7,0
Black,8.3,2.0,135,90,191,76,4,1.4,23
Sandy,6.8,4.1,153,77,162,17,5,5.0,0
Loamy,5.9,2.9,48,96,276,23,4,3.6,27
Clayey,7.7,7.6,118,125,97,70,3,2.2,26
Black,5.5,7.2,182,50,76,44,5,4.5,18
Sandy,6.8,1.6,73,120,39,25,4,0.8,0
Loamy,5.9,4.6,184,117,33,80,3,1.5,58
Clayey,7.1,2.6,32,70,225,44,5,4.8,0
Black,5.5,3.9,41,35,256,17,1,2.8,38
Sandy,5.3,7.1,186,55,200,69,4,4.6,6
Loamy,8.2,4.7,132,45,208,21,1,4.9,25
Clayey,4.9,3.3,28,55,166,58,5,1.9,4
Black,6.5,2.5,115,99,61,89,3,2.9,36
Sandy,5.4,6.6,76,77,20,77,4,4.2,0
Loamy,4.7,5.4,176,135,123,44,3,1.4,48
Clayey,4.6,4.3,98,42,274,54,1,2.3,37
Black,5.2,2.5,69,45,228,50,4,0.9,39
Sandy,8.0,3.3,20,133,237,70,1,3.3,8
Loamy,5.6,7.7,58,58,97,85,1,0.1,49
Clayey,8.3,4.6,152,90,70,24,3,2.3,15
Black,6.8,3.8,137,17,119,76,5,4.7,2
Sandy,6.2,4.6,70,44,231,68,1,4.5,27
Loamy,6.8,6.5,180,25,256,11,1,4.0,45
Clayey,6.6,3.4,152,33,176,15,2,0.8,32
Black,7.5,2.3,14,129,33,66,3,2.6,25
Sandy,5.6,5.1,38,36,135,25,1,3.6,6
Loamy,5.9,5.7,199,15,158,32,2,0.6,77
Clayey,8.1,6.0,197,40,94,50,3,0.8,28
Black,8.3,7.2,78,97,43,39,4,0.3,31
Sandy,8.1,3.6,159,116,196,76,5,1.7,2
Loamy,6.2,1.5,22,146,74,64,3,4.4,21
Clayey,7.6,7.7,187,121,232,89,1,2.6,29
Black,6.4,4.0,125,54,182,13,2,4.3,36
Sandy,6.5,5.4,184,127,183,37,2,0.5,52
Loamy,5.3,5.7,119,77,108,59,4,0.4,53
Clayey,6.9,4.8,166,101,34,37,2,4.0,23
Black,5.2,2.4,89,91,141,62,1,2.5,44
Sandy,5.8,6.3,109,101,197,76,3,2.4,33
Loamy,7.9,6.6,26,114,288,35,4,2.4,34
Clayey,5.3,4.9,157,114,124,48,5,2.0,28
Black,4.8,4.4,123,59,178,22,5,4.4,2
Sandy,4.8,1.8,15,98,24,80,1,2.7,0
Loamy,8.3,1.6,31,113,160,63,4,4.9,0
Clayey,6.5,3.4,146,133,188,22,4,4.2,10
Black,6.1,3.2,169,19,36,68,1,3.7,50
Sandy,7.7,7.7,97,24,51,13,4,3.2,0
Loamy,7.8,6.5,42,148,24,89,2,4.2,11
Clayey,5.8,5.6,79,56,156,66,2,4.4,25
Black,7.3,4.6,58,91,126,69,1,0.8,54
Sandy,7.6,2.2,113,69,181,56,1,1.9,28
Loamy,7.1,7.8,167,115,276,86,2,4.0,40
Clayey,5.1,3.6,111,88,187,83,3,1.2,27
Black,8.0,1.7,153,115,264,14,1,3.0,30
Sandy,6.7,4.5,115,74,132,45,2,3.9,19
Loamy,5.6,7.1,91,133,197,28,3,1.2,47
Clayey,6.2,7.2,95,98,209,39,3,2.1,49
Black,4.7,1.1,23,130,30,50,2,4.6,0
Sandy,5.0,7.2,193,20,42,57,2,1.8,38
Loamy,7.6,2.9,174,22,138,37,4,3.1,25
Clayey,4.5,1.3,58,81,88,40,3,2.2,5
Black,6.2,6.9,59,48,153,66,5,4.4,23
Sandy,6.6,7.0,173,54,272,52,4,2.2,33
Loamy,4.7,5.2,189,96,70,74,4,1.9,33
Clayey,8.4,5.0,32,18,62,18,3,0.9,7
Black,5.4,6.7,75,56,160,21,3,1.8,40
Sandy,5.7,6.5,182,97,44,21,3,3.4,9
Loamy,5.7,7.2,124,125,289,51,1,1.0,75
Clayey,5.4,4.9,37,54,123,82,2,3.6,6
Black,4.5,7.8,29,127,172,62,2,0.2,40
Sandy,7.4,8.0,186,21,180,66,2,1.9,42
Loamy,8.4,1.8,194,128,64,25,3,2.4,24
Clayey,5.4,6.9,130,124,185,86,4,0.6,27
Black,7.2,4.5,106,135,226,59,3,3.5,45
Sandy,7.5,3.7,196,99,127,13,3,0.6,19
Loamy,7.9,5.3,128,37,84,22,4,0.5,33
Clayey,6.2,1.4,118,5,286,69,5,1.9,34
Black,5.7,4.5,35,119,204,37,1,3.7,42
Sandy,5.8,7.1,156,8,243,21,5,4.8,2
Loamy,7.4,2.5,115,61,172,33,3,3.9,35
Clayey,7.8,4.0,150,60,205,10,2,2.4,23
Black,5.2,7.6,71,67,245,43,2,1.4,58
Sandy,6.0,4.0,135,107,219,12,4,1.6,32
Loamy,8.1,3.5,151,121,30,31,3,1.5,43
Clayey,7.7,4.1,148,11,296,36,4,1.5,30
Black,8.4,4.6,76,146,22,30,4,0.4,31
Sandy,7.5,5.4,21,129,297,22,1,1.2,28
Loamy,6.1,6.6,44,94,81,53,4,0.6,53
Clayey,6.9,4.2,119,59,24,89,3,0.1,28
Black,7.1,6.7,176,119,28,33,1,1.5,63
Sandy,4.8,4.7,169,127,77,55,2,1.8,28
Loamy,6.7,3.4,23,120,299,26,1,4.6,22
Clayey,7.3,5.6,164,119,257,14,3,5.0,5
Black,5.2,6.0,110,118,146,47,5,2.9,34
Sandy,7.6,4.9,69,100,256,68,1,4.5,7
Loamy,6.8,1.4,52,84,238,36,5,3.1,24
Clayey,8.3,2.2,64,7,197,63,1,2.5,20
Black,4.7,3.0,118,134,168,80,1,0.3,41
Sandy,5.6,3.0,102,115,57,64,4,0.3,22
Loamy,6.9,5.7,172,24,137,80,5,0.3,38
Clayey,5.7,1.1,104,119,116,52,5,0.8,16
Black,7.4,6.3,169,79,36,47,1,0.5,63
Sandy,7.5,2.9,156,40,298,70,3,1.1,33
Loamy,4.9,3.2,104,106,173,54,3,2.6,40
Clayey,6.6,4.7,176,80,113,67,5,2.6,22
Black,6.5,2.5,157,65,194,38,4,1.8,54
Sandy,6.0,7.2,37,64,48,63,4,3.4,13
Loamy,8.2,1.6,12,121,53,43,3,2.0,24
Clayey,7.8,4.1,169,40,29,30,4,1.2,23
Black,7.3,6.9,95,72,295,54,1,3.5,50
Sandy,7.4,5.3,117,48,120,10,1,4.9,3
Loamy,6.3,3.0,195,81,160,19,5,4.1,25
Clayey,8.2,3.9,191,94,106,67,2,2.1,28
Black,7.3,5.9,179,33,147,37,3,1.9,53
Sandy,7.4,7.8,126,140,225,70,3,0.3,40
Loamy,7.9,7.3,117,137,108,39,2,3.3,40
Clayey,5.6,3.4,24,100,101,37,4,1.2,16
Black,7.7,8.0,71,130,231,38,1,3.4,39
Sandy,5.3,1.0,40,142,138,40,1,3.8,2
Loamy,5.9,1.2,198,14,155,77,3,4.4,26
Clayey,5.8,6.8,35,138,280,83,3,2.8,26
Black,8.4,2.4,194,20,295,40,4,4.2,15
Sandy,7.9,1.4,157,30,227,50,4,3.6,0
Loamy,7.3,2.7,75,25,262,73,3,1.8,41
Clayey,7.4,4.0,158,104,119,51,4,0.6,30
Black,6.7,6.1,124,110,134,53,2,1.3,58
Sandy,8.3,5.4,69,34,35,40,1,4.2,3
Loamy,6.5,2.7,72,137,23,20,3,2.7,37
Clayey,6.0,4.5,188,142,285,45,2,3.4,46
Black,5.2,7.5,110,99,67,41,2,4.0,38
Sandy,7.6,6.7,176,143,242,48,5,3.4,6
Loamy,7.4,3.3,109,139,223,76,3,4.3,26
Clayey,6.0,7.9,148,144,39,69,5,0.5,38
Black,4.6,6.0,128,68,213,34,2,4.5,30
Sandy,7.9,1.4,66,127,30,37,3,4.1,0
Loamy,4.5,1.2,140,117,39,28,5,4.5,0
Clayey,7.3,2.2,46,45,298,38,1,3.7,19
Black,8.4,6.1,120,32,54,59,3,1.4,43
Sandy,6.3,2.3,162,127,285,28,5,0.7,21
Loamy,5.4,4.6,158,84,251,65,4,0.7,60
Clayey,7.3,1.7,121,7,57,27,3,2.5,13
Black,7.8,7.4,179,105,102,54,4,2.0,38
Sandy,6.7,3.4,10,36,51,89,3,3.3,0
Loamy,8.4,7.4,32,25,73,50,5,2.6,21
Clayey,4.7,7.6,116,125,244,22,5,0.7,15
Black,6.5,1.0,122,59,126,77,3,0.1,41
Sandy,7.4,4.2,161,22,44,86,2,0.7,28
Loamy,8.0,1.2,184,57,64,77,5,0.8,16
Clayey,5.2,7.4,98,116,137,33,3,3.6,17
Black,7.7,4.6,144,125,144,42,3,1.5,43
Sandy,6.7,1.5,47,114,55,82,1,0.6,12
Loamy,6.1,1.8,56,79,186,64,4,3.8,30
Clayey,5.0,3.7,112,65,288,12,1,4.7,14
Black,8.0,7.6,172,12,213,12,4,0.6,35
Sandy,5.1,5.9,71,16,143,39,4,4.8,0
Loamy,5.7,7.1,82,45,290,27,1,4.8,31
Clayey,5.7,3.6,12,131,77,75,2,2.7,8
Black,8.0,1.3,111,141,78,52,3,1.5,31
Sandy,7.2,7.8,157,82,236,82,5,0.8,20
Loamy,7.7,1.1,114,143,88,75,3,4.1,5
Clayey,5.5,7.6,53,145,263,36,1,3.1,35
Black,7.0,3.6,169,93,122,28,2,3.3,30
Sandy,6.8,1.1,109,68,24,25,5,4.3,0
Loamy,7.8,5.8,35,68,283,35,5,2.3,31
Clayey,8.1,7.9,57,74,260,23,2,1.9,21
Black,4.5,7.8,14,59,241,56,5,3.8,9
Sandy,7.2,2.1,68,41,248,27,5,1.6,3
Loamy,4.7,2.3,70,29,51,37,2,1.7,36
Clayey,6.7,5.0,58,118,43,28,1,2.0,29
Black,5.7,5.5,167,27,206,39,1,4.3,47
Sandy,5.7,6.2,154,140,147,30,5,3.9,4
Loamy,5.9,2.3,79,21,131,30,1,1.5,62
Clayey,7.0,7.7,195,99,168,57,1,0.8,52
Black,5.8,5.5,198,94,170,64,5,2.0,57
Sandy,7.4,6.9,24,79,193,39,5,3.2,2
Loamy,6.1,4.8,10,66,216,51,1,3.4,57
Clayey,4.8,3.9,150,15,274,46,4,1.1,26
Black,7.6,7.8,185,125,187,50,2,1.3,52
Sandy,5.6,5.1,137,60,101,55,1,4.7,16
Loamy,6.2,7.1,171,57,89,69,1,2.0,78
Clayey,7.2,7.7,134,89,32,83,4,1.6,23
Black,5.8,5.7,167,32,138,10,3,3.5,38
Sandy,4.7,4.8,28,90,231,63,3,2.4,14
Loamy,6.0,1.0,128,119,121,44,2,1.3,61
Clayey,8.3,1.3,73,50,296,25,5,2.1,0
Black,7.1,2.4,75,22,215,14,1,0.8,45
Sandy,7.2,2.3,66,27,96,40,4,1.5,11
Loamy,7.0,2.8,53,103,224,46,5,2.2,37
Clayey,5.3,3.1,21,33,248,34,5,2.6,11
Black,6.2,3.5,131,56,208,71,3,3.7,38
Sandy,7.5,3.9,177,114,118,34,1,2.0,39
Loamy,4.9,1.7,33,110,237,76,2,2.8,21
Clayey,5.6,1.3,148,50,213,47,4,4.8,0
Black,5.6,5.7,10,5,62,57,1,4.1,28
Sandy,6.2,4.8,195,148,143,73,5,1.3,23
Loamy,8.4,4.1,37,29,39,11,5,1.1,17
Clayey,4.8,5.4,77,66,187,73,2,3.3,7
Black,6.6,6.8,114,86,65,78,3,3.0,33
Sandy,5.2,4.0,103,84,242,29,2,2.8,24
Loamy,8.4,5.5,133,148,98,20,2,0.9,43
Clayey,5.0,7.7,196,95,189,40,1,1.9,52
Black,6.1,6.9,133,125,265,44,3,3.8,52
Sandy,7.5,4.0,31,57,290,53,5,3.6,0
Loamy,7.3,5.5,166,48,118,64,3,0.9,58
Clayey,6.2,2.2,98,36,160,54,1,2.2,46
Black,5.9,4.9,54,27,128,30,1,2.3,61
Sandy,6.1,7.9,133,23,156,61,2,2.6,46
Loamy,5.6,4.6,154,33,140,29,1,2.4,54
Clayey,5.3,7.5,88,73,118,18,3,2.6,16
Black,6.4,3.9,48,144,85,18,2,4.1,23
Sandy,5.6,8.0,177,14,163,67,2,2.0,42
Loamy,5.6,5.1,37,115,129,80,2,2.8,34
Clayey,7.1,1.3,139,41,149,42,3,3.1,15
Black,8.4,5.1,164,85,276,10,2,4.7,18
Sandy,6.9,2.9,158,100,229,12,4,3.3,5
Loamy,4.8,1.2,96,59,265,48,4,0.7,33
Clayey,4.8,6.7,144,136,173,21,3,3.0,12
Black,8.3,2.9,198,132,152,25,5,3.3,7
Sandy,5.7,6.6,61,67,40,86,5,0.1,5
Loamy,4.9,3.0,185,16,54,59,2,0.5,47
Clayey,6.9,2.4,135,12,243,36,3,0.2,37
Black,7.0,7.8,156,36,143,38,2,0.3,58
Sandy,7.1,3.5,82,53,259,87,2,0.5,24
Loamy,5.6,5.2,149,108,23,78,4,4.8,15
Clayey,4.6,5.3,103,91,142,61,1,1.1,38
Black,8.4,4.9,11,103,61,15,3,1.1,20
Sandy,5.5,7.4,26,54,188,33,1,4.3,12
Loamy,7.2,5.7,134,100,299,49,4,3.8,42
Clayey,7.3,3.8,140,67,244,42,1,3.4,37
Black,6.9,7.0,30,70,204,18,4,2.2,31
Sandy,5.8,2.3,87,107,30,58,5,0.3,18
Loamy,5.6,4.8,88,50,192,76,4,4.2,19
Clayey,6.9,7.7,60,147,115,32,3,4.3,6
Black,8.0,5.4,115,20,297,31,5,2.5,35
Sandy,8.3,6.7,114,124,158,81,2,3.3,9
Loamy,4.9,5.6,19,94,185,87,3,2.4,25
Clayey,5.1,6.9,125,76,206,17,3,1.6,35
Black,8.3,7.6,64,20,105,28,3,2.7,18
Sandy,7.4,2.9,45,89,250,47,1,3.5,18
Loamy,8.0,2.2,60,43,157,15,1,0.9,34
Clayey,5.3,4.4,83,143,38,61,2,2.7,30
Black,6.9,5.9,26,40,175,43,1,3.9,36
Sandy,7.3,2.6,70,22,114,83,3,2.4,3
Loamy,7.2,1.0,100,81,36,20,4,0.9,26
Clayey,6.1,3.4,150,53,299,52,2,4.4,31
Black,4.6,7.8,104,107,280,44,2,3.4,41
Sandy,6.8,5.9,89,48,179,20,3,3.2,8
Loamy,5.5,3.8,112,113,100,49,5,3.3,31
Clayey,6.3,2.3,57,133,204,41,1,1.3,47
Black,8.3,3.5,95,11,232,58,5,2.5,25
Sandy,6.1,2.2,79,52,186,66,3,1.7,31
Loamy,7.9,1.7,56,116,225,74,5,4.2,0
Clayey,5.3,7.3,19,148,280,57,3,3.0,22
Black,7.2,8.0,194,52,293,61,1,3.6,54
Sandy,8.4,2.1,89,55,255,48,1,3.3,12
Loamy,4.9,1.4,22,111,262,63,2,2.5,32
Clayey,4.5,3.3,198,70,239,34,5,4.0,0
Black,6.2,4.2,67,35,89,54,5,3.1,34
Sandy,4.9,2.4,93,43,232,38,5,1.2,7
Loamy,7.5,3.1,77,13,245,41,5,1.5,42
Clayey,8.2,2.4,93,45,288,76,4,4.2,0
Black,6.2,6.4,95,67,298,21,2,4.7,33
Sandy,5.5,6.0,166,18,268,67,2,2.8,37
Loamy,6.2,5.4,153,62,215,29,4,2.0,60
Clayey,7.4,3.7,72,92,49,59,5,3.2,5
Black,4.5,7.4,184,101,150,17,4,2.5,23
Sandy,6.9,7.8,52,102,31,40,5,4.2,0
Loamy,7.0,2.2,160,136,35,33,4,4.2,22
Clayey,7.1,2.6,167,136,136,22,2,2.3,22
Black,5.5,4.7,194,74,168,81,4,4.0,22
Sandy,7.4,1.6,39,90,128,51,3,1.0,11
Loamy,4.9,4.1,76,8,255,87,5,1.9,28
Clayey,5.3,5.1,193,54,24,88,4,0.5,23
Black,8.0,4.7,33,9,199,88,5,4.1,0
Sandy,7.5,3.3,110,79,20,35,1,4.9,8
Loamy,4.6,4.8,115,49,27,47,5,2.9,29
Clayey,5.5,7.7,110,121,163,47,4,3.9,18
Black,5.4,2.4,17,31,162,64,5,2.1,25
Sandy,5.6,5.6,181,134,294,19,3,2.9,21
Loamy,5.5,1.3,105,122,172,20,3,1.8,40
Clayey,4.8,1.5,171,108,149,12,4,3.5,0
Black,6.3,4.9,44,53,140,32,4,1.3,48
Sandy,7.4,1.7,105,114,78,71,5,0.9,3
Loamy,6.9,1.2,59,82,236,79,2,4.5,14
Clayey,7.2,2.2,154,5,50,50,3,4.3,6
Black,4.8,5.0,11,124,263,50,3,4.2,15
Sandy,8.3,5.9,191,39,159,13,1,4.1,6
Loamy,7.9,2.4,53,60,232,12,1,3.7,21
Clayey,7.7,5.7,111,147,48,60,2,4.4,8
Black,7.8,2.3,186,8,183,64,3,1.1,38
Sandy,8.2,5.3,139,114,123,72,4,4.4,0
Loamy,6.7,3.9,81,88,82,58,3,4.6,22
Clayey,5.3,5.6,119,26,34,81,4,3.6,7
Black,7.0,8.0,146,28,198,79,4,3.0,32
Sandy,7.5,7.6,138,79,30,78,2,1.3,28
Loamy,7.5,1.0,112,114,32,17,3,4.3,13
Clayey,6.6,7.2,146,138,234,17,5,2.9,16
Black,4.8,1.5,151,142,245,28,3,3.1,18
Sandy,6.0,7.7,36,114,82,83,3,3.1,11
Loamy,8.2,3.0,146,94,274,64,1,4.3,36
Clayey,6.8,3.7,173,41,149,82,2,0.8,29
Black,6.7,1.6,102,58,282,81,5,0.4,29
Sandy,5.6,1.8,109,55,190,17,5,1.2,7
Loamy,6.0,6.1,140,64,209,66,5,2.5,60
Clayey,8.1,7.6,126,76,44,81,4,2.4,9
Black,7.2,5.3,160,132,179,16,2,2.6,46
Sandy,7.6,6.0,131,55,236,55,1,0.7,40
Loamy,6.3,6.3,119,66,195,31,4,4.0,47
Clayey,7.0,2.8,82,53,240,53,5,1.6,22
Black,5.5,1.3,39,32,299,14,4,4.6,0
Sandy,7.3,1.0,28,81,100,34,4,4.2,0
Loamy,6.2,3.5,111,11,144,56,5,0.4,53
Clayey,6.3,2.7,76,69,189,52,5,0.4,28
Black,7.1,1.4,59,127,89,24,1,3.2,21
Sandy,8.2,2.3,57,40,97,73,2,0.5,0
Loamy,4.8,1.9,12,77,109,40,3,2.9,16
Clayey,7.8,7.4,75,34,130,53,3,0.5,21
Black,5.7,2.0,164,51,183,56,3,2.4,44
Sandy,6.3,4.8,115,95,147,21,1,2.2,41
Loamy,4.6,5.2,120,33,174,73,4,3.0,27
Clayey,5.7,4.8,49,9,213,32,5,1.8,25
Black,6.5,1.7,134,69,192,59,2,0.8,62
Sandy,4.7,3.2,27,119,40,45,3,4.2,0
Loamy,6.5,1.4,164,67,128,20,2,1.6,52
Clayey,8.2,3.8,148,97,148,56,2,0.4,29
Black,4.9,2.3,176,21,299,65,5,2.6,25
Sandy,7.6,4.9,28,131,46,78,1,4.4,0
Loamy,6.1,5.8,98,55,111,46,5,1.5,53
Clayey,7.1,4.7,144,117,74,19,1,2.3,35
Black,5.5,4.0,66,41,215,65,4,2.1,43
Sandy,5.1,3.7,139,92,240,51,2,0.3,41
Loamy,5.1,6.9,47,120,175,39,3,4.4,27
Clayey,4.8,2.5,142,129,120,31,2,3.8,7
Black,5.2,6.1,91,141,255,64,5,0.6,45
Sandy,7.2,6.3,45,42,88,47,1,0.7,33
Loamy,8.0,3.9,97,57,286,65,4,0.2,41
Clayey,7.8,3.1,128,145,157,80,4,4.9,0
Black,7.2,4.3,94,94,267,45,1,2.1,64
Sandy,4.9,1.7,194,57,122,87,1,4.7,0
Loamy,5.7,1.3,157,123,127,20,1,2.2,44
Clayey,5.7,1.8,142,123,219,16,4,0.6,20
Black,5.5,2.3,33,53,234,43,2,1.8,45
Sandy,6.6,4.5,39,126,174,72,2,2.1,20
Loamy,6.6,6.9,37,74,106,11,4,1.0,32
Clayey,5.9,2.6,190,20,228,71,3,0.4,37
Black,5.9,7.5,188,17,197,16,5,1.7,47
Sandy,7.8,7.7,118,125,93,52,4,2.7,10
Loamy,7.7,7.7,144,143,277,27,3,1.4,45
Clayey,5.7,6.9,179,91,292,29,5,4.8,0
Black,8.2,3.5,44,134,43,16,2,2.5,18
Sandy,8.3,1.5,128,98,90,61,1,0.7,22
Loamy,5.8,5.0,43,23,102,46,5,2.1,47
Clayey,5.9,4.9,112,108,29,55,1,3.6,42
Black,6.5,6.9,126,49,62,51,3,2.5,58
Sandy,8.3,8.0,85,51,70,69,4,1.7,12
Loamy,8.0,4.6,63,83,226,89,4,0.6,32
Clayey,4.9,3.4,38,46,126,87,1,2.4,8
Black,6.1,2.3,147,112,278,41,5,0.6,51
Sandy,6.7,1.0,36,123,213,47,5,1.9,7
Loamy,6.5,4.6,22,90,254,48,3,0.7,63
Clayey,5.3,4.9,51,115,182,35,4,3.4,14
Black,7.9,6.8,174,23,88,39,1,3.9,34
Sandy,7.2,4.5,198,43,276,50,2,1.3,45
Loamy,7.9,7.4,30,139,204,18,4,0.5,28
Clayey,7.9,5.4,140,43,274,41,4,1.8,30
Black,7.5,6.9,145,102,135,65,3,2.8,45
Sandy,6.3,2.0,79,38,33,62,4,3.9,3
Loamy,6.9,7.0,154,72,234,16,3,2.1,54
Clayey,5.1,5.7,19,52,112,85,3,1.9,15
Black,7.2,2.2,150,7,253,32,2,4.6,30
Sandy,5.2,2.3,115,117,199,61,5,2.3,15
Loamy,7.3,7.5,21,141,73,30,4,2.3,38
Clayey,5.4,1.2,137,65,49,85,3,2.1,15
Black,5.0,4.2,160,129,31,32,3,1.9,53
Sandy,5.2,3.2,137,16,130,78,5,3.7,0
Loamy,4.5,5.7,189,107,131,27,5,1.5,28
Clayey,7.4,6.9,70,32,188,46,3,2.0,34
Black,7.4,3.5,35,79,123,16,4,1.5,22
Sandy,6.6,4.0,24,139,30,70,4,2.9,4
Loamy,5.1,7.9,31,86,291,12,4,4.8,11
Clayey,4.8,6.5,98,87,33,10,5,2.0,3
Black,4.6,7.3,74,146,194,69,4,4.8,7
Sandy,5.2,4.1,163,58,177,15,4,3.3,9
Loamy,8.1,2.6,30,71,129,80,4,4.0,0
Clayey,5.5,3.9,161,93,171,67,5,1.7,28
Black,5.9,6.0,25,82,253,40,1,1.2,68
Sandy,4.9,1.8,169,24,160,17,1,2.9,8
Loamy,5.4,2.9,25,100,138,87,4,5.0,0
Clayey,6.6,1.3,51,99,28,24,1,3.6,1
Black,6.9,4.0,169,75,196,16,4,3.4,25
Sandy,5.5,6.8,187,137,68,16,5,2.3,10
Loamy,4.7,1.2,50,136,168,42,4,4.4,1
Clayey,6.1,5.7,117,143,176,50,2,3.5,42
Black,5.4,7.5,134,23,111,66,3,3.4,39
Sandy,5.4,2.7,161,106,171,16,5,1.5,10
Loamy,8.3,5.9,22,31,189,68,2,4.8,17
Clayey,7.0,7.8,88,33,103,29,2,1.3,27
Black,6.7,7.7,147,22,67,80,3,2.7,36
Sandy,6.2,2.6,51,93,236,59,2,1.8,38
Loamy,6.2,1.7,178,24,96,23,3,1.0,48
Clayey,6.7,2.0,130,74,62,24,4,0.8,14
Black,7.3,5.9,140,104,283,19,5,1.5,40
Sandy,7.3,6.1,192,147,82,74,5,3.5,0
Loamy,5.2,5.7,25,22,264,64,5,4.9,13
Clayey,6.5,3.4,53,42,139,37,3,4.3,11
Black,6.1,2.2,167,124,281,57,3,1.2,61
Sandy,8.0,5.1,130,93,269,12,2,0.5,25
Loamy,7.0,4.4,174,88,71,69,5,3.5,33
Clayey,6.6,6.1,197,108,296,12,2,0.2,40
Black,5.0,4.1,33,115,161,84,4,4.3,8
Sandy,6.9,3.4,35,30,270,77,2,4.1,0
Loamy,5.0,3.1,67,68,244,48,5,4.0,21
Clayey,5.8,2.5,18,62,172,63,3,2.8,23
Black,5.1,2.9,135,135,75,41,2,4.9,22
Sandy,7.3,1.7,198,34,28,25,2,2.3,15
Loamy,5.3,3.4,28,23,260,26,3,4.9,9
Clayey,6.1,1.3,37,14,183,20,3,4.4,0
Black,8.1,2.3,144,93,152,41,5,0.7,28
Sandy,5.3,6.2,54,131,100,36,4,4.5,0
Loamy,6.5,3.3,137,128,154,14,5,1.6,46
Clayey,6.2,5.7,103,111,153,27,2,3.9,28
Black,4.6,6.0,174,89,71,12,5,0.1,23
Sandy,7.7,5.1,25,10,221,37,5,1.5,8
Loamy,4.8,7.7,14,55,217,75,3,3.8,14
Clayey,6.4,1.2,166,146,125,43,4,4.9,2
Black,6.7,6.2,61,62,263,31,4,0.9,47
Sandy,7.0,7.7,160,140,252,39,5,2.4,26
Loamy,7.3,7.0,15,6,33,57,3,3.0,35
Clayey,5.5,2.2,173,22,244,74,3,4.8,0
Black,4.5,3.3,194,96,230,70,2,2.3,46
Sandy,7.4,2.2,170,60,220,28,1,4.7,4
Loamy,6.6,5.2,58,47,184,61,2,4.9,28
Clayey,7.8,6.0,178,77,68,50,2,4.7,6
Black,7.8,3.2,89,76,152,74,2,3.8,12
Sandy,7.9,4.8,192,121,89,59,1,0.7,33
Loamy,6.4,5.8,107,12,138,50,3,3.1,57
Clayey,5.8,3.9,116,9,158,42,3,3.8,30
Black,7.7,7.0,163,17,262,26,4,4.8,7
Sandy,6.3,6.4,46,11,200,64,4,3.9,13
Loamy,5.2,1.5,125,25,202,55,5,2.7,37
Clayey,7.9,5.3,26,41,69,68,5,1.1,6
Black,8.0,2.6,41,66,200,80,5,2.3,6
Sandy,6.4,4.9,165,105,144,66,4,3.2,26
Loamy,4.8,7.7,34,123,250,29,4,1.7,29
Clayey,6.1,7.2,184,136,22,50,2,2.3,50
Black,7.7,3.8,31,124,192,84,3,0.2,22
Sandy,8.1,3.0,70,90,100,80,4,4.4,0
Loamy,5.3,2.6,135,79,294,47,1,0.3,67
Clayey,4.8,4.7,53,38,238,36,2,2.1,30
Black,8.0,1.8,111,49,159,18,1,2.6,31
Sandy,6.1,4.8,29,148,82,77,1,4.9,1
Loamy,6.7,1.0,118,141,46,47,3,4.7,19
Clayey,8.4,3.3,187,20,215,34,1,3.3,26
Black,4.8,2.5,97,99,171,23,1,3.0,24
Sandy,7.1,7.8,184,145,271,46,1,1.9,50
Loamy,4.8,6.1,56,132,267,59,1,0.3,56
Clayey,6.0,3.4,60,9,173,81,2,1.4,33
Black,7.7,1.6,192,127,229,51,2,4.3,21
Sandy,6.2,4.6,48,131,41,84,3,3.3,10
Loamy,8.5,2.5,23,22,89,63,3,4.1,7
Clayey,6.7,4.8,184,134,38,44,1,4.2,26
Black,5.8,6.8,30,44,120,40,5,0.4,41
Sandy,5.4,5.3,152,14,181,55,1,1.8,47
Loamy,5.9,5.4,109,68,158,26,1,3.4,58
Clayey,6.0,4.8,106,46,107,62,3,4.3,25
Black,4.8,7.5,10,97,56,31,4,4.0,4
Sandy,6.0,7.5,118,44,190,67,3,2.2,45
Loamy,6.4,4.6,91,148,279,50,2,4.7,48
Clayey,7.4,3.1,147,129,290,12,3,1.6,29
Black,7.1,4.2,160,65,274,72,4,1.9,45
Sandy,7.3,2.3,27,118,159,75,1,1.0,16
Loamy,4.5,5.5,67,48,87,55,4,1.2,35
Clayey,5.4,4.5,135,147,87,17,3,0.1,28
Black,7.1,1.7,82,99,188,48,5,1.6,31
Sandy,6.4,2.4,119,65,124,34,2,1.6,40
Loamy,4.5,4.4,61,11,77,88,4,0.4,25
Clayey,7.7,7.2,55,128,206,56,3,1.8,26
Black,7.6,5.0,116,34,75,43,1,1.6,53
Sandy,6.7,5.8,22,117,23,77,3,4.0,0
Loamy,4.8,3.4,105,94,36,66,1,0.9,53
Clayey,7.6,5.0,26,143,256,34,5,3.7,0
Black,6.8,4.1,76,127,269,82,2,0.7,48
Sandy,7.6,5.6,70,110,43,71,4,2.5,0
Loamy,7.5,1.4,74,96,135,48,3,3.7,23
Clayey,7.7,4.5,190,97,257,85,3,3.1,14
Black,6.6,3.1,142,138,188,87,4,3.3,23
Sandy,5.1,3.3,169,116,260,16,1,1.1,34
Loamy,7.2,7.7,98,55,270,15,2,4.2,33
Clayey,7.0,2.3,182,84,184,63,5,4.8,0
Black,7.5,3.2,65,114,160,28,4,0.9,28
Sandy,5.2,4.6,14,42,139,56,2,4.5,0
Loamy,5.3,7.0,110,26,180,28,3,2.0,52
Clayey,8.1,3.9,96,94,124,43,2,3.5,9
Black,7.5,6.2,171,139,111,52,5,2.6,37
Sandy,8.1,7.0,70,114,223,22,2,4.0,0
Loamy,7.5,3.2,199,111,59,45,3,0.3,52
Clayey,6.9,3.7,78,128,73,34,5,1.7,17
Black,7.1,3.5,72,28,108,65,5,0.3,31
Sandy,8.1,6.8,53,45,154,30,5,4.7,0
Loamy,6.8,1.3,37,55,21,43,3,0.9,35
Clayey,7.0,3.2,22,106,116,34,1,2.2,28
Black,5.1,5.8,180,118,75,20,3,3.2,31
Sandy,6.4,5.0,39,73,143,28,1,2.4,28
Loamy,7.4,4.1,163,98,204,58,1,2.7,68
Clayey,5.6,4.8,72,124,144,58,3,1.1,31
Black,5.3,2.4,82,29,283,43,2,0.4,51
Sandy,5.8,4.0,66,108,210,11,3,1.4,29
Loamy,5.5,4.5,73,47,234,39,5,1.7,48
Clayey,5.4,7.3,186,63,240,47,2,2.1,49
Black,6.2,2.8,61,58,218,24,4,1.6,40
Sandy,8.1,7.1,72,83,193,84,4,0.3,5
Loamy,6.5,5.5,150,58,236,69,4,0.6,70
Clayey,5.3,1.1,102,79,225,13,5,3.4,0
Black,4.8,6.1,116,97,86,23,5,0.4,23
Sandy,7.3,1.2,118,141,193,17,1,0.3,25
Loamy,6.0,8.0,97,46,97,86,5,4.1,22
Clayey,7.8,7.1,54,83,61,20,1,0.3,19
Black,7.1,3.1,117,85,83,89,4,0.4,32
Sandy,7.7,2.8,55,62,218,59,3,2.8,6
Loamy,5.6,3.7,86,90,109,85,3,2.3,35
Clayey,7.3,3.5,178,111,26,47,5,4.8,0
Black,5.6,3.6,55,143,282,33,4,4.7,14
Sandy,8.3,3.2,138,106,141,47,4,3.3,0
Loamy,7.0,5.3,101,58,183,71,1,0.5,62
Clayey,5.8,2.1,21,34,135,65,1,2.6,31
Black,5.6,6.9,97,69,32,74,4,0.3,33
Sandy,5.3,6.7,82,62,39,26,5,4.5,0
Loamy,7.3,4.3,172,41,220,26,5,3.3,32
Clayey,5.4,7.0,111,122,273,36,4,2.9,31
Black,6.9,2.7,108,77,105,34,3,2.2,44
Sandy,5.6,1.1,170,73,199,85,3,2.6,9
Loamy,7.1,5.3,67,67,256,58,1,2.1,66
Clayey,7.8,4.2,137,98,80,67,4,0.6,23
Black,7.6,5.0,126,19,234,10,3,3.3,27
Sandy,7.5,7.3,44,34,234,22,5,5.0,0
Loamy,5.3,7.8,183,117,109,62,2,0.7,63
Clayey,4.9,5.4,93,83,115,30,2,5.0,0
Black,7.3,6.3,75,61,80,10,4,4.5,6
Sandy,6.0,1.6,181,60,75,86,1,4.5,7
Loamy,6.2,2.1,35,60,239,40,2,4.2,38
Clayey,4.6,6.1,51,13,113,70,5,4.6,0
Black,5.5,4.0,86,26,59,12,5,1.3,24
Sandy,4.6,4.1,39,81,267,84,5,2.2,0
Loamy,8.0,3.2,125,128,236,38,2,2.5,49
Clayey,5.5,5.3,169,32,173,57,3,0.4,42
Black,6.7,2.3,45,146,81,71,5,4.9,0
Sandy,4.7,5.4,28,137,259,34,1,3.5,13
Loamy,7.2,2.2,31,16,209,43,4,2.3,37
Clayey,5.8,1.4,74,67,165,27,4,5.0,0
Black,8.1,3.3,66,129,29,74,4,1.4,14
Sandy,8.1,2.6,20,110,149,37,3,1.8,2
Loamy,5.8,7.2,35,102,79,13,4,1.0,42
Clayey,8.1,1.4,185,123,194,30,4,1.0,16
Black,8.5,2.2,28,123,92,79,2,1.0,17
Sandy,7.8,4.8,92,45,258,30,3,3.1,14
Loamy,7.9,4.4,149,126,198,29,3,1.5,42
Clayey,5.5,1.3,76,20,86,50,2,4.8,0
Black,6.8,1.1,65,126,100,62,1,4.1,22
Sandy,4.8,7.9,27,84,96,71,4,0.9,0
Loamy,4.9,5.6,122,110,267,40,1,4.2,43
Clayey,8.5,3.6,14,10,214,34,2,1.8,22
Black,5.8,4.3,121,24,87,78,2,1.2,58
Sandy,7.5,2.9,161,140,75,81,2,3.9,2
Loamy,7.7,3.4,124,101,118,26,2,4.3,15
Clayey,7.9,5.5,175,10,289,88,5,4.8,0
Black,8.5,7.2,76,12,95,29,2,2.2,29
Sandy,5.5,2.3,79,18,85,54,1,2.9,18
Loamy,4.7,6.9,61,135,52,59,2,3.1,34
Clayey,6.1,1.9,136,134,288,60,1,3.2,43
Black,5.0,2.5,176,26,49,81,2,2.1,39
Sandy,4.6,1.3,196,89,45,87,2,0.8,6
Loamy,5.9,2.0,163,138,229,42,5,0.4,56
Clayey,7.6,7.4,74,48,288,38,2,4.5,8
Black,6.8,4.2,89,12,142,31,4,1.9,42
Sandy,5.8,1.5,185,28,52,76,5,1.0,12
Loamy,7.1,7.7,122,31,162,12,5,4.9,12
Clayey,5.4,7.2,120,55,164,15,4,4.0,7
Black,4.6,6.3,62,73,281,49,5,4.9,2
Sandy,7.6,7.5,146,29,24,85,2,1.5,18
Loamy,7.0,2.5,142,48,180,78,4,2.4,35
Clayey,7.5,6.9,125,123,163,14,2,4.1,16
Black,4.7,5.8,81,113,171,12,5,2.8,13
Sandy,7.8,7.1,198,124,24,13,3,1.8,13
Loamy,7.0,6.6,30,17,214,72,4,0.9,38
Clayey,6.8,3.4,112,57,144,14,1,2.9,24
Black,7.0,6.4,116,41,95,70,5,3.0,33
Sandy,8.0,2.8,72,119,188,66,3,3.6,0
Loamy,6.8,3.3,157,44,236,51,5,4.0,29
Clayey,6.8,1.8,195,82,202,65,2,0.7,40
Black,8.5,7.5,182,99,132,81,2,3.2,26
Sandy,7.5,3.0,159,138,295,37,2,3.9,20
Loamy,6.3,4.6,86,29,197,64,3,2.0,66
Clayey,7.3,3.7,84,107,144,47,2,1.5,33
Black,6.1,7.7,167,50,218,32,5,2.5,55
Sandy,5.4,3.3,72,106,157,16,5,1.6,4
Loamy,6.9,6.4,181,95,237,47,5,2.6,49
Clayey,8.2,7.0,76,98,187,86,4,1.6,10
Black,8.2,4.0,195,72,153,66,5,2.2,32
Sandy,5.9,3.6,45,43,180,46,2,4.6,11
Loamy,6.6,6.2,143,84,291,15,4,4.6,24
Clayey,5.3,7.4,46,139,299,19,4,5.0,0
Black,8.5,6.3,102,89,267,36,4,2.5,40
Sandy,8.4,2.6,84,70,241,66,4,0.9,11
Loamy,7.1,7.2,192,59,191,25,3,4.5,27
Clayey,7.7,3.7,196,76,278,68,5,3.0,11
Black,7.4,5.0,175,46,275,37,3,3.8,42
Sandy,6.9,6.8,124,134,187,12,1,0.9,37
Loamy,4.7,2.3,162,74,139,66,3,1.7,39
Clayey,6.3,6.5,86,136,38,74,4,1.4,27
Black,7.2,5.2,170,25,266,76,5,2.8,32
Sandy,7.2,7.3,22,5,224,39,5,5.0,0
Loamy,6.0,2.2,47,64,86,28,2,3.1,33
Clayey,8.3,3.9,195,80,204,17,3,2.9,12
Black,5.2,6.8,157,95,127,71,5,3.8,15
Sandy,6.5,1.1,26,146,184,28,1,1.7,23
Loamy,7.3,1.8,132,92,140,45,1,1.3,58
Clayey,7.3,7.9,123,86,103,78,3,4.2,6
Black,7.1,3.0,161,21,280,69,2,4.8,31
Sandy,5.6,7.8,35,77,126,43,1,2.2,30
Loamy,5.1,2.3,177,60,142,64,2,0.3,54
Clayey,7.0,3.5,41,131,92,36,3,1.0,23
Black,6.9,6.3,174,57,173,48,5,4.3,24
Sandy,5.2,5.6,95,132,116,51,2,0.7,33
Loamy,7.3,5.1,107,52,297,51,1,3.8,57
Clayey,6.3,4.7,100,141,273,57,2,3.1,44
Black,7.2,6.9,130,58,101,40,5,3.7,26
Sandy,7.8,2.6,197,5,36,31,5,1.4,5
Loamy,5.2,4.1,66,45,199,50,1,0.2,64
Clayey,4.6,2.1,116,77,235,33,2,0.3,31
Black,7.6,5.2,195,81,41,49,2,3.7,31
Sandy,6.9,2.8,31,44,255,41,4,3.1,6
Loamy,7.3,3.3,195,143,230,60,1,4.2,47
Clayey,7.9,4.3,121,52,226,42,2,2.1,39
Black,7.7,1.2,94,47,274,37,3,2.8,25
Sandy,8.3,1.6,89,46,30,88,4,3.9,0
Loamy,6.6,5.8,82,108,53,72,1,2.5,47
Clayey,6.5,4.0,86,15,140,31,5,5.0,0
Black,6.1,7.1,83,29,255,27,1,3.7,47
Sandy,5.1,5.9,136,44,202,11,3,3.4,16
Loamy,6.8,1.1,186,29,97,35,3,4.0,26
Clayey,5.6,5.3,130,88,142,48,5,3.9,9
Black,8.2,1.7,94,110,295,26,5,1.2,15
Sandy,6.8,6.5,186,123,227,25,5,1.1,20
Loamy,6.9,7.9,179,112,205,36,4,3.1,49
Clayey,5.9,4.7,177,78,36,58,3,2.2,46
Black,4.7,5.8,183,117,273,12,5,4.4,5
Sandy,4.6,2.7,159,135,118,51,3,1.5,16
Loamy,6.2,4.1,91,43,166,72,4,1.7,52
Clayey,4.8,7.0,30,95,133,38,4,0.9,11
Black,6.9,2.2,188,26,116,11,3,4.9,5
Sandy,8.0,2.9,151,23,189,23,5,0.7,0
Loamy,8.0,4.1,83,18,218,21,1,4.9,19
Clayey,7.1,6.0,18,113,196,33,2,3.6,18
Black,5.3,3.6,155,47,143,37,3,0.5,48
Sandy,8.0,7.5,22,59,176,27,4,0.8,0
Loamy,8.0,1.7,26,16,114,15,5,1.7,6
Clayey,5.3,3.6,135,112,118,39,2,1.4,38
Black,7.4,6.0,96,87,254,43,3,4.9,25
Sandy,5.6,2.6,162,27,209,67,1,3.1,31
Loamy,7.7,5.6,191,139,292,37,1,0.5,65
Clayey,8.5,2.1,25,140,37,81,4,2.7,0
Black,4.6,1.4,33,93,193,84,4,4.5,0
Sandy,8.1,1.8,84,46,139,62,4,2.1,1
Loamy,7.0,7.5,160,97,275,25,3,3.4,41
Clayey,8.4,4.9,178,97,115,35,1,3.9,19
Black,6.4,6.6,112,5,50,74,1,1.0,63
Sandy,7.9,3.3,95,83,116,66,4,4.3,0
Loamy,4.7,5.1,170,147,212,40,4,2.3,47
Clayey,5.8,4.5,114,110,252,36,5,0.4,45
Black,4.8,7.6,51,50,65,58,1,4.4,19
Sandy,8.4,6.2,185,25,255,18,4,2.9,6
Loamy,7.8,6.1,27,42,68,35,4,1.1,31
Clayey,7.9,1.3,87,13,181,15,4,1.7,0
Black,8.3,4.8,101,24,153,16,5,2.9,18
Sandy,4.8,4.3,20,88,276,22,1,1.9,17
Loamy,6.0,7.5,161,12,202,58,1,1.2,85
Clayey,4.8,2.8,198,18,46,19,1,2.4,17
Black,5.3,2.9,173,66,159,52,5,1.0,40
Sandy,5.4,3.9,135,59,279,58,3,1.3,36
Loamy,6.4,2.7,106,49,99,27,5,4.2,19
Clayey,5.6,1.9,62,57,199,20,2,1.2,19
Black,4.9,7.0,92,90,286,19,5,3.5,10
Sandy,5.2,4.9,56,10,71,37,2,1.3,29
Loamy,5.1,7.0,61,48,103,62,4,1.1,45
Clayey,8.4,6.8,66,95,175,63,2,1.3,29
Black,7.5,3.0,84,8,123,34,5,2.4,27
Sandy,8.4,4.8,160,125,116,15,3,0.8,13
Loamy,6.3,1.6,68,67,144,20,1,0.6,49
Clayey,5.6,7.4,78,96,202,42,5,3.8,10
Black,7.7,3.8,193,85,73,78,1,0.2,39
Sandy,5.8,3.8,95,42,183,55,2,2.0,43
Loamy,5.7,3.1,179,56,168,86,4,2.0,41
Clayey,5.4,4.2,155,12,106,64,4,4.5,8
Black,5.0,2.8,80,109,181,79,5,3.9,4
Sandy,5.5,3.6,42,119,187,60,2,2.6,21
Loamy,5.9,6.6,12,127,154,34,2,2.5,59
Clayey,7.2,6.8,37,20,109,32,1,2.9,28
Black,4.8,3.1,10,22,100,59,2,1.9,28
Sandy,5.3,4.3,135,38,250,55,3,3.5,25
Loamy,7.7,7.1,122,136,108,86,4,3.5,18
Clayey,5.1,1.4,56,131,21,53,3,2.9,9
Black,5.9,7.2,46,65,241,22,3,0.4,50
Sandy,8.0,2.5,95,50,36,80,1,0.7,10
Loamy,5.1,5.7,57,81,215,57,2,0.3,61
Clayey,4.8,5.1,117,127,139,26,1,3.6,12
Black,6.4,4.9,28,77,261,82,4,2.4,39
Sandy,5.7,7.0,151,90,193,23,1,4.8,9
Loamy,6.8,1.7,92,85,51,39,3,4.8,15
Clayey,7.7,3.4,74,138,294,39,1,4.0,13
Black,5.0,4.8,35,73,214,42,2,2.3,51
Sandy,6.8,6.7,147,141,23,63,1,1.7,43
Loamy,6.5,2.5,108,101,40,66,2,1.1,65
Clayey,5.1,6.6,86,127,257,40,3,1.2,39
Black,7.0,3.8,79,123,112,32,2,5.0,17
Sandy,5.6,2.3,52,36,108,61,2,2.7,13
Loamy,6.5,6.3,79,117,132,63,2,0.2,66
Clayey,4.8,1.6,68,69,240,56,2,0.3,21
Black,6.3,4.6,12,89,117,58,4,2.3,42
Sandy,5.7,1.4,142,63,161,65,5,2.3,13
Loamy,7.8,3.5,94,30,169,17,4,2.1,26
Clayey,4.7,5.2,104,125,67,31,1,4.1,17
Black,6.2,4.9,87,17,70,71,4,3.5,27
Sandy,6.3,3.8,110,59,227,63,4,0.6,41
Loamy,7.4,4.0,92,140,30,44,2,1.9,55
Clayey,6.8,2.6,174,60,289,24,1,3.0,27
Black,7.2,4.2,93,88,282,14,1,2.0,55
Sandy,7.6,7.7,189,102,216,26,3,1.1,20
Loamy,7.9,7.0,130,98,205,12,2,3.2,38
Clayey,5.8,2.0,144,138,240,28,4,3.1,20
Black,6.7,1.2,62,39,100,46,3,4.9,4
Sandy,7.9,7.5,123,130,241,30,3,2.8,22
Loamy,8.5,4.7,15,117,189,60,4,4.4,9
Clayey,8.1,4.8,144,18,105,63,1,4.8,10
Black,6.0,6.5,181,78,63,20,2,2.2,56
Sandy,5.3,3.2,27,56,280,74,2,0.4,17
Loamy,6.5,4.4,63,110,123,39,4,0.8,55
Clayey,7.5,7.8,136,44,247,52,2,2.6,44
Black,6.5,5.7,166,47,207,45,5,4.5,35
Sandy,6.4,2.1,34,116,140,66,3,3.3,10
Loamy,7.9,1.9,72,7,168,35,3,1.1,35
Clayey,5.9,2.4,124,147,76,69,5,3.5,15
Black,7.9,6.4,150,99,208,31,2,4.5,30
Sandy,6.1,3.1,169,143,57,33,1,0.2,47
Loamy,5.8,1.1,164,23,220,21,5,1.3,43
Clayey,6.3,7.6,60,60,248,84,5,0.9,26
Black,7.5,2.2,171,82,150,69,3,3.9,25
Sandy,5.0,1.1,37,122,190,30,1,4.5,0
Loamy,5.3,2.7,82,136,54,89,1,2.8,37
Clayey,8.3,2.6,81,13,220,45,2,4.3,3
Black,5.2,4.0,94,53,187,16,1,3.3,36
Sandy,6.8,7.4,119,32,265,70,2,3.3,32
Loamy,6.8,7.2,39,20,243,62,4,2.9,40
Clayey,6.5,4.2,18,91,77,37,5,0.3,25
Black,7.1,3.9,150,87,44,33,5,4.7,12
Sandy,5.4,4.9,91,38,51,62,2,1.8,33
Loamy,6.7,2.7,73,142,129,22,2,4.0,19
Clayey,6.0,1.4,47,5,120,87,2,4.1,1
Black,7.1,7.6,128,70,169,81,5,4.8,9
Sandy,5.1,2.3,31,119,212,10,2,1.7,15
Loamy,6.8,2.4,168,149,128,50,5,5.0,10
Clayey,5.2,4.3,108,51,296,68,5,1.6,35
Black,5.6,4.4,179,28,252,22,3,2.3,47
Sandy,5.4,1.1,199,108,40,63,3,3.6,5
Loamy,5.2,2.0,115,33,271,56,4,0.9,51
Clayey,7.8,3.6,73,76,33,36,4,1.4,11
Black,5.6,5.8,18,90,234,86,1,3.7,30
Sandy,8.2,2.6,135,108,43,49,2,4.9,0
Loamy,8.4,4.0,104,145,39,41,5,3.7,18
Clayey,6.8,4.9,181,137,221,67,1,4.3,32
Black,5.1,7.2,177,78,71,85,3,0.3,43
Sandy,6.0,3.3,97,141,205,52,5,2.9,20
Loamy,7.7,1.9,178,146,226,61,1,4.6,29
Clayey,6.0,4.4,122,106,114,86,3,3.4,24
Black,4.8,6.2,81,142,285,89,4,3.4,15
Sandy,6.7,1.8,59,79,34,43,2,1.1,19
Loamy,7.9,4.0,157,44,194,15,2,4.3,21
Clayey,7.7,1.1,90,138,238,57,1,4.3,4
Black,5.2,1.2,179,21,29,27,3,3.1,20
Sandy,7.2,4.4,42,74,38,48,1,2.2,31
Loamy,5.4,3.1,72,65,87,87,3,4.1,14
Clayey,5.4,6.9,194,115,297,16,3,2.4,31
Black,8.0,5.2,114,87,34,15,2,4.1,17
Sandy,5.5,4.2,189,28,133,85,4,2.5,13
Loamy,5.6,3.9,108,55,177,62,4,2.9,44
Clayey,4.5,4.5,15,66,123,10,5,3.8,0
Black,8.0,1.3,144,71,299,38,3,1.4,38
Sandy,7.7,7.2,18,34,105,78,2,1.3,5
Loamy,7.0,8.0,110,111,113,58,3,3.4,44
Clayey,7.5,2.3,70,138,193,68,5,4.8,0
Black,5.1,1.8,171,115,261,22,2,2.3,42
Sandy,6.3,2.0,172,125,281,54,3,4.5,16
Loamy,5.9,5.6,108,15,166,55,4,2.6,61
Clayey,4.9,5.6,157,76,21,32,4,4.9,0
Black,6.4,6.9,67,95,87,41,5,4.0,25
Sandy,8.2,6.3,69,33,88,81,4,4.3,0
Loamy,4.7,4.1,191,123,66,84,3,3.4,24
Clayey,5.7,5.3,44,123,83,22,5,4.4,0
Black,5.3,5.8,56,12,99,62,1,3.0,44
Sandy,5.5,4.6,55,84,273,29,5,2.9,2
Loamy,8.1,4.3,96,76,256,10,4,4.4,10
Clayey,6.4,5.5,13,37,158,66,2,0.2,44
Black,6.4,4.9,19,9,283,75,5,2.4,33
Sandy,7.5,5.5,116,149,173,20,3,4.4,2
Loamy,5.1,5.3,84,26,151,55,5,1.1,46
Clayey,6.4,6.0,49,82,245,39,4,4.8,12
Black,6.2,5.5,136,18,111,78,5,3.7,26
Sandy,6.9,4.6,192,34,137,16,3,3.8,5
Loamy,8.5,5.8,128,9,145,33,3,3.4,34
Clayey,7.6,4.1,82,22,246,57,4,2.3,21
Black,6.1,2.7,49,67,198,52,3,2.4,46
Sandy,7.8,1.0,105,139,104,88,4,4.2,0
Loamy,5.2,4.9,32,61,183,45,5,0.8,41
Clayey,4.6,5.1,152,13,249,83,5,2.7,7
Black,5.3,7.8,124,116,225,10,1,1.6,60
Sandy,5.9,3.5,125,109,123,16,4,4.9,0
Loamy,6.5,3.8,142,127,133,53,2,0.1,69
Clayey,7.0,2.4,177,75,207,70,4,0.4,32
Black,8.1,1.5,155,117,290,35,5,4.8,1
Sandy,6.5,6.4,30,63,70,39,5,2.8,13
Loamy,6.5,2.7,12,10,241,10,3,0.8,45
Clayey,4.7,5.3,55,114,130,72,1,2.3,16
Black,4.6,5.8,99,115,74,24,2,1.7,33
Sandy,6.7,4.3,88,57,31,72,1,4.6,1
Loamy,6.3,7.1,136,68,209,64,4,3.5,55
Clayey,7.9,4.1,62,8,174,66,4,0.7,19
Black,5.1,3.0,157,5,284,29,5,2.7,27
Sandy,4.6,7.3,196,74,123,31,3,0.8,23
Loamy,6.3,7.0,30,35,182,59,2,3.4,51
Clayey,5.4,2.1,99,69,160,45,3,3.7,11
Black,4.7,1.2,122,121,256,46,2,2.9,34
Sandy,7.4,1.6,60,23,63,55,1,4.8,0
Loamy,4.9,3.0,162,122,258,36,5,4.7,12
Clayey,6.9,7.8,77,73,116,28,3,1.1,21
Black,5.6,4.9,125,35,117,25,4,0.1,38
Sandy,5.2,3.6,147,83,72,63,5,3.3,5
Loamy,6.0,7.2,92,59,128,43,2,2.4,64
Clayey,7.7,4.2,104,131,276,88,5,1.7,15
Black,6.1,3.2,146,81,30,60,4,4.6,26
Sandy,7.5,7.6,38,95,197,45,4,4.9,0
Loamy,5.0,6.9,174,10,44,62,2,4.7,36
Clayey,7.6,6.9,119,145,145,71,5,2.6,1
Black,5.4,4.6,80,24,285,40,3,3.5,38
Sandy,7.2,6.5,47,104,152,13,5,0.9,7
Loamy,6.8,2.3,136,49,297,21,4,4.8,13
Clayey,8.2,5.0,81,85,61,62,2,1.5,27
Black,6.0,7.9,68,63,120,70,1,1.0,65
Sandy,4.8,3.0,194,56,296,28,1,0.4,24
Loamy,4.6,6.6,197,29,158,65,5,2.8,34
Clayey,7.8,4.4,37,127,240,18,4,4.7,0
Black,6.6,1.3,165,133,88,34,5,0.8,31
Sandy,7.6,6.3,55,45,196,63,2,0.7,23
Loamy,5.4,2.2,80,106,216,56,3,1.4,49
Clayey,5.9,5.4,192,22,52,50,1,3.4,44
Black,4.6,1.6,47,133,247,60,5,2.8,11
Sandy,8.3,7.6,126,106,155,59,4,0.6,22
Loamy,7.2,3.0,117,75,153,16,1,2.3,53
Clayey,8.2,2.6,155,12,162,36,1,0.4,34
Black,5.6,1.9,104,77,264,57,3,4.3,27
Sandy,6.9,7.6,72,93,156,64,5,0.6,20
Loamy,7.2,6.0,112,31,80,72,3,2.4,44
Clayey,5.8,6.2,14,11,75,15,4,2.6,14
Black,7.9,4.5,181,36,152,44,4,2.7,35
Sandy,8.3,4.3,166,77,227,41,5,3.1,9
Loamy,8.0,1.8,116,103,145,87,1,3.5,23
Clayey,7.5,4.9,151,116,142,15,2,0.1,33
Black,5.6,2.7,67,148,250,72,3,0.3,35
Sandy,5.6,7.8,181,134,54,27,1,3.1,22
Loamy,8.4,6.6,155,35,285,40,4,1.0,50
Clayey,4.5,3.9,16,84,110,61,4,4.2,0
Black,7.4,2.1,96,37,40,25,1,3.2,27
Sandy,7.3,6.5,106,149,159,65,1,4.9,17
Loamy,7.0,1.9,199,103,284,76,4,3.7,23
Clayey,8.5,2.3,54,58,139,71,3,0.5,0
Black,5.7,2.5,25,58,240,61,3,0.9,40
Sandy,5.9,4.9,73,139,42,14,1,0.3,36
Loamy,4.8,6.5,46,143,58,62,5,3.7,11
Clayey,6.3,3.2,162,34,254,89,4,0.7,34
Black,5.5,1.6,18,86,260,26,2,3.4,17
Sandy,5.9,4.3,192,61,147,40,4,2.8,30
Loamy,7.8,6.2,165,74,41,25,3,3.2,26
Clayey,8.2,2.6,146,70,74,66,3,2.6,14
Black,5.2,2.5,149,111,66,30,2,0.2,50
Sandy,6.0,7.6,155,14,253,50,3,1.3,50
Loamy,8.2,7.7,99,136,46,48,2,4.4,23
Clayey,4.7,7.9,193,78,67,46,3,4.7,1
Black,4.9,6.7,83,77,186,50,2,0.6,46
Sandy,5.2,2.3,195,66,290,62,5,4.8,0
Loamy,6.9,2.5,134,113,100,83,4,3.4,21
Clayey,5.1,3.4,60,46,137,41,3,4.6,0
Black,8.4,3.2,41,28,64,34,1,2.1,36
Sandy,6.3,7.7,97,9,294,62,2,0.6,50
Loamy,6.5,6.5,185,103,200,73,2,1.6,67
Clayey,5.5,6.1,145,103,251,42,2,3.5,35
Black,6.4,2.3,167,124,105,47,3,4.0,34
Sandy,7.1,7.4,35,81,124,88,4,0.3,7
Loamy,7.5,6.8,161,105,262,17,1,2.5,60
Clayey,7.5,2.1,164,100,196,10,2,0.4,28
Black,6.8,7.1,176,124,253,83,2,4.3,32
Sandy,8.1,2.9,75,69,97,68,2,2.4,10
Loamy,7.8,1.6,188,125,145,44,2,4.6,16
Clayey,7.5,5.6,82,94,208,25,1,0.5,39
Black,4.7,5.6,59,119,79,23,2,1.7,29
Sandy,4.5,1.7,54,81,239,14,1,3.4,0
Loamy,5.3,3.2,96,36,95,89,1,1.5,47
Clayey,7.2,7.9,42,116,110,30,2,4.2,11
Black,6.1,5.7,28,56,135,67,5,4.9,11
Sandy,6.1,6.1,150,27,299,66,1,1.5,60
Loamy,8.0,2.5,122,34,186,20,5,1.9,24
Clayey,8.1,1.6,31,74,145,80,1,4.8,0
Black,8.1,2.9,157,75,252,17,3,1.9,33
Sandy,5.8,2.7,106,115,133,23,2,2.8,23
Loamy,7.3,2.6,14,41,119,58,3,3.9,18
Clayey,5.6,2.3,135,52,170,42,1,2.2,41
Black,5.3,5.0,87,74,91,33,3,1.9,47
Sandy,5.2,3.3,169,39,186,80,2,2.5,21
Loamy,5.9,6.7,39,72,91,47,2,3.9,43
Clayey,6.2,2.3,100,63,30,88,1,1.6,34
Black,7.8,4.3,163,122,248,59,1,1.8,60
Sandy,5.0,1.1,91,116,145,73,5,1.0,0
Loamy,7.4,4.4,97,148,172,11,4,3.5,27
Clayey,6.6,1.4,141,123,181,48,3,4.5,6
Black,5.7,7.8,114,119,297,83,5,1.0,40
Sandy,6.5,6.5,76,109,198,23,3,0.3,30
Loamy,5.7,4.4,127,70,163,21,2,2.0,57
Clayey,6.9,1.6,180,10,158,87,1,2.1,30
Black,6.2,5.1,39,18,225,60,3,3.3,46
Sandy,5.2,6.3,120,110,115,19,4,0.5,18
Loamy,5.0,2.3,153,22,233,53,2,4.1,40
Clayey,6.7,5.0,48,8,88,49,2,2.9,24
Black,8.1,6.7,95,61,38,69,5,2.8,20
Sandy,5.9,6.4,50,123,120,79,4,1.7,18
Loamy,7.4,6.6,40,57,100,40,2,1.9,52
Clayey,7.1,7.2,186,106,202,46,4,0.4,40
Black,8.2,7.6,150,29,37,82,1,3.8,25
Sandy,7.8,3.8,178,148,174,67,4,3.1,7
Loamy,6.8,5.0,165,98,148,52,5,4.9,18
Clayey,7.1,6.5,136,131,180,80,5,1.8,22
Black,8.1,5.9,73,128,138,47,3,3.4,22
Sandy,6.1,8.0,126,40,192,17,1,4.6,21
Loamy,5.8,1.1,28,76,172,43,1,3.6,42
Clayey,4.5,3.5,120,57,39,26,4,0.3,8
Black,7.8,3.0,123,83,53,26,5,3.2,4
Sandy,7.7,2.8,34,102,79,62,5,2.8,0
Loamy,4.9,2.6,175,48,177,24,5,2.5,19
Clayey,6.8,6.0,130,34,225,73,1,2.8,37
Black,6.4,1.6,108,78,112,66,5,2.4,38
Sandy,5.0,6.2,99,121,237,29,3,3.5,10
Loamy,8.4,5.9,12,88,108,70,2,0.2,40
Clayey,5.4,2.8,139,77,192,34,5,1.0,25
Black,4.8,2.8,14,38,59,87,3,1.9,13
Sandy,6.9,5.4,198,131,222,36,3,2.3,37
Loamy,7.5,6.3,29,89,240,56,2,0.7,58
Clayey,4.6,7.1,47,60,66,37,1,4.1,7
Black,7.1,7.0,110,11,262,15,5,4.7,13
Sandy,6.6,7.8,137,55,107,50,3,3.8,15
Loamy,4.9,5.1,111,140,176,68,3,4.7,25
Clayey,5.2,7.4,45,62,181,87,2,3.7,10
Black,6.8,6.7,183,89,39,70,3,2.3,50
Sandy,5.7,7.3,108,73,167,89,5,2.0,17
Loamy,8.3,1.1,122,12,220,58,1,0.9,53
Clayey,7.8,7.8,46,58,170,14,3,0.5,12
Black,8.4,4.3,63,148,119,20,1,1.2,35
Sandy,5.5,6.6,158,136,266,49,3,2.7,33
Loamy,8.4,1.9,158,63,132,79,3,0.8,28
Clayey,6.2,3.8,101,98,238,48,5,4.8,13
Black,5.9,2.9,79,50,44,79,1,1.2,49
Sandy,4.7,3.0,93,98,122,29,4,4.2,0
Loamy,4.7,1.9,197,103,98,13,5,4.1,0
Clayey,7.3,6.6,173,17,35,22,1,0.8,38
Black,6.3,1.1,20,41,78,58,1,3.6,32
Sandy,5.4,3.2,97,79,213,85,1,4.1,8
Loamy,7.0,2.2,96,62,144,18,4,4.4,5
Clayey,5.5,5.1,40,23,51,68,5,4.8,0
Black,6.8,2.8,110,149,197,12,4,4.7,8
Sandy,5.9,2.8,174,143,238,20,3,1.6,33
Loamy,7.8,4.4,69,147,119,14,2,1.4,35
Clayey,7.8,5.6,70,112,122,44,4,2.0,15
Black,6.4,1.8,76,149,137,33,3,2.4,42
Sandy,5.9,2.2,166,94,262,79,4,1.2,26
Loamy,6.0,2.7,88,124,138,15,1,0.5,55
Clayey,7.7,7.8,80,9,26,51,2,3.3,13
Black,5.8,3.8,76,136,29,52,2,1.0,57
Sandy,5.3,5.2,137,60,61,23,3,4.6,0
Loamy,4.8,2.7,120,108,66,85,4,1.5,26
Clayey,6.4,4.4,25,52,115,34,4,1.1,31
Black,6.4,1.5,54,52,265,27,4,1.1,35
Sandy,7.9,1.2,43,113,243,33,3,1.5,8
Loamy,5.4,4.3,53,104,133,72,4,3.1,23
Clayey,6.0,3.8,126,25,51,88,2,4.9,10
Black,7.7,2.0,134,106,172,10,2,2.5,28
Sandy,7.8,5.8,112,9,236,24,5,3.0,0
Loamy,6.0,8.0,129,93,265,63,4,4.2,48
Clayey,6.3,3.8,179,78,291,43,4,1.7,46
Black,5.7,5.4,44,126,280,61,2,1.0,55
Sandy,8.2,7.7,135,62,26,11,2,2.2,16
Loamy,5.0,6.8,84,102,224,45,1,1.7,69
Clayey,8.2,4.2,93,83,283,32,1,4.3,17
Black,7.2,6.2,167,9,221,33,5,4.9,20
Sandy,6.6,1.9,62,131,135,41,2,3.5,5
Loamy,4.6,4.6,67,100,231,60,5,3.3,24
Clayey,6.4,3.0,165,137,179,55,4,3.6,25
Black,6.1,2.1,152,126,148,22,4,2.4,35
Sandy,5.1,4.0,175,102,167,23,2,3.2,17
Loamy,7.1,1.9,59,139,97,26,3,0.4,29
Clayey,8.4,5.9,150,94,281,25,5,2.5,10
Black,6.7,4.2,120,133,71,41,3,1.7,53
Sandy,7.4,4.7,172,56,277,88,4,0.4,25
Loamy,4.8,2.0,120,102,240,21,5,2.8,18
Clayey,6.2,2.0,161,30,58,12,4,1.9,24
Black,5.0,5.1,129,125,267,84,1,3.0,50
Sandy,7.0,7.9,74,16,273,62,2,2.6,32
Loamy,8.3,1.7,115,74,135,52,1,1.5,48
Clayey,7.1,3.0,100,88,216,14,5,2.7,6
Black,4.8,7.1,155,23,233,56,1,2.0,60
Sandy,5.9,1.5,195,136,111,36,5,4.6,0
Loamy,6.7,7.1,35,100,51,61,3,1.9,47
Clayey,6.1,4.7,166,9,112,65,2,0.3,53
Black,7.8,3.9,81,125,251,89,3,3.8,12
Sandy,7.8,3.2,53,132,150,89,4,4.8,0
Loamy,6.9,3.1,99,58,242,89,2,0.9,49
Clayey,6.0,3.1,142,22,32,77,1,4.9,13
Black,5.5,7.2,170,68,40,24,5,3.1,22
Sandy,4.9,6.1,133,142,33,28,2,4.3,0
Loamy,5.9,5.7,14,27,126,35,4,2.4,46
Clayey,6.2,6.6,136,124,147,88,3,3.2,26
Black,7.2,2.8,122,119,51,54,4,4.2,19
Sandy,7.1,5.3,120,86,188,19,1,4.9,7
Loamy,4.8,4.2,173,100,100,35,5,1.0,38
Clayey,6.1,6.5,86,30,201,17,5,4.5,4
Black,5.2,3.2,22,103,209,89,1,3.4,28
Sandy,5.1,5.5,162,70,274,41,5,4.7,3
Loamy,7.8,7.2,67,108,185,30,2,1.7,49
Clayey,4.7,3.8,139,145,275,54,2,1.3,36
Black,6.2,1.5,97,9,217,64,1,1.9,64
Sandy,5.2,4.6,45,23,232,21,1,4.4,5
Loamy,8.0,3.4,34,24,64,57,4,2.4,23
Clayey,6.7,5.7,43,35,32,68,5,4.8,0
Black,5.4,7.7,149,109,71,83,3,1.3,43
Sandy,6.5,4.4,28,48,284,79,1,1.2,38
Loamy,7.4,4.3,123,105,62,46,4,3.4,39
Clayey,8.3,5.6,115,93,26,40,1,1.5,38
Black,5.4,1.7,46,53,249,12,1,0.7,40
Sandy,8.0,2.8,116,63,63,78,2,1.9,11
Loamy,8.2,7.4,138,136,191,68,5,1.4,42
Clayey,8.2,5.7,69,121,121,42,1,2.1,29
Black,7.0,1.1,76,139,242,45,5,1.0,31
Sandy,7.0,2.4,186,93,87,83,4,4.8,0
Loamy,6.1,5.8,88,19,141,12,1,4.0,42
Clayey,7.5,6.4,183,11,96,84,3,4.2,6
Black,6.6,6.9,120,120,224,12,2,1.6,55
Sandy,7.2,3.0,57,102,190,68,3,4.3,0
Loamy,6.2,7.5,156,122,237,63,2,3.0,70
Clayey,7.4,4.9,97,112,212,37,1,0.4,50
Black,7.8,5.9,49,110,172,18,1,0.9,37
Sandy,5.1,5.2,143,51,60,35,5,2.3,20
Loamy,7.8,1.9,105,57,42,38,2,2.0,43
Clayey,6.7,7.7,172,137,205,19,4,4.0,10
Black,7.9,1.9,70,64,235,36,3,4.4,8
Sandy,6.2,2.8,14,81,62,72,4,4.3,0
Loamy,6.0,6.7,46,66,132,71,2,1.9,53
Clayey,8.2,5.3,148,63,250,27,4,3.2,7
Black,5.5,6.9,115,60,129,62,2,2.5,53
Sandy,7.9,4.6,108,82,157,26,5,4.5,0
Loamy,6.4,3.6,177,51,124,58,5,4.5,28
Clayey,6.6,7.5,17,142,159,35,4,0.4,24
Black,5.7,1.3,96,28,274,14,4,2.9,19
Sandy,6.8,7.0,93,33,94,82,2,2.6,17
Loamy,5.8,2.6,20,139,252,53,5,3.9,25
Clayey,4.7,6.9,80,99,231,33,4,1.1,23
Black,5.6,2.0,195,149,77,66,2,3.5,34
Sandy,4.5,5.1,103,98,57,16,2,3.7,1
Loamy,8.4,7.2,132,29,281,29,4,0.2,40
Clayey,8.4,4.3,185,40,231,65,3,2.2,33
Black,6.1,6.2,150,75,157,81,1,4.9,38
Sandy,7.4,6.6,115,124,77,28,2,1.6,28
Loamy,5.9,6.2,197,54,292,73,5,4.4,31
Clayey,7.2,7.5,58,132,72,52,1,3.0,29
Black,7.7,4.1,16,45,225,53,2,1.6,42
Sandy,8.3,2.2,110,29,24,34,3,4.2,0
Loamy,6.1,1.3,162,140,126,26,1,5.0,26
Clayey,7.6,2.7,160,60,262,48,5,3.7,1
Black,5.6,2.0,60,88,167,34,1,0.4,49
Sandy,8.5,4.9,184,72,198,48,4,0.4,22
Loamy,4.6,2.3,14,25,193,48,2,2.5,30
Clayey,6.9,1.3,22,95,158,68,4,0.1,13
Black,7.1,1.3,51,14,194,75,3,3.4,12
Sandy,7.3,6.8,134,91,272,25,1,0.2,40
Loamy,5.0,5.1,142,37,269,62,4,4.9,30
Clayey,8.3,3.5,160,109,155,87,3,4.4,0
Black,5.2,7.3,71,87,41,38,4,4.1,20
Sandy,7.0,1.5,138,8,57,75,5,4.1,0
Loamy,5.4,7.9,83,27,46,19,4,4.2,15
Clayey,5.7,5.3,123,57,298,11,2,2.2,38
Black,6.7,2.3,63,117,139,22,4,4.0,1
Sandy,6.2,5.8,125,137,272,63,4,1.9,45
Loamy,5.1,6.3,140,22,84,11,4,4.3,20
Clayey,5.2,4.0,92,21,93,51,4,3.1,14
Black,6.2,7.0,188,111,193,23,4,1.9,52
Sandy,7.5,2.1,139,117,279,60,1,3.8,23
Loamy,8.1,3.0,58,126,92,58,1,1.3,43
Clayey,4.8,1.7,40,91,98,47,5,4.8,0
Black,6.1,2.5,83,6,63,43,1,3.4,45
Sandy,4.9,2.7,126,125,252,38,3,2.1,22
Loamy,4.6,7.4,12,107,22,73,2,2.8,22
Clayey,7.1,1.5,133,57,98,32,4,3.7,5
Black,6.9,4.0,172,54,200,32,4,4.0,29
Sandy,5.2,4.7,94,64,158,25,4,4.9,0
Loamy,5.4,7.3,173,118,26,53,5,1.1,48
Clayey,4.6,8.0,73,112,232,69,5,2.6,12
Black,7.8,6.3,169,43,20,80,3,0.5,33
Sandy,8.4,7.8,27,75,203,74,4,0.5,3
Loamy,5.0,6.5,43,132,270,28,5,0.6,35
Clayey,5.4,7.7,65,37,234,54,4,1.4,32
Black,8.0,6.0,76,78,96,10,1,3.5,21
Sandy,8.2,1.6,190,14,62,21,4,4.3,0
Loamy,6.2,3.8,100,135,176,34,3,2.2,61
Clayey,4.7,5.5,76,113,37,19,3,2.8,3
Black,4.7,3.5,119,31,239,75,5,1.1,25
Sandy,6.8,2.9,176,31,92,42,4,4.0,1
Loamy,6.1,5.0,175,115,209,11,3,4.5,40
Clayey,4.6,7.5,49,13,281,13,1,2.5,20
Black,6.8,1.2,156,10,163,32,5,0.9,35
Sandy,4.5,6.4,142,138,148,50,1,0.1,33
Loamy,7.6,6.1,151,30,297,47,3,2.7,48
Clayey,5.7,7.7,100,47,209,65,5,2.5,25
Black,4.7,7.5,58,23,170,85,4,4.6,0
Sandy,6.9,6.3,73,20,114,53,2,0.3,31
Loamy,6.1,4.6,121,109,57,73,4,0.8,53
Clayey,8.4,2.4,109,27,175,33,4,1.1,19
Black,6.7,4.8,194,63,61,50,1,2.8,55
Sandy,5.6,6.4,113,52,145,37,4,1.5,28
Loamy,7.3,7.3,172,25,96,71,2,1.1,53
Clayey,5.6,6.5,14,37,115,24,5,2.6,0
Black,8.1,2.4,128,118,282,71,5,0.3,22
Sandy,6.0,5.2,97,44,244,19,2,4.9,10
Loamy,6.7,3.3,176,14,130,38,1,4.3,39
Clayey,4.7,1.1,136,77,257,40,2,1.4,28
Black,6.2,2.4,33,40,224,72,5,1.7,31
Sandy,7.8,1.8,177,79,282,27,2,1.3,15
Loamy,7.7,6.9,116,139,95,16,1,4.6,22
Clayey,5.4,2.8,59,119,162,36,4,3.3,8
Black,5.4,3.0,67,20,104,18,4,2.7,17
Sandy,7.8,7.7,10,49,271,29,5,2.6,0
Loamy,8.2,3.7,180,31,251,59,1,0.9,61
Clayey,4.9,1.1,176,26,149,70,4,4.8,0
Black,6.3,3.0,147,147,48,76,4,4.6,16
Sandy,5.8,1.8,11,12,247,83,4,4.8,0
Loamy,8.0,1.7,72,120,26,26,3,1.5,21
Clayey,4.8,1.5,25,140,49,30,4,2.4,0
Black,5.3,5.2,46,91,234,82,3,2.6,34
Sandy,7.5,2.3,25,121,134,41,2,2.5,12
Loamy,4.7,3.5,96,20,234,57,5,0.2,35
Clayey,6.5,7.0,99,117,183,47,5,4.2,15
Black,6.3,4.0,89,61,189,37,3,3.8,40
Sandy,5.8,7.4,36,137,240,69,1,2.4,45
Loamy,6.1,4.5,120,48,279,79,3,1.4,65
Clayey,6.6,3.8,73,75,231,67,4,3.2,17
Black,5.1,6.3,106,41,280,79,1,0.8,60
Sandy,6.8,1.5,169,128,149,62,5,5.0,0
Loamy,7.7,1.6,146,32,124,19,2,0.7,32
Clayey,7.5,5.6,20,72,73,11,2,0.4,20
Black,5.1,4.4,79,117,127,34,3,3.1,35
Sandy,5.1,6.5,167,50,274,47,3,2.4,36
Loamy,5.6,7.4,152,104,297,10,3,3.6,39
Clayey,5.9,3.7,196,30,66,89,3,0.7,34
Black,6.1,5.2,57,79,153,85,5,1.9,38
Sandy,7.2,4.5,103,116,43,82,4,2.6,12
Loamy,4.7,7.9,85,67,136,22,5,2.3,19
Clayey,4.6,6.8,69,116,258,80,2,3.0,12
Black,6.1,7.4,77,147,60,10,2,0.6,51
Sandy,7.3,2.8,66,103,269,40,2,2.6,24
Loamy,5.3,6.4,73,13,108,76,4,2.8,28
Clayey,7.1,2.9,191,79,111,65,4,4.4,2
Black,5.5,2.5,89,26,100,28,1,2.9,30
Sandy,8.0,7.6,96,41,149,13,4,2.8,0
Loamy,8.1,1.1,191,61,110,37,2,4.1,20
Clayey,5.7,7.8,196,118,119,53,4,0.4,33
Black,5.4,2.0,176,144,97,39,4,3.3,26
Sandy,6.1,6.7,129,139,62,45,4,4.1,17
Loamy,5.5,2.9,152,107,142,62,3,0.6,51
Clayey,7.2,3.5,88,45,42,68,4,4.1,1
Black,7.8,2.5,165,109,163,77,3,4.0,9
Sandy,7.2,5.1,45,110,277,84,2,0.1,25
Loamy,7.8,3.4,63,48,26,13,1,1.3,35
Clayey,6.1,5.6,154,134,296,20,5,0.8,35
Black,5.1,1.1,109,149,205,62,1,2.6,52
Sandy,7.5,1.5,95,126,114,63,5,4.6,0
Loamy,5.9,1.7,31,5,44,54,2,3.1,41
Clayey,7.2,3.9,84,98,246,26,3,3.0,15
Black,5.6,6.7,45,18,192,73,4,0.7,32
Sandy,4.8,7.2,38,104,154,67,3,3.4,2
Loamy,8.5,2.7,192,106,88,22,5,4.5,0
Clayey,5.1,5.0,179,57,250,60,4,2.2,38
Black,8.5,6.4,169,10,277,61,5,3.4,26
Sandy,8.4,3.0,151,94,192,24,5,1.5,1
Loamy,7.7,3.9,27,68,51,13,4,1.4,17
Clayey,7.1,4.7,47,92,219,18,1,1.0,35
Black,6.8,1.9,110,37,99,76,1,1.3,43
Sandy,8.0,1.2,43,76,94,83,5,1.8,0
Loamy,5.7,2.1,130,48,283,66,2,2.9,52
Clayey,6.4,5.4,182,111,104,38,3,3.9,29
Black,7.0,1.5,96,38,236,56,1,1.5,54
Sandy,6.1,2.3,169,6,140,14,4,0.9,19
Loamy,6.2,3.4,119,140,39,79,5,2.3,40
Clayey,5.8,1.5,76,121,168,73,3,4.0,4
Black,6.8,2.3,192,125,26,68,3,2.0,44
Sandy,7.9,7.4,52,36,105,44,5,4.6,0
Loamy,5.3,1.1,132,60,166,14,3,1.3,40
Clayey,8.2,5.6,31,98,206,59,2,3.8,11
Black,7.3,3.7,96,11,212,69,5,2.4,37
Sandy,7.8,5.7,86,92,207,24,3,0.6,14
Loamy,6.7,5.1,134,134,37,33,3,1.5,58
Clayey,7.6,2.6,105,39,168,30,1,4.3,11
Black,4.6,6.9,131,102,65,11,3,0.1,33
Sandy,7.8,4.4,166,26,31,54,3,3.8,5
Loamy,4.7,6.8,49,63,249,19,1,4.1,24
Clayey,8.1,3.8,113,56,132,54,5,0.7,14
Black,8.5,7.9,182,144,179,46,1,4.8,29
Sandy,5.7,6.4,128,15,246,32,4,4.4,10
Loamy,5.3,7.8,147,126,202,54,4,1.0,60
Clayey,7.6,4.6,182,18,74,50,2,1.3,33
Black,5.5,4.3,129,37,285,74,3,4.1,29
Sandy,8.0,6.3,26,106,54,70,4,2.8,0
Loamy,4.9,7.2,111,81,99,15,5,4.6,2
Clayey,5.0,7.7,139,30,25,74,5,4.9,0
Black,8.4,3.3,154,146,146,27,4,1.8,22
Sandy,7.2,6.6,117,69,87,49,1,0.6,43
Loamy,7.9,2.5,99,50,209,47,2,3.5,32
Clayey,5.8,4.8,128,131,263,54,1,4.6,39
Black,7.2,2.3,175,98,28,26,2,0.9,39
Sandy,6.9,3.4,174,78,176,22,4,4.9,0
Loamy,6.9,7.5,72,132,90,19,1,1.1,51
Clayey,7.2,2.0,14,78,153,40,4,0.5,15
Black,6.8,5.4,34,144,268,59,2,2.5,49
Sandy,6.2,5.2,82,106,63,32,5,4.0,7
Loamy,5.6,1.8,133,51,135,54,1,1.8,58
Clayey,7.6,3.3,31,31,247,88,4,1.7,3
Black,5.4,4.9,102,90,76,47,2,1.1,58
Sandy,7.3,2.3,44,72,263,20,5,4.9,0
Loamy,5.4,6.6,64,113,76,17,1,1.8,50
Clayey,7.0,7.8,137,61,162,87,2,3.4,23
Black,7.5,2.5,29,144,211,22,1,0.7,40
Sandy,5.4,2.3,14,49,26,43,1,2.3,18
Loamy,4.7,4.2,176,27,294,74,3,4.0,25
Clayey,5.0,6.2,72,38,153,84,4,4.9,0
Black,6.9,3.0,41,25,58,19,3,1.0,27
Sandy,7.9,1.1,83,141,212,85,1,0.6,12
Loamy,4.7,4.8,177,117,44,45,2,4.9,23
Clayey,7.4,7.7,154,14,121,13,4,2.8,15
Black,5.9,3.7,110,56,170,30,2,1.8,68
Sandy,6.4,3.9,88,49,236,70,2,4.8,17
Loamy,8.2,7.8,169,34,249,47,5,2.0,45
Clayey,5.8,5.9,32,134,286,85,1,1.2,44
Black,6.4,6.0,197,100,181,48,2,4.0,52
Sandy,4.6,4.9,65,21,185,63,1,1.6,29
Loamy,4.8,7.8,146,32,266,71,3,1.7,45
Clayey,5.5,5.8,115,130,193,28,3,2.3,29
Black,4.6,7.3,78,49,28,11,2,3.5,16
Sandy,7.0,5.9,199,21,295,31,1,4.2,28
Loamy,6.2,6.1,31,146,78,66,5,1.2,47
Clayey,6.7,3.0,41,120,104,12,4,1.9,7
Black,5.2,3.1,184,142,169,32,3,2.5,46
Sandy,5.7,6.5,11,85,79,13,3,0.2,10
Loamy,7.2,3.1,132,22,144,37,5,3.5,27
Clayey,8.4,4.9,94,39,60,87,2,2.9,9
Black,4.7,2.7,189,62,192,79,3,0.8,30
Sandy,8.1,6.7,23,119,279,79,3,0.7,8
Loamy,6.8,1.8,46,22,192,50,4,4.5,12
Clayey,6.8,6.8,36,41,205,46,5,3.4,10
Black,6.5,5.2,161,44,260,16,5,2.0,50
Sandy,4.8,2.3,73,10,113,86,1,1.8,7
Loamy,4.9,4.8,79,83,82,10,5,1.7,21
Clayey,6.9,3.0,163,109,240,43,4,3.3,21
Black,5.9,3.3,191,95,27,61,5,1.0,47
Sandy,8.2,3.5,24,79,232,19,1,4.9,0
Loamy,6.1,1.4,38,120,228,69,4,3.5,33
Clayey,5.1,7.9,83,126,228,15,3,0.7,29
Black,7.4,1.2,37,59,104,77,2,0.8,25
Sandy,5.7,5.6,68,13,226,81,3,3.3,9
Loamy,6.6,3.6,82,110,172,57,1,2.0,61
Clayey,7.3,5.5,158,66,180,88,4,3.3,14
Black,8.1,3.5,19,115,135,54,3,3.6,9
Sandy,7.7,5.7,141,55,270,21,1,2.7,23
Loamy,7.2,6.1,71,107,202,79,3,1.4,48
Clayey,7.2,5.8,141,23,183,30,2,2.8,39
Black,8.3,1.8,136,73,99,84,3,2.2,21
Sandy,5.7,5.6,15,121,26,45,3,4.5,0
Loamy,4.5,3.0,89,86,106,32,3,3.7,19
Clayey,5.6,1.2,81,127,27,64,1,3.1,19
Black,5.4,3.9,25,37,55,36,4,0.3,32
Sandy,7.1,4.0,47,112,270,29,5,5.0,0
Loamy,7.0,4.3,186,17,119,24,1,2.9,49
Clayey,6.9,5.9,198,77,98,51,5,1.4,28
Black,4.6,3.2,74,94,290,13,5,3.0,7
Sandy,7.4,3.2,135,133,240,38,3,4.1,13
Loamy,5.8,1.4,92,16,215,64,2,2.7,57
Clayey,7.2,5.8,187,133,245,84,5,3.9,6
Black,6.7,5.0,26,72,106,58,5,2.1,30
Sandy,5.9,3.4,122,139,77,80,3,3.0,18
Loamy,5.0,5.9,165,120,189,84,2,2.2,55
Clayey,4.9,4.8,181,96,116,63,3,2.7,21
Black,7.8,4.3,149,43,165,42,5,0.9,37
Sandy,8.2,4.6,79,36,37,46,1,3.0,16
Loamy,7.1,5.5,80,112,203,86,5,4.9,8
Clayey,4.9,5.6,140,83,162,16,1,3.8,14
Black,6.1,3.0,58,7,81,33,4,1.7,43
Sandy,7.4,2.0,30,114,182,64,2,4.3,0
Loamy,7.6,2.1,145,115,59,20,4,4.5,0
Clayey,5.0,5.5,73,19,198,87,3,1.0,25
Black,4.5,7.1,196,55,254,53,5,0.4,40
Sandy,7.3,3.9,167,111,79,74,4,2.9,5
Loamy,5.9,2.2,41,25,247,15,2,2.4,47
Clayey,5.5,6.3,29,45,258,40,1,3.6,27
Black,4.6,6.8,25,124,75,52,1,1.5,41
Sandy,6.7,7.2,162,7,253,21,3,2.0,30
Loamy,7.9,5.2,69,133,103,74,3,1.4,30
Clayey,8.3,7.0,182,84,222,61,5,1.5,25
Black,6.8,1.1,146,103,60,79,4,0.1,26
Sandy,6.6,1.8,188,109,36,39,5,2.6,7
Loamy,4.8,1.6,112,99,124,86,1,2.4,33
Clayey,6.7,6.0,70,69,44,85,1,1.8,30
Black,6.0,1.5,177,45,112,83,4,2.7,30
Sandy,6.9,4.5,113,71,234,64,5,2.0,30
Loamy,6.1,4.3,70,128,203,48,3,2.2,65
Clayey,5.5,3.2,85,46,236,83,4,0.1,18
Black,4.9,7.1,24,73,170,15,3,0.4,25
Sandy,5.8,2.2,190,105,277,65,4,0.8,36
Loamy,4.9,3.5,141,144,138,17,3,1.0,33
Clayey,5.2,6.4,160,68,153,64,2,2.3,44
Black,8.4,1.2,164,112,226,25,1,4.4,14
Sandy,6.3,5.7,112,55,282,11,4,2.1,34
Loamy,6.6,6.7,174,77,209,73,2,3.2,48
Clayey,8.0,7.5,180,64,177,20,4,0.2,17
Black,8.5,7.1,174,84,95,13,1,4.3,20
Sandy,6.8,3.2,166,128,71,12,1,0.7,27
Loamy,7.7,5.1,166,18,245,24,3,1.5,45
Clayey,5.8,1.5,186,12,113,77,1,4.1,16
Black,5.7,2.8,84,31,197,52,1,1.4,54
Sandy,6.1,1.7,188,54,125,18,1,1.4,33
Loamy,7.2,3.2,187,61,95,34,5,3.1,31
Clayey,7.2,7.1,37,7,23,74,5,4.5,0
Black,5.8,3.4,83,38,206,75,1,1.1,59
Sandy,5.0,4.9,142,30,39,64,5,3.1,12
Loamy,7.0,4.0,134,119,294,54,4,3.0,47
Clayey,5.0,4.2,65,90,155,42,2,3.3,26
Black,6.8,7.8,73,134,46,31,2,4.7,24
Sandy,7.3,3.1,136,115,155,51,5,0.9,21
Loamy,7.3,5.4,130,110,37,85,2,3.3,40
Clayey,7.5,3.9,98,139,157,36,5,1.0,23
Black,8.0,1.4,26,23,251,20,3,1.6,17
Sandy,6.5,4.4,106,37,276,51,1,2.0,60
Loamy,7.4,6.7,64,6,238,87,2,4.2,30
Clayey,7.0,1.7,146,19,151,87,1,0.4,32
Black,5.2,1.5,119,25,275,31,2,3.7,37
Sandy,4.6,2.1,25,82,115,18,4,4.6,0
Loamy,5.6,6.4,153,63,293,88,4,0.5,50
Clayey,6.3,6.1,22,108,34,66,5,4.0,6
Black,7.0,5.0,87,86,198,40,1,0.6,61
Sandy,7.9,4.3,94,122,279,27,5,4.8,0
Loamy,5.3,7.2,82,117,107,21,3,4.1,21
Clayey,5.0,6.4,128,43,113,49,5,3.5,13
Black,8.4,6.7,178,24,47,54,5,2.8,25
Sandy,4.9,6.7,190,5,204,58,5,4.6,0
Loamy,6.4,5.5,77,77,94,10,2,0.7,56
Clayey,6.8,4.2,83,13,73,16,2,0.7,27
Black,6.7,7.1,108,55,66,11,3,4.1,22
Sandy,4.8,7.5,126,19,267,13,1,2.5,25
Loamy,4.7,1.2,146,88,253,54,4,4.2,16
Clayey,4.9,1.4,188,45,137,55,1,2.0,27
Black,6.8,7.7,185,58,279,76,4,2.3,42
Sandy,6.7,2.9,186,123,249,18,2,1.7,28
Loamy,5.4,7.1,155,21,260,66,5,4.8,27
Clayey,7.1,3.7,147,132,201,25,3,2.4,27
Black,7.8,1.8,124,96,120,60,3,3.8,15
Sandy,4.7,1.6,63,13,267,61,3,3.5,0
Loamy,6.5,2.1,88,50,132,18,1,1.3,53
Clayey,7.3,2.7,24,138,240,15,2,4.6,0
Black,5.5,4.4,148,20,167,53,2,2.8,54
Sandy,5.7,5.9,177,116,216,88,5,4.3,0
Loamy,7.0,7.9,127,91,88,15,1,4.2,36
Clayey,8.1,4.1,121,66,43,14,5,0.4,8
Black,7.7,4.6,115,108,205,55,4,3.1,34
Sandy,6.8,4.7,114,124,189,36,2,4.0,22
Loamy,7.4,4.8,56,138,51,54,3,4.5,24
Clayey,6.0,4.6,127,44,195,50,5,2.6,36
Black,7.1,1.1,135,62,196,37,4,3.8,22
Sandy,6.4,1.0,157,146,163,63,3,4.9,5
Loamy,5.3,1.7,107,82,30,41,3,4.2,26
Clayey,7.3,1.7,159,115,166,62,5,4.3,0
Black,6.7,5.9,57,103,214,80,5,2.1,30
Sandy,5.9,2.4,91,10,95,39,5,0.5,20
Loamy,8.1,7.3,25,27,179,62,2,4.8,17
Clayey,4.6,7.5,142,66,119,40,1,3.5,23
Black,5.8,7.8,83,21,135,21,5,0.9,37
Sandy,4.7,7.6,30,88,102,18,2,4.9,0
Loamy,7.6,2.9,70,116,82,76,1,3.6,17
Clayey,7.3,4.6,192,108,151,46,4,0.5,37
Black,5.8,2.2,33,129,267,37,1,0.9,60
Sandy,7.2,6.6,32,32,150,35,2,4.3,4
Loamy,6.1,7.2,96,145,177,30,2,4.8,44
Clayey,7.5,7.0,148,24,235,19,1,1.9,45
Black,6.3,4.0,184,121,53,89,1,2.1,59
Sandy,6.1,6.3,11,58,298,33,2,2.0,42
Loamy,8.2,1.7,62,113,34,34,2,4.2,13
Clayey,5.5,1.3,148,68,134,61,4,2.3,18
Black,5.0,6.3,24,56,76,10,2,1.9,36
Sandy,6.8,4.0,149,47,161,62,2,3.1,28
Loamy,8.4,8.0,131,91,226,77,3,2.5,40
Clayey,6.0,1.7,132,22,159,87,3,2.7,25
Black,4.7,7.0,173,88,126,33,3,2.1,42
Sandy,5.9,4.4,101,58,97,36,5,2.4,29
Loamy,6.5,6.8,32,64,21,36,5,0.3,47
Clayey,5.1,6.7,164,127,293,74,2,4.6,14
Black,7.1,7.4,97,75,54,48,3,0.2,48
Sandy,8.5,3.1,151,133,284,86,4,3.9,0
Loamy,6.3,7.6,191,117,237,45,4,1.6,70
Clayey,5.9,2.1,108,41,86,85,4,0.7,24
Black,6.1,1.6,36,53,88,78,2,3.1,25
Sandy,5.0,4.0,30,39,243,14,3,3.6,0
Loamy,8.0,6.8,58,109,222,19,2,3.2,29
Clayey,6.2,4.3,199,39,100,25,2,2.9,34
Black,6.0,6.8,53,13,85,62,4,2.7,42
Sandy,7.1,6.1,53,64,299,23,3,2.8,13
Loamy,6.3,2.5,137,60,280,83,5,4.3,24
Clayey,7.1,7.6,198,110,296,38,1,0.5,55
Black,4.7,1.4,179,115,25,37,2,0.9,37
Sandy,7.8,7.3,32,93,151,26,3,4.1,0
Loamy,8.3,3.1,138,16,284,78,1,1.6,49
Clayey,7.1,4.5,134,75,87,75,1,3.9,19
Black,8.3,4.0,45,75,145,45,5,1.8,20
Sandy,5.1,2.2,64,123,190,55,5,4.6,0
Loamy,6.4,3.5,119,136,48,54,2,1.5,68
Clayey,6.9,2.4,25,99,195,18,2,2.2,15
Black,6.8,2.4,98,54,124,45,3,0.9,40
Sandy,6.1,2.3,27,107,64,14,5,3.4,0
Loamy,5.9,4.4,47,27,120,88,5,2.1,37
Clayey,5.0,6.6,29,94,245,82,3,4.7,0
Black,6.1,5.0,28,97,123,59,5,0.2,41
Sandy,5.2,7.3,22,12,281,37,4,2.0,23
Loamy,7.4,5.5,26,33,272,36,1,0.2,63
Clayey,5.3,5.8,39,57,184,56,4,1.7,26
Black,4.7,5.7,52,138,231,42,1,2.0,51
Sandy,6.7,4.1,57,28,163,47,3,1.4,28
Loamy,6.9,5.8,52,124,255,17,3,1.4,46
Clayey,8.0,1.5,102,128,41,13,1,1.4,17
Black,6.8,7.0,123,146,88,45,1,1.4,63
Sandy,5.9,6.4,75,56,88,40,1,1.5,46
Loamy,7.7,2.7,128,74,265,83,1,4.3,25
Clayey,6.7,6.4,62,8,82,58,2,0.3,35
Black,4.8,1.1,81,120,256,50,5,4.9,0
Sandy,6.8,2.5,87,41,38,17,5,1.5,0
Loamy,8.1,1.5,171,52,250,39,3,0.2,44
Clayey,6.1,6.5,83,126,248,23,2,1.0,44
Black,5.7,6.3,81,43,146,54,1,4.7,30
Sandy,5.1,6.7,22,96,165,55,2,5.0,0
Loamy,5.1,1.0,193,70,133,76,1,1.3,46
Clayey,6.2,4.5,68,17,262,25,5,1.2,27
Black,6.9,5.9,41,64,164,19,1,4.2,25
Sandy,4.8,2.1,92,130,60,77,5,4.6,0
Loamy,8.3,5.5,129,36,180,61,1,3.3,49
Clayey,7.5,1.6,63,137,96,59,3,4.7,0
Black,6.8,2.3,11,70,187,77,5,4.8,0
Sandy,7.8,4.3,127,82,129,11,3,3.8,0
Loamy,4.8,5.6,46,130,214,84,2,1.8,40
Clayey,6.4,2.0,106,33,247,88,1,0.8,46
Black,7.0,2.3,112,74,186,84,2,2.6,37
Sandy,7.8,2.4,123,140,40,69,1,1.5,25
Loamy,7.6,2.7,170,59,184,59,5,0.7,35
Clayey,5.6,2.6,10,114,149,10,1,2.0,16
Black,8.3,3.8,137,6,281,46,4,2.5,36
Sandy,5.0,5.6,112,67,71,32,4,3.3,15
Loamy,8.0,4.1,165,21,280,58,4,1.2,50
Clayey,8.4,6.4,154,63,194,83,3,4.4,0
Black,5.2,6.0,66,92,115,73,4,1.0,30
Sandy,7.4,1.9,79,20,59,26,1,5.0,0
Loamy,4.7,1.3,189,62,228,80,2,2.8,30
Clayey,6.1,7.1,53,54,161,24,3,0.8,33
Black,6.6,1.6,184,21,277,60,5,4.2,17
Sandy,6.8,2.0,150,118,186,36,3,1.3,28
Loamy,8.2,1.2,85,50,210,18,2,1.0,32
Clayey,7.2,5.4,167,110,138,73,4,0.8,23
Black,6.4,5.1,94,131,165,72,2,2.8,49
Sandy,7.7,7.9,75,54,148,62,3,4.4,0
Loamy,8.3,7.2,62,122,164,51,3,4.5,19
Clayey,4.6,3.9,27,72,73,79,3,3.9,0
Black,8.4,3.6,37,55,141,44,2,2.9,23
Sandy,4.8,3.1,141,116,143,26,1,2.7,10
Loamy,7.8,2.1,51,68,186,53,1,1.9,44
Clayey,5.6,2.0,135,149,162,52,4,0.3,28
Black,5.0,1.9,126,63,41,85,5,4.2,1
Sandy,6.3,1.8,143,147,295,53,2,5.0,15
Loamy,7.1,2.7,111,104,296,47,1,4.6,42
Clayey,6.0,3.1,146,30,134,50,4,4.7,10
Black,4.7,7.7,157,18,291,34,5,1.7,40
Sandy,6.9,5.0,47,126,187,58,4,0.6,22
Loamy,8.1,7.9,59,13,296,69,4,4.4,16
Clayey,6.0,3.6,69,11,283,11,5,3.8,4
Black,5.4,4.2,150,144,269,74,3,2.0,50
Sandy,6.3,3.3,128,149,274,12,1,4.2,22
Loamy,4.7,2.3,108,112,77,23,1,0.8,39
Clayey,7.8,2.0,103,140,24,54,5,3.3,0
Black,7.8,7.6,179,95,130,43,1,4.8,25
Sandy,6.9,7.9,77,128,284,45,2,4.6,12
Loamy,5.9,1.3,162,5,268,24,2,3.8,40
Clayey,7.7,2.1,168,13,114,46,2,1.4,24
Black,6.7,4.0,149,115,204,19,5,0.6,37
Sandy,7.8,2.3,73,28,248,18,4,1.7,0
Loamy,7.0,3.5,88,129,281,59,4,3.1,38
Clayey,7.6,1.9,198,40,138,44,3,1.7,18
Black,6.9,4.2,62,8,253,55,3,2.1,51
Sandy,6.2,2.9,35,91,221,56,2,2.1,36
Loamy,8.3,3.5,198,148,281,27,2,1.7,45
Clayey,6.7,1.7,147,12,72,34,5,4.6,0
Black,6.9,4.0,149,95,180,44,2,1.7,59
Sandy,5.4,7.9,159,43,263,89,2,5.0,5
Loamy,7.0,3.3,190,62,113,60,2,1.1,57
Clayey,6.8,7.1,30,144,59,64,1,4.4,11
Black,5.2,6.9,172,8,299,25,4,3.7,28
Sandy,4.7,7.7,80,29,111,21,1,3.4,2
Loamy,6.9,6.5,91,71,57,68,2,2.3,55
Clayey,7.6,5.6,164,122,262,82,2,4.1,9
Black,6.6,7.0,69,28,155,46,1,2.5,54
Sandy,5.4,1.5,108,10,83,41,1,0.8,32
Loamy,7.2,4.2,56,101,220,66,5,1.5,46
Clayey,4.8,7.9,152,76,281,31,5,1.0,25
Black,6.3,6.4,33,128,194,54,2,2.9,52
Sandy,5.2,7.7,19,6,196,21,1,3.3,11
Loamy,5.2,6.5,129,42,104,14,5,1.7,38
Clayey,5.3,7.1,161,44,179,35,3,0.3,42
Black,6.0,5.9,97,60,201,29,1,3.3,52
Sandy,4.7,6.3,113,107,55,70,4,0.4,18
Loamy,6.1,4.7,133,107,118,17,3,4.8,30
Clayey,6.5,7.5,194,25,245,71,3,4.4,20
Black,6.4,6.8,43,119,56,63,1,4.2,41
Sandy,6.0,6.9,50,39,292,89,2,1.9,35
Loamy,7.9,5.7,177,71,291,67,4,3.8,32
Clayey,5.1,3.1,20,127,205,75,5,0.3,6
Black,6.5,1.2,10,46,68,54,5,0.5,27
Sandy,4.7,7.5,167,85,113,74,2,2.5,13
Loamy,4.8,5.1,180,45,245,14,4,3.0,30
Clayey,6.8,3.1,91,118,24,40,4,3.9,3
Black,6.8,2.0,35,24,193,32,3,1.6,37
Sandy,8.0,6.8,62,13,202,30,3,2.8,14
Loamy,6.7,6.9,134,61,92,21,4,0.4,43
Clayey,8.3,6.7,184,128,164,13,1,2.4,28
Black,4.7,5.5,18,149,171,46,1,3.4,30
Sandy,4.9,3.6,18,82,75,84,1,4.9,0
Loamy,4.7,3.1,138,22,202,18,4,3.9,15
Clayey,5.2,1.1,181,67,141,35,5,5.0,0
Black,6.7,6.8,68,97,263,36,1,2.5,57
Sandy,7.1,1.6,193,30,223,71,5,2.2,7
Loamy,4.7,5.4,115,88,98,59,1,4.2,36
Clayey,8.3,4.5,188,17,35,81,4,2.4,9
Black,7.9,4.7,134,123,145,11,1,3.8,25
Sandy,5.7,7.5,25,149,106,35,5,5.0,0
Loamy,4.8,1.2,47,119,297,78,2,3.7,11
Clayey,5.2,6.4,148,30,62,55,5,0.2,28
Black,5.0,1.4,162,138,98,87,2,1.0,37
Sandy,5.0,1.3,68,85,296,72,5,1.5,0
Loamy,6.6,4.0,38,136,283,79,1,4.1,30
Clayey,5.5,1.4,177,93,247,32,1,4.7,17
Black,5.9,6.5,17,11,144,26,5,3.3,17
Sandy,8.5,4.7,107,21,125,73,1,0.5,23
Loamy,7.2,1.2,143,90,249,38,1,2.5,58
Clayey,8.3,1.3,182,132,153,61,4,4.3,0
Black,5.1,5.3,118,122,100,33,3,1.9,53
Sandy,6.0,6.6,190,96,128,44,3,0.4,43
Loamy,6.7,4.1,117,54,194,56,5,3.9,33
Clayey,4.8,4.9,158,132,183,60,3,3.3,19
Black,4.5,6.6,66,10,144,11,2,2.4,26
Sandy,7.2,5.3,85,78,42,30,5,4.3,0
Loamy,7.1,2.6,122,60,81,49,5,4.3,17
Clayey,6.1,5.3,15,43,231,78,2,3.5,22
Black,6.5,5.4,133,146,271,44,3,4.7,43
Sandy,6.2,6.1,143,58,115,53,2,2.3,45
Loamy,4.6,5.3,62,26,228,44,1,3.7,40
Clayey,5.8,7.8,141,45,76,89,5,4.2,6
Black,5.2,2.4,18,94,253,34,4,3.2,22
Sandy,4.9,7.7,78,14,84,89,2,2.8,3
Loamy,8.3,4.8,83,6,36,40,5,3.7,15
Clayey,6.9,5.7,120,52,154,61,5,1.8,32
Black,7.4,1.7,96,46,149,44,2,1.9,43
Sandy,5.8,3.7,13,143,56,32,4,4.9,0
Loamy,6.1,6.4,195,144,269,58,5,0.7,65
Clayey,5.4,5.9,46,146,76,25,1,4.2,6
Black,4.9,1.3,80,34,29,67,1,4.0,14
Sandy,5.2,4.8,15,64,100,59,1,0.4,30
Loamy,7.7,1.6,60,42,109,87,4,3.5,0
Clayey,7.2,8.0,108,79,139,73,3,0.6,28
Black,6.7,7.3,187,69,121,61,1,1.1,63
Sandy,6.4,1.1,105,43,46,49,2,4.8,8
Loamy,8.2,7.0,151,77,280,63,3,1.9,55
Clayey,4.8,7.4,20,62,80,26,2,0.4,10
Black,5.6,3.5,19,111,155,13,4,2.7,17
Sandy,5.9,6.0,198,93,116,89,1,1.1,43
Loamy,7.6,4.1,22,21,168,65,5,2.2,28
Clayey,8.5,5.6,130,138,246,39,1,0.6,45
Black,5.5,3.4,171,147,296,43,4,0.6,50
Sandy,8.0,3.3,69,99,247,53,1,2.6,20
Loamy,7.8,4.0,188,74,268,78,1,1.7,52
Clayey,5.4,2.0,14,67,277,74,1,0.9,23
Black,6.1,6.8,169,62,239,62,4,2.9,56
Sandy,6.1,3.4,21,130,255,79,1,0.4,33
Loamy,8.4,3.8,189,149,39,42,5,3.8,16
Clayey,5.2,7.3,150,139,157,87,5,0.4,22
Black,7.7,4.5,94,67,208,45,3,4.9,15
Sandy,5.8,4.8,191,121,124,27,3,3.7,16
Loamy,7.4,7.7,126,57,117,60,3,4.5,33
Clayey,6.2,7.2,131,86,289,66,3,2.3,52
Black,6.8,2.2,191,47,172,53,5,0.4,38
Sandy,7.8,4.3,50,8,237,19,3,1.2,10
Loamy,7.7,7.8,57,79,40,48,2,4.9,14
Clayey,8.0,3.6,60,98,291,65,4,3.1,5
Black,4.7,3.6,184,111,221,58,4,1.2,40
Sandy,7.3,2.4,187,95,179,67,5,2.5,14
Loamy,5.1,1.8,127,97,83,85,4,1.7,33
Clayey,6.2,6.2,105,117,103,32,4,2.5,38
Black,6.7,6.4,85,94,92,16,1,4.2,25
Sandy,6.1,7.8,55,98,79,54,3,1.2,34
Loamy,6.6,6.4,109,142,166,64,3,2.1,61
Clayey,8.5,2.7,47,144,66,64,1,2.3,18
Black,5.0,1.3,101,142,242,86,5,3.0,18
Sandy,7.2,7.9,150,96,177,47,2,0.5,42
Loamy,6.1,3.4,159,109,66,28,5,1.1,43
Clayey,5.0,3.2,139,77,229,31,2,2.0,44
Black,5.1,7.3,102,14,40,20,2,4.1,27
Sandy,8.3,5.1,86,108,250,12,1,1.0,24
Loamy,8.0,2.5,22,145,124,28,5,4.4,0
Clayey,8.1,7.2,66,52,145,16,3,1.8,10
Black,8.5,8.0,171,113,87,43,5,1.3,33
Sandy,5.3,1.6,156,93,45,20,5,2.1,1
Loamy,5.9,7.0,146,48,180,14,2,2.8,59
Clayey,7.2,3.7,125,97,127,80,2,3.7,12
Black,6.4,4.7,104,68,103,45,3,2.4,59
Sandy,6.2,7.4,170,44,60,14,3,4.1,12
Loamy,5.9,7.8,164,138,219,65,2,4.1,59
Clayey,6.9,2.8,182,124,55,14,5,0.1,11
Black,6.8,2.5,139,76,253,36,2,4.0,37
Sandy,5.1,1.6,88,102,261,36,4,2.3,15
Loamy,6.4,4.9,66,36,39,41,4,4.8,27
Clayey,6.7,1.1,104,78,171,24,2,4.1,4
Black,6.8,3.9,66,127,190,63,3,2.0,45
Sandy,5.3,1.5,153,88,235,29,2,3.2,12
Loamy,7.5,3.8,116,56,251,43,5,1.1,51
Clayey,4.6,1.3,88,38,35,43,4,1.5,5
Black,5.9,6.8,143,85,184,55,1,1.1,77
Sandy,7.6,2.5,23,112,288,30,3,3.8,0
Loamy,6.8,3.3,36,130,198,48,1,0.1,55
Clayey,5.5,7.1,47,9,277,49,3,2.1,34
Black,7.3,6.2,156,45,95,53,1,4.2,41
Sandy,6.8,2.5,174,38,124,45,1,3.6,19
Loamy,7.7,1.5,136,24,106,64,2,2.2,40
Clayey,7.4,6.0,13,70,33,80,3,3.2,2
Black,6.9,3.7,67,96,266,59,4,2.2,41
Sandy,6.5,6.4,146,48,260,67,1,4.2,38
Loamy,5.0,4.1,122,107,28,83,2,2.9,44
Clayey,5.5,3.4,177,52,43,83,5,3.2,1
Black,6.2,4.2,152,39,131,47,3,4.9,34
Sandy,6.9,6.2,13,115,236,33,3,3.9,8
Loamy,6.6,7.3,61,43,247,83,4,1.5,42
Clayey,5.7,1.3,155,7,51,68,1,3.9,17
Black,4.5,4.7,190,23,296,54,2,4.6,29
Sandy,6.5,1.2,196,129,189,35,1,1.5,45
Loamy,5.6,4.3,108,87,250,74,2,4.1,39
Clayey,7.4,7.2,191,9,89,20,4,1.3,23
Black,4.6,3.5,178,59,130,59,1,2.2,46
Sandy,6.8,7.5,197,17,108,67,5,3.5,8
Loamy,8.3,5.4,102,22,21,43,4,1.3,43
Clayey,5.2,7.5,126,72,75,25,4,1.0,23
Black,6.4,6.3,13,104,177,68,3,2.4,50
Sandy,4.9,1.7,94,42,290,10,2,3.9,0
Loamy,7.0,2.6,176,145,293,50,1,3.0,57
Clayey,6.7,3.8,16,129,51,37,2,3.5,11
Black,6.1,2.2,134,26,289,24,4,3.5,31
Sandy,6.6,4.5,160,33,209,89,1,2.8,32
Loamy,8.1,4.3,94,141,229,55,5,1.6,40
Clayey,5.3,7.7,72,114,41,41,2,2.2,34
Black,4.6,4.0,132,112,33,48,2,2.0,45
Sandy,7.9,6.5,178,72,225,74,5,0.5,10
Loamy,6.8,7.6,98,108,53,82,4,4.5,13
Clayey,8.1,7.1,104,149,75,84,2,3.2,10
Black,6.9,2.5,128,136,259,20,3,4.3,19
Sandy,7.7,4.5,53,44,82,79,3,3.9,0
Loamy,6.2,3.4,111,148,99,43,1,0.4,73
Clayey,7.5,3.8,54,143,59,59,5,1.2,15
Black,8.2,3.5,126,30,298,53,4,4.8,12
Sandy,6.8,6.8,60,99,275,23,3,2.4,17
Loamy,5.2,4.2,74,102,129,81,1,4.1,30
Clayey,5.6,4.7,63,107,67,34,1,2.9,31
Black,5.3,7.9,193,129,251,77,2,4.1,34
Sandy,5.5,1.4,81,6,101,59,4,3.7,0
Loamy,5.7,4.4,129,95,193,41,3,1.5,62
Clayey,6.7,6.4,177,49,132,64,5,5.0,0
Black,6.9,2.1,195,7,297,87,2,2.5,41
Sandy,6.2,5.3,152,84,59,34,3,3.0,33
Loamy,7.0,2.7,28,68,49,88,1,2.7,32
Clayey,4.8,7.1,19,139,274,61,5,4.4,0
Black,4.9,3.3,25,39,259,65,1,1.5,42
Sandy,5.2,3.3,180,26,202,31,2,0.4,39
Loamy,6.6,5.2,168,30,203,56,5,2.2,53
Clayey,5.4,2.3,117,124,61,79,5,4.6,0
Black,5.6,3.0,25,10,146,60,2,2.3,37
Sandy,6.1,3.9,89,122,101,75,1,1.5,33
Loamy,7.7,3.5,37,89,252,79,5,3.1,8
Clayey,4.6,4.7,199,125,211,84,4,3.7,3
Black,7.1,5.2,157,67,20,74,4,2.4,34
Sandy,7.2,5.0,172,133,226,31,1,2.0,50
Loamy,7.7,5.6,196,24,216,50,5,1.9,45
Clayey,8.2,3.2,18,33,36,86,1,2.2,7
Black,4.6,1.9,113,47,188,56,4,4.2,10
Sandy,5.1,6.3,147,69,205,69,5,2.5,25
Loamy,8.0,7.0,54,135,141,31,5,1.6,29
Clayey,6.3,2.8,118,100,243,13,1,1.0,48
Black,6.8,3.8,152,24,146,53,5,1.5,39
Sandy,7.2,4.5,39,85,185,50,1,2.4,32
Loamy,7.2,4.7,57,41,141,47,3,2.8,41
Clayey,8.2,5.6,177,42,239,26,3,3.1,14
Black,8.5,1.3,100,49,298,26,4,0.4,18
Sandy,7.4,6.1,100,50,167,54,4,3.1,16
Loamy,5.6,1.4,83,64,266,55,2,1.8,53
Clayey,8.0,4.3,53,100,207,17,3,1.4,16
Black,4.7,6.8,183,17,30,24,3,1.7,33
Sandy,5.4,4.2,143,35,64,42,2,3.9,19
Loamy,8.1,2.0,126,128,143,58,1,4.0,29
Clayey,5.5,7.9,33,72,266,19,3,0.6,24
Black,5.4,7.2,16,120,178,71,3,2.5,29
Sandy,5.1,6.4,15,66,286,64,4,2.7,14
Loamy,7.9,3.9,127,79,97,67,2,0.2,49
Clayey,6.5,2.3,170,110,170,72,2,3.6,22
Black,7.2,7.6,94,57,170,20,4,1.9,37
Sandy,5.5,4.7,119,55,143,44,3,2.1,32
Loamy,7.5,7.0,175,105,247,13,5,3.1,34
Clayey,7.5,3.4,181,105,291,75,2,2.4,31
Black,5.8,3.3,154,87,236,42,3,3.8,46
Sandy,6.1,7.9,40,127,166,82,1,3.0,26
Loamy,5.3,4.7,174,138,237,44,2,1.2,70
Clayey,8.4,2.0,148,16,115,47,4,4.4,0
Black,7.1,2.5,142,85,69,87,2,1.2,40
Sandy,8.2,4.4,73,6,62,66,4,3.6,0
Loamy,5.7,1.3,85,57,38,42,1,4.0,30
Clayey,7.6,4.2,140,41,132,53,3,3.5,13
Black,7.6,3.9,65,149,232,62,4,2.2,31
Sandy,7.3,6.5,72,73,37,89,4,4.4,0
Loamy,8.4,3.5,114,60,153,29,1,1.7,47
Clayey,6.1,7.9,47,125,33,72,5,3.5,3
Black,5.0,2.3,63,62,83,60,2,4.4,17
Sandy,7.2,5.1,139,8,182,23,5,0.9,17
Loamy,7.4,1.6,11,107,277,44,2,3.3,33
Clayey,6.8,6.1,149,53,25,54,1,4.5,23
Black,5.3,8.0,49,42,140,42,1,0.6,53
Sandy,6.5,6.7,11,49,172,70,5,0.8,24
Loamy,5.7,4.9,114,112,197,81,1,2.0,62
Clayey,6.2,4.4,134,41,82,62,3,5.0,18
Black,7.1,6.8,89,36,277,87,5,1.2,34
Sandy,7.5,7.6,194,143,84,87,4,1.7,18
Loamy,5.4,7.9,56,62,206,59,4,4.2,29
Clayey,6.1,3.8,173,81,246,24,1,0.7,51
Black,5.6,7.9,141,21,218,51,1,5.0,40
Sandy,5.3,2.1,161,34,270,29,2,3.7,9
Loamy,7.6,2.8,100,94,212,77,5,4.8,0
Clayey,8.1,1.6,110,123,138,16,5,0.8,0
Black,6.0,2.9,199,20,198,75,3,1.2,50
Sandy,7.5,6.4,139,79,71,82,4,1.9,18
Loamy,8.1,7.0,24,8,129,32,4,0.3,31
Clayey,7.9,6.5,58,131,243,45,3,0.4,26
Black,5.2,5.4,121,109,117,21,2,4.5,23
Sandy,8.3,4.6,44,147,67,32,3,0.3,13
Loamy,6.0,6.0,125,8,120,20,2,3.8,45
Clayey,5.9,3.7,103,89,259,10,2,3.6,30
Black,4.7,6.9,184,67,93,86,2,0.5,38
Sandy,6.4,5.7,33,104,57,48,1,1.0,42
Loamy,4.9,5.9,69,70,235,79,1,2.3,44
Clayey,5.5,4.8,86,43,155,40,2,3.2,29
Black,5.8,7.2,57,76,25,18,3,4.5,19
Sandy,7.7,2.8,160,76,266,65,3,2.7,16
Loamy,8.0,3.7,149,46,216,27,3,4.7,14
Clayey,5.7,6.4,50,90,130,68,1,1.0,38
Black,7.9,4.4,166,95,57,76,2,3.2,26
Sandy,7.9,7.2,188,32,134,12,4,4.2,0
Loamy,7.6,3.4,137,123,204,39,3,1.2,50
Clayey,5.1,3.6,160,133,231,73,1,4.0,20
Black,7.3,7.2,40,95,274,79,5,2.1,28
Sandy,8.3,4.3,158,12,132,11,2,5.0,0
Loamy,7.2,4.6,33,125,289,29,3,0.5,44
Clayey,5.8,3.3,18,50,194,38,1,2.8,35
Black,6.5,2.9,159,28,38,18,5,3.9,17
Sandy,7.1,5.6,141,119,222,13,2,3.4,21
Loamy,6.5,1.8,86,123,145,49,4,2.6,41
Clayey,5.0,7.2,140,28,273,64,2,2.6,44
Black,5.7,6.5,129,26,274,22,2,2.1,54
Sandy,7.7,2.3,165,72,171,15,3,1.8,8
Loamy,7.9,5.9,99,140,218,82,2,3.0,35
Clayey,5.0,5.2,126,62,218,35,5,3.8,17
Black,8.3,2.3,119,19,194,50,5,1.5,28
Sandy,5.8,2.9,130,12,289,51,2,4.7,21
Loamy,7.1,3.9,107,39,199,87,2,1.9,53
Clayey,7.5,5.9,24,52,237,70,5,2.2,21
Black,7.7,5.5,145,100,137,71,5,2.1,22
Sandy,8.3,4.7,185,75,42,77,3,0.6,13
Loamy,5.8,6.4,61,48,144,30,4,0.7,55
Clayey,7.9,6.3,64,101,103,40,5,4.0,0
Black,5.0,5.3,46,39,218,52,4,2.0,45
Sandy,7.3,6.5,141,31,206,30,4,1.2,35
Loamy,7.5,3.3,64,74,111,38,5,3.6,18
Clayey,7.2,7.2,21,70,201,64,3,4.8,5
Black,5.5,5.3,156,75,246,67,2,4.7,38
Sandy,8.0,6.8,194,84,218,33,1,3.6,24
Loamy,5.2,4.8,46,33,254,54,2,1.0,60
Clayey,4.7,2.5,16,35,63,89,1,0.9,7
Black,7.4,4.8,64,72,95,18,5,4.4,0
Sandy,6.4,3.6,37,29,160,75,2,4.8,0
Loamy,7.9,5.9,46,121,201,11,2,3.1,29
Clayey,6.0,4.3,198,145,138,46,1,4.5,33
Black,5.2,6.9,84,85,59,46,3,4.1,26
Sandy,7.8,5.7,123,91,279,78,5,0.9,10
Loamy,6.7,5.8,176,139,263,55,5,1.2,55
Clayey,5.3,2.5,115,28,148,15,5,0.4,10
Black,7.4,7.9,160,5,25,57,2,2.4,54
Sandy,6.5,6.9,189,115,85,17,4,1.7,28
Loamy,6.9,6.5,119,51,238,41,1,2.2,73
Clayey,6.3,3.3,93,40,165,86,2,0.1,36
Black,7.8,4.7,20,46,253,76,3,3.6,11
Sandy,7.8,2.0,75,80,48,82,3,1.1,0
Loamy,7.3,4.8,22,94,180,77,2,1.9,45
Clayey,4.9,2.0,178,93,150,37,1,2.1,28
Black,7.9,4.9,186,72,167,49,5,0.4,37
Sandy,7.2,5.5,24,74,101,25,5,1.9,1
Loamy,7.3,3.7,65,114,102,66,4,4.5,16
Clayey,6.0,4.5,191,130,92,84,2,4.5,18
Black,8.0,7.1,168,145,233,64,4,0.2,45
Sandy,7.4,1.8,198,99,45,48,3,0.2,23
Loamy,5.0,6.5,195,26,90,85,5,3.0,28
Clayey,6.1,2.2,197,25,196,64,5,1.1,33
Black,8.0,1.3,62,147,108,39,4,4.5,0
Sandy,4.7,2.3,70,49,196,51,2,2.5,10
Loamy,8.3,6.4,137,115,46,14,4,1.7,33
Clayey,7.2,3.8,51,76,82,54,3,4.8,0
Black,7.0,7.1,38,120,38,73,2,1.7,37
Sandy,5.6,4.7,164,15,297,41,3,1.7,40
Loamy,5.5,1.2,53,92,86,21,2,0.8,32
Clayey,8.3,6.0,142,140,257,75,4,1.2,20
Black,5.7,1.8,189,58,156,61,1,3.8,39
Sandy,7.6,6.5,122,133,182,80,4,3.8,0
Loamy,6.1,2.2,115,24,47,41,2,2.0,64
Clayey,5.1,3.4,190,104,275,44,3,1.8,40
Black,4.5,6.3,189,38,131,15,4,2.2,26
Sandy,6.7,7.7,47,61,259,31,2,1.6,35
Loamy,8.4,3.6,181,145,262,56,3,3.1,39
Clayey,6.0,6.8,190,129,172,22,3,4.2,20
Black,5.9,2.3,124,57,284,32,3,0.1,61
Sandy,5.9,6.7,139,56,71,53,2,4.7,21
Loamy,6.6,5.6,118,138,284,18,3,0.7,55
Clayey,6.3,2.3,191,40,73,68,3,4.5,14
Black,8.0,3.1,93,95,152,39,4,1.2,31
Sandy,6.5,1.9,172,99,210,53,3,4.6,14
Loamy,6.5,3.7,55,7,143,58,1,4.0,45
Clayey,5.1,2.4,101,32,237,25,2,1.4,32
Black,8.4,5.5,114,126,90,83,3,0.2,33
Sandy,5.5,8.0,192,38,233,62,3,3.6,24
Loamy,4.8,1.1,81,88,52,11,5,4.1,0
Clayey,7.2,4.8,148,145,190,76,4,3.4,13
Black,6.9,5.0,38,115,256,51,3,2.0,49
Sandy,6.2,7.4,56,9,121,73,4,0.7,19
Loamy,6.2,4.5,120,132,29,17,4,1.8,53
Clayey,7.6,4.8,16,92,60,82,1,1.4,15
Black,5.3,4.3,126,119,145,30,2,3.6,42
Sandy,7.8,2.9,73,106,292,69,1,0.9,26
Loamy,7.1,1.4,91,21,30,43,2,4.1,26
Clayey,6.2,3.9,73,35,214,13,5,3.1,13
Black,6.3,1.4,101,96,39,71,1,2.5,47
Sandy,5.5,4.9,21,108,292,85,4,1.9,13
Loamy,7.5,3.2,21,97,254,11,3,2.6,31
Clayey,6.6,4.7,45,136,246,59,5,2.7,18
Black,5.8,1.9,38,86,246,85,2,1.3,44
Sandy,6.9,7.5,148,59,291,35,1,4.9,20
Loamy,8.5,7.3,190,77,298,46,5,4.6,19
Clayey,6.2,2.3,94,51,143,64,1,2.0,44
Black,8.2,3.4,83,148,214,27,4,1.3,24
Sandy,5.9,5.3,56,98,90,33,1,1.6,44
Loamy,4.7,1.7,170,71,251,39,2,4.9,21
Clayey,5.3,3.5,90,101,192,26,2,2.1,25
Black,6.2,2.8,130,124,222,89,3,4.6,27
Sandy,5.4,7.4,52,146,52,51,3,0.4,24
Loamy,4.5,7.0,155,138,230,21,2,3.9,31
Clayey,8.2,5.1,83,41,201,36,2,3.8,16
Black,7.9,4.6,62,114,260,64,2,3.3,34
Sandy,7.5,7.5,48,82,70,13,5,0.7,3
Loamy,5.2,7.5,116,122,48,44,1,4.9,39
Clayey,5.0,7.8,171,46,25,74,5,1.1,18
Black,4.8,1.9,46,78,152,85,4,3.6,0
Sandy,7.4,2.1,178,129,115,38,3,3.8,6
Loamy,8.2,5.7,106,64,101,81,1,3.8,30
Clayey,6.2,4.8,58,68,296,81,3,4.1,15
Black,5.0,1.1,137,62,236,85,4,4.9,4
Sandy,6.5,1.4,19,6,299,45,2,0.6,31
Loamy,5.9,7.2,49,82,150,43,3,2.4,54
Clayey,6.0,7.1,155,75,105,45,2,4.9,23
Black,7.0,3.5,162,124,112,64,3,4.4,24
Sandy,7.4,7.2,115,12,90,13,4,5.0,0
Loamy,4.9,5.2,50,17,210,20,3,3.0,25
Clayey,4.6,6.6,173,43,233,68,4,3.4,16
Black,8.5,4.0,11,106,66,12,1,1.4,27
Sandy,5.4,1.8,186,85,237,83,5,2.3,7
Loamy,4.7,4.0,62,10,108,21,4,0.2,22
Clayey,5.3,4.2,156,23,294,82,3,3.6,19
Black,4.7,4.9,35,135,246,30,1,4.6,23
Sandy,6.1,1.7,63,109,236,31,4,0.6,27
Loamy,7.7,7.9,60,57,259,27,3,2.3,33
Clayey,5.9,2.7,162,32,189,15,4,3.2,18
Black,6.3,2.4,123,51,251,88,4,3.2,35
Sandy,7.2,4.7,26,140,127,74,2,1.6,16
Loamy,6.5,4.8,129,61,252,64,3,0.2,75
Clayey,7.9,4.1,198,59,189,49,5,4.5,0
Black,8.0,6.4,55,83,154,61,4,0.5,33
Sandy,4.5,4.6,64,5,150,53,1,1.0,25
Loamy,7.6,5.3,59,27,56,71,3,4.8,1
Clayey,6.3,6.1,84,46,278,83,5,2.6,23
Black,8.5,1.2,20,8,143,38,3,4.4,0
Sandy,6.4,5.0,149,12,282,28,5,4.5,5
Loamy,8.4,7.2,177,14,236,37,5,4.9,15
Clayey,7.5,1.1,57,120,189,28,4,0.3,6
Black,5.5,3.8,130,104,117,40,2,0.4,54
Sandy,6.7,7.5,65,20,205,63,3,1.0,32
Loamy,8.5,3.5,17,68,232,71,1,3.3,24
Clayey,7.9,4.2,23,112,251,23,1,1.4,23
Black,4.9,7.9,123,125,186,59,2,2.5,47
Sandy,7.3,2.4,193,143,180,68,1,4.0,19
Loamy,5.9,1.5,63,59,203,79,3,1.0,46
Clayey,4.5,7.0,26,87,44,67,1,1.5,26
Black,6.1,7.1,182,8,161,18,3,3.7,40
Sandy,5.4,4.3,142,48,202,66,5,0.1,30
Loamy,7.8,4.6,140,52,103,50,4,3.8,25
Clayey,5.8,6.9,18,103,250,36,2,3.4,33
Black,7.8,6.2,131,102,242,67,2,0.7,55
Sandy,4.5,2.9,123,30,177,77,1,1.3,20
Loamy,5.7,1.1,29,107,204,67,3,0.2,41
Clayey,5.5,4.4,92,101,202,33,4,2.9,26
Black,5.4,7.0,30,16,104,89,1,2.0,41
Sandy,4.8,7.3,42,49,84,71,4,2.2,0
Loamy,5.2,7.7,142,140,71,76,3,0.6,48
Clayey,6.7,7.2,161,13,22,12,1,1.8,38
Black,5.7,5.1,35,5,96,60,1,4.6,26
Sandy,6.2,4.1,117,137,154,76,4,0.4,32
Loamy,6.0,6.4,98,75,89,89,1,4.9,34
Clayey,8.0,6.2,101,58,181,66,4,4.3,4
Black,8.1,4.8,42,108,115,29,3,1.1,23
Sandy,6.5,1.6,27,14,35,54,4,3.6,0
Loamy,5.8,7.5,27,44,249,15,3,0.5,53
Clayey,4.9,4.2,175,48,286,42,3,0.9,35
Black,8.3,3.5,42,116,25,52,5,2.5,13
Sandy,4.7,5.4,36,16,129,59,4,2.1,5
Loamy,5.7,5.7,58,26,162,36,2,4.1,37
Clayey,5.7,2.5,187,86,174,39,5,4.7,0
Black,5.8,6.9,152,146,226,27,5,4.7,23
Sandy,5.2,3.0,117,56,185,39,4,0.8,26
Loamy,7.6,2.3,189,116,279,24,5,3.5,11
Clayey,5.0,3.8,77,122,192,85,5,2.9,2
Black,7.0,6.1,108,63,140,71,1,1.9,53
Sandy,5.0,7.8,28,42,159,30,3,5.0,0
Loamy,4.8,6.7,34,24,187,21,2,2.3,33
Clayey,8.1,7.6,113,82,103,58,4,3.4,9
Black,5.3,2.0,85,24,213,10,1,2.6,39
Sandy,7.8,1.5,85,105,295,84,2,0.6,8
Loamy,6.7,4.9,115,114,287,64,2,0.8,70
Clayey,4.8,3.0,162,34,57,34,1,3.8,14
Black,8.3,6.8,42,111,261,56,4,4.0,15
Sandy,5.5,5.7,197,45,218,82,3,1.9,30
Loamy,7.9,7.8,46,88,24,48,1,0.4,48
Clayey,5.2,2.8,101,75,122,36,5,4.8,0
Black,7.9,4.4,133,67,157,59,2,2.5,47
Sandy,4.6,4.5,52,99,85,64,5,0.8,4
Loamy,6.5,2.7,135,33,86,37,4,1.1,56
Clayey,7.6,5.1,18,81,289,66,3,0.3,22
Black,8.2,4.1,23,83,66,88,3,3.6,5
Sandy,8.1,4.1,140,87,199,25,3,3.6,1
Loamy,7.8,3.5,78,61,87,65,5,3.1,15
Clayey,8.1,1.1,193,21,134,44,4,2.8,3
Black,5.3,4.7,35,116,45,37,5,2.0,32
Sandy,5.6,3.3,136,136,66,55,2,4.8,4
Loamy,5.7,1.0,62,10,226,76,3,4.0,15
Clayey,6.0,3.2,50,97,92,25,4,4.5,0
Black,6.1,3.0,91,79,278,88,5,1.6,39
Sandy,6.7,3.8,111,143,49,83,5,4.9,0
Loamy,5.1,1.9,30,52,22,58,5,0.9,26
Clayey,7.3,4.6,130,50,28,77,5,0.4,18
Black,5.2,5.8,48,90,27,31,5,1.7,33
Sandy,5.7,5.4,160,96,28,27,2,1.1,28
Loamy,6.5,6.6,195,63,171,31,3,2.6,66
Clayey,7.7,4.2,78,128,161,25,5,1.8,5
Black,7.5,4.6,84,87,293,65,2,0.9,59
Sandy,7.1,6.7,166,149,46,12,4,4.2,0
Loamy,5.1,4.0,71,54,90,62,4,2.6,37
Clayey,6.7,5.9,190,104,238,44,2,0.6,50
Black,4.8,4.0,54,91,275,89,2,0.5,33
Sandy,6.0,3.9,36,118,122,30,2,2.0,33
Loamy,6.2,6.3,125,143,166,74,4,4.5,32
Clayey,4.7,2.2,171,126,177,66,5,2.6,7
Black,5.6,3.4,151,18,159,56,3,0.8,52
Sandy,8.3,2.6,50,17,162,43,5,1.3,0
Loamy,8.3,3.5,115,92,128,57,1,0.3,53
Clayey,5.9,2.6,83,84,83,48,2,4.2,17
Black,4.7,5.1,69,67,290,39,5,4.7,5
Sandy,5.2,6.6,51,107,205,59,3,0.5,31
Loamy,6.1,6.5,131,110,20,25,5,0.9,48
Clayey,8.3,3.6,188,21,26,12,1,0.9,23
Black,5.1,7.9,20,54,20,70,1,4.0,30
Sandy,7.6,5.2,172,139,280,11,5,4.2,0
Loamy,4.9,3.8,156,127,66,35,3,2.2,42
Clayey,8.4,6.8,127,83,285,27,5,4.8,0
Black,6.0,6.1,74,20,21,75,2,1.4,51
Sandy,7.6,6.2,198,21,42,49,3,2.7,15
Loamy,5.9,2.4,56,94,103,12,4,5.0,6
Clayey,7.0,4.3,23,88,223,26,3,4.2,1
Black,5.3,7.0,76,88,246,33,5,2.5,38
Sandy,5.1,4.5,189,13,271,11,5,0.6,20
Loamy,8.3,5.8,118,22,170,79,4,4.5,12
Clayey,8.2,5.1,169,79,266,49,1,2.8,37
Black,8.0,6.9,19,76,36,35,5,1.6,20
Sandy,7.0,3.0,133,95,21,66,1,2.3,34
Loamy,7.7,5.0,26,70,216,58,1,1.6,53
Clayey,4.8,1.9,177,27,288,66,2,2.8,22
Black,5.8,5.8,152,142,80,65,1,1.4,73
Sandy,5.8,6.1,106,42,286,79,3,2.3,37
Loamy,7.0,1.3,176,132,116,85,1,2.2,44
Clayey,5.9,5.7,66,63,266,30,2,3.1,41
Black,5.1,3.9,147,72,54,25,5,0.2,29
Sandy,6.9,1.9,80,89,293,15,5,3.0,0
Loamy,7.8,3.9,106,123,87,43,4,3.0,29
Clayey,6.0,2.4,26,16,208,68,1,2.0,45
Black,5.0,3.9,85,116,60,76,3,1.3,33
Sandy,5.3,3.7,26,120,115,50,4,4.2,0
Loamy,5.4,6.2,120,146,190,28,4,1.8,47
Clayey,5.7,6.4,129,56,86,38,2,1.6,43
Black,7.1,5.2,153,88,138,41,5,2.4,39
Sandy,6.9,1.2,128,115,190,19,1,1.5,25
Loamy,7.3,7.5,87,65,205,73,1,4.2,37
Clayey,6.0,5.8,12,25,89,86,5,2.9,6
Black,7.8,1.2,117,60,264,29,2,3.8,15
Sandy,5.3,6.7,60,39,178,37,2,3.8,15
Loamy,6.4,2.4,123,48,126,36,2,4.0,45
Clayey,7.7,5.1,103,43,55,86,3,4.4,0
Black,5.2,4.3,183,147,214,34,1,4.6,44
Sandy,4.9,3.9,125,144,287,38,2,2.0,31
Loamy,8.0,7.2,192,121,95,24,2,2.3,40
Clayey,5.9,4.1,114,12,299,54,5,0.3,45
Black,7.2,1.5,108,128,99,54,4,4.6,11
Sandy,4.6,7.6,163,105,117,39,4,3.0,8
Loamy,7.3,7.4,85,71,137,47,4,3.6,31
Clayey,5.8,5.8,168,98,242,69,1,2.2,63
Black,4.7,4.3,90,97,271,41,3,2.4,40
Sandy,6.9,1.7,81,133,99,59,1,2.8,19
Loamy,5.5,6.5,156,84,189,80,5,4.0,22
Clayey,6.0,1.5,152,46,176,44,2,3.1,35
Black,4.8,1.5,120,35,21,85,1,4.1,11
Sandy,5.1,4.8,67,126,222,14,4,1.2,17
Loamy,5.7,2.1,87,78,277,40,3,1.1,50
Clayey,4.9,1.1,167,47,270,89,5,1.1,3
Black,8.1,4.0,57,30,165,62,2,0.1,40
Sandy,4.5,2.0,65,16,294,10,3,1.0,3
Loamy,6.4,2.1,51,131,38,78,1,0.7,50
Clayey,5.0,1.5,33,108,271,77,1,2.3,20
Black,5.7,2.4,119,73,69,74,3,0.7,35
Sandy,8.2,6.0,61,77,156,24,3,2.1,8
Loamy,5.1,6.7,180,15,245,61,2,5.0,40
Clayey,8.4,4.2,43,51,240,47,4,2.6,14
Black,5.3,4.5,197,27,132,33,3,4.6,27
Sandy,7.5,1.2,12,85,168,32,2,3.5,2
Loamy,6.7,1.5,77,81,67,56,3,4.5,15
Clayey,8.0,2.8,148,127,77,16,3,3.2,0
Black,6.7,4.8,150,77,216,40,4,4.1,34
Sandy,6.6,6.2,59,59,244,16,2,1.6,26
Loamy,5.3,5.2,91,22,156,86,1,1.9,57
Clayey,5.2,3.7,28,98,214,13,2,4.8,0
Black,8.2,1.8,53,22,225,63,2,1.4,36
Sandy,5.8,6.5,170,132,37,89,2,2.2,36
Loamy,6.0,3.5,175,45,287,61,4,3.3,52
Clayey,7.5,6.2,12,37,234,89,4,2.0,17
Black,5.9,4.6,122,47,225,57,5,0.2,60
Sandy,8.3,6.2,74,18,143,75,1,4.0,0
Loamy,7.5,7.4,172,62,35,63,4,1.7,53
Clayey,6.9,7.4,173,142,184,89,4,1.2,27
Black,8.0,4.7,175,32,167,63,2,2.6,46
Sandy,4.7,4.6,48,18,295,54,2,0.1,25
Loamy,5.5,2.9,162,78,252,49,3,4.3,35
Clayey,6.4,7.6,73,149,44,44,3,1.4,41
Black,5.4,4.2,113,18,287,33,3,4.6,34
Sandy,7.5,1.9,22,28,90,44,4,3.4,0
Loamy,8.2,4.0,77,108,219,46,3,2.8,37
Clayey,6.2,1.9,79,74,66,84,1,4.1,10
Black,5.9,4.5,84,24,44,43,3,5.0,27
Sandy,8.3,4.9,10,125,232,33,5,1.3,6
Loamy,6.3,3.4,191,38,52,13,5,1.8,43
Clayey,6.5,1.5,107,75,233,59,2,2.5,44
Black,5.9,7.6,113,37,230,87,4,2.7,48
Sandy,8.1,6.4,125,10,48,33,5,2.8,5
Loamy,6.8,6.9,146,20,278,45,1,2.8,67
Clayey,7.5,3.6,173,113,58,88,2,4.2,6
Black,7.7,6.3,122,27,279,44,5,2.1,39
Sandy,5.9,4.4,112,18,184,38,3,0.2,47
Loamy,6.2,2.4,46,54,114,45,5,4.4,16
Clayey,7.9,1.9,115,65,239,77,5,3.3,0
Black,6.0,3.4,196,40,287,88,2,1.0,60
Sandy,7.7,2.0,117,19,137,20,4,0.2,0
Loamy,8.3,8.0,30,9,85,64,3,1.6,36
Clayey,7.0,1.3,157,57,212,58,3,0.7,33
Black,7.5,4.1,138,52,54,88,3,4.5,18
Sandy,7.7,4.2,196,15,194,66,3,1.5,27
Loamy,7.9,3.1,37,6,131,64,4,3.6,10
Clayey,6.1,5.0,193,91,99,65,3,3.3,35
Black,4.7,2.0,117,28,130,83,4,3.6,3
Sandy,6.1,6.5,18,72,111,13,2,2.7,18
Loamy,7.2,3.3,173,83,205,34,1,3.7,52
Clayey,6.3,5.1,171,16,60,11,4,2.6,27
Black,7.5,6.0,41,71,106,28,3,2.0,33
Sandy,5.9,7.2,75,40,243,17,2,4.3,15
Loamy,7.0,6.9,109,116,70,73,2,2.3,50
Clayey,5.2,5.3,162,126,145,15,5,2.9,9
Black,7.5,3.7,188,141,165,23,5,2.4,29
Sandy,6.7,4.5,182,48,60,79,1,3.9,14
Loamy,5.3,6.4,163,63,43,85,1,2.7,51
Clayey,5.7,7.1,30,131,55,80,5,2.4,2
Black,7.5,1.7,91,67,296,66,5,1.4,35
Sandy,6.4,3.7,188,45,203,39,2,4.6,25
Loamy,5.4,6.4,33,80,173,89,4,4.3,13
Clayey,8.4,4.0,120,111,201,17,5,2.2,9
Black,7.4,3.3,101,134,173,23,3,3.3,28
Sandy,8.3,3.9,21,99,169,57,4,2.6,0
Loamy,6.2,5.2,148,32,21,37,4,1.0,63
Clayey,6.4,8.0,164,148,73,15,3,1.9,38
Black,8.1,4.5,32,63,265,39,3,4.3,16
Sandy,6.6,2.5,170,133,65,13,3,4.0,0
Loamy,7.3,2.1,101,90,94,76,2,0.6,44
Clayey,5.5,1.3,175,5,168,19,5,0.5,10
Black,6.3,4.9,192,35,22,36,5,4.3,30
Sandy,5.0,4.8,179,26,28,54,2,4.5,13
Loamy,5.3,2.4,132,123,21,84,4,1.5,35
Clayey,4.5,5.9,166,32,257,44,2,1.8,40
Black,4.7,6.2,43,120,47,22,5,1.7,13
Sandy,8.4,2.8,134,80,200,64,1,0.7,30
Loamy,5.5,3.4,66,31,285,52,2,3.8,39
Clayey,7.2,7.9,12,91,102,82,1,1.9,25
Black,7.9,3.6,15,133,272,77,1,4.2,10
Sandy,6.7,6.3,57,128,277,52,3,4.4,6
Loamy,5.1,4.2,111,111,67,49,3,4.6,32
Clayey,7.4,6.6,129,134,153,40,3,4.1,21
Black,6.9,6.4,22,99,218,12,1,4.0,28
Sandy,7.4,5.7,45,70,155,26,5,2.3,4
Loamy,7.6,7.0,79,23,102,89,3,0.2,31
Clayey,8.4,7.6,42,23,285,48,3,0.6,25
Black,6.8,5.1,114,131,238,75,4,2.7,38
Sandy,5.9,2.7,66,120,38,78,1,1.9,28
Loamy,7.1,3.8,64,68,37,86,1,4.2,24
Clayey,4.8,6.3,116,62,198,85,3,2.9,13
Black,8.1,5.6,150,21,42,28,4,0.6,28
Sandy,5.0,2.2,60,83,263,31,4,2.4,13
Loamy,5.8,1.4,101,45,126,17,2,4.1,31
Clayey,7.8,5.8,62,9,150,77,2,4.3,0
Black,6.9,2.8,45,27,29,80,3,0.9,26
Sandy,6.1,4.5,142,130,218,27,1,0.6,50
Loamy,6.4,6.2,128,14,109,15,4,2.0,53
Clayey,7.9,4.9,34,72,163,13,4,0.4,6
Black,5.9,1.6,90,144,128,50,4,3.7,24
Sandy,8.0,2.3,46,115,223,60,1,2.3,18
Loamy,4.9,2.5,28,142,63,21,2,1.1,23
Clayey,7.6,2.8,44,64,27,46,3,0.6,11
Black,7.9,5.0,116,131,172,11,2,4.6,16
Sandy,5.2,4.5,171,34,36,12,4,0.3,18
Loamy,6.2,2.4,63,118,256,54,4,0.6,54
Clayey,5.2,1.5,183,73,75,48,1,1.2,37
Black,7.3,2.2,15,17,63,86,1,0.6,31
Sandy,6.6,7.9,138,13,260,63,1,3.3,37
Loamy,7.0,4.3,43,136,58,87,3,1.2,38
Clayey,5.3,7.1,65,30,149,27,5,2.5,5
Black,5.3,6.9,106,129,117,22,5,4.3,10
Sandy,4.7,4.6,35,48,99,23,3,4.1,0
Loamy,5.8,5.9,179,14,253,50,3,0.8,75
Clayey,6.7,2.3,100,109,188,49,3,0.5,28
Black,7.9,5.8,47,110,98,80,2,3.4,14
Sandy,7.2,2.9,163,5,90,57,3,1.1,26
Loamy,6.2,6.8,68,148,282,19,2,3.9,43
Clayey,8.3,1.6,136,50,219,63,1,2.2,32
Black,7.4,6.4,33,145,230,44,4,0.9,44
Sandy,8.2,1.7,120,68,37,33,5,4.9,0
Loamy,6.6,7.2,30,82,292,58,4,0.4,48
Clayey,5.5,3.1,69,91,229,51,5,0.7,21
Black,4.7,5.6,99,67,136,84,1,4.1,17
Sandy,7.4,4.4,157,65,123,83,5,2.3,10
Loamy,5.0,3.6,15,96,96,59,1,4.7,23
Clayey,5.7,5.5,19,127,30,30,4,0.7,20
Black,6.6,7.6,149,24,70,37,2,0.9,58
Sandy,6.8,1.3,106,68,26,64,5,0.1,11
Loamy,6.9,7.4,159,80,56,36,3,1.2,58
Clayey,5.2,5.3,199,111,280,77,2,3.3,27
Black,6.0,6.7,198,145,81,15,2,3.6,42
Sandy,7.0,3.7,89,61,219,67,1,2.2,38
Loamy,8.4,4.3,26,49,109,15,4,1.4,21
Clayey,7.4,7.1,147,124,98,69,3,3.6,22
Black,8.2,3.9,149,90,74,28,4,0.9,24
Sandy,7.5,4.7,92,42,240,70,4,3.9,11
Loamy,6.9,1.1,49,71,111,26,2,4.0,11
Clayey,5.3,2.1,160,125,93,58,3,2.3,26
Black,7.2,5.5,177,130,75,12,5,1.0,33
Sandy,7.0,6.0,83,15,251,43,3,3.2,22
Loamy,6.9,5.1,83,102,198,71,1,4.3,33
Clayey,6.5,2.0,59,91,80,69,2,2.7,28
Black,6.6,4.1,19,149,136,77,3,2.4,26
Sandy,5.8,3.5,112,126,97,43,1,4.9,19
Loamy,6.6,4.5,103,102,255,38,5,2.7,48
Clayey,5.3,7.1,141,37,52,69,4,0.3,33
Black,7.7,6.4,138,137,74,53,4,2.6,32
Sandy,5.2,1.6,52,127,262,24,1,2.3,17
Loamy,4.8,7.2,92,85,293,54,2,1.5,55
Clayey,6.2,4.3,142,66,93,84,4,1.7,33
Black,7.1,6.2,113,69,40,18,2,4.7,21
Sandy,6.3,2.0,43,129,220,44,2,0.8,36
Loamy,5.6,5.7,33,94,173,19,4,3.8,18
Clayey,6.7,2.7,151,48,273,47,5,4.5,3
Black,5.9,4.1,50,125,226,38,3,1.4,60
Sandy,8.2,1.1,179,146,168,55,4,0.4,10
Loamy,8.2,2.1,22,95,202,79,3,1.6,24
Clayey,6.5,1.6,166,61,280,82,2,2.2,37
Black,5.8,2.7,183,52,63,54,5,4.8,18
Sandy,7.4,1.7,171,149,163,86,2,2.2,20
Loamy,4.6,5.8,141,48,263,62,5,0.6,45
Clayey,6.4,1.2,37,136,24,11,1,0.8,25
Black,5.8,5.3,92,85,81,13,5,1.8,38
Sandy,8.2,2.0,138,101,45,80,5,1.0,0
Loamy,4.5,7.6,173,34,203,28,2,0.4,50
Clayey,6.7,7.5,116,125,55,20,4,1.0,23
Black,7.5,2.6,22,89,49,41,4,0.6,28
Sandy,6.4,5.3,123,88,88,23,3,1.1,33
Loamy,4.8,1.2,115,102,251,58,1,5.0,23
Clayey,8.4,7.5,14,96,195,78,5,2.3,0
Black,6.6,4.7,106,77,297,34,3,3.3,47
Sandy,7.0,1.3,23,35,52,23,5,0.9,0
Loamy,5.4,3.4,89,113,88,48,5,4.3,14
Clayey,6.4,1.5,129,20,274,21,1,1.4,44
Black,6.2,3.8,169,99,69,58,1,4.9,40
Sandy,4.8,5.7,187,81,42,27,3,4.2,0
Loamy,4.9,4.3,164,146,273,10,4,4.8,12
Clayey,7.8,3.7,44,6,183,13,5,3.4,0
Black,5.5,1.8,12,144,292,21,2,3.3,19
Sandy,5.3,2.7,13,132,200,35,3,4.2,0
Loamy,6.5,1.7,144,96,269,41,5,3.6,39
Clayey,7.6,6.7,140,28,256,88,1,3.1,24
Black,4.7,1.9,90,41,251,61,1,1.9,44
Sandy,6.8,5.2,120,33,141,24,1,1.2,33
Loamy,5.0,3.4,68,46,261,17,1,3.9,33
Clayey,4.6,2.6,83,22,153,39,4,2.0,13
Black,4.7,5.5,138,135,90,63,4,0.4,38
Sandy,7.8,4.2,165,17,298,76,5,2.5,5
Loamy,5.0,3.8,68,110,238,79,5,3.3,20
Clayey,4.7,5.1,127,63,204,17,3,0.2,25
Black,6.3,4.4,190,96,236,72,1,3.6,54
Sandy,7.9,3.1,147,8,144,26,1,1.2,17
Loamy,5.5,4.9,112,55,198,25,2,1.2,57
Clayey,6.2,5.7,140,137,54,54,2,2.9,44
Black,4.7,1.2,144,45,89,77,1,1.8,31
Sandy,6.3,4.3,18,9,197,19,2,2.3,26
Loamy,6.8,1.4,108,140,68,89,2,2.6,36
Clayey,6.8,2.3,150,95,87,28,1,4.6,3
Black,5.8,4.9,177,56,26,48,4,1.1,58
Sandy,5.8,7.1,123,139,113,59,4,2.4,34
Loamy,4.9,7.2,71,51,100,86,5,4.0,1
Clayey,6.0,1.5,71,131,269,69,4,1.1,32
Black,4.9,3.9,19,86,57,77,1,0.5,26
Sandy,7.6,5.1,96,70,64,41,2,0.2,23
Loamy,8.4,2.0,20,137,156,89,1,0.6,30
Clayey,8.4,6.4,71,65,248,73,3,1.4,18
Black,8.0,6.2,86,54,202,89,2,2.1,38
Sandy,6.9,7.3,113,132,223,33,1,3.0,40
Loamy,7.3,1.1,65,67,130,37,5,1.1,28
Clayey,5.6,2.5,119,144,87,32,5,1.4,20
Black,7.0,6.8,58,107,57,72,2,3.5,24
Sandy,6.3,5.7,25,13,217,65,4,4.6,7
Loamy,6.4,7.3,82,83,111,82,5,0.8,42
Clayey,7.5,1.4,125,91,283,75,3,2.4,20
Black,5.6,5.2,102,113,262,47,2,1.5,65
Sandy,5.8,5.0,146,26,135,37,3,2.7,36
Loamy,8.2,1.2,42,40,114,35,2,0.7,31
Clayey,4.7,4.6,97,78,232,69,4,1.4,25
Black,6.4,5.3,172,60,265,69,1,3.6,64
Sandy,8.2,2.3,48,103,192,64,2,4.1,0
Loamy,6.9,2.9,123,9,98,34,1,3.1,50
Clayey,6.7,5.5,86,8,299,30,2,4.7,17
Black,5.5,4.3,96,19,168,34,4,3.3,34
Sandy,5.9,7.0,162,30,298,67,3,3.8,32
Loamy,7.9,3.4,123,27,245,47,1,1.9,60
Clayey,6.7,2.9,65,129,137,55,3,0.9,23
Black,6.6,7.9,185,107,92,84,2,3.3,35
Sandy,4.9,7.4,147,33,25,13,2,4.6,0
Loamy,4.6,1.2,50,90,41,28,4,4.9,0
Clayey,8.4,6.4,113,61,198,71,2,2.3,24
Black,6.0,1.8,108,66,215,33,4,2.7,48
Sandy,6.9,1.2,68,52,128,64,2,1.6,18
Loamy,4.8,2.9,165,115,204,34,3,3.4,34
Clayey,7.2,2.9,131,39,74,81,2,3.8,8
Black,8.2,6.7,129,50,248,74,1,0.3,50
Sandy,6.8,6.0,50,37,38,77,5,4.2,0
Loamy,5.0,7.9,75,75,235,21,1,2.6,52
Clayey,6.8,6.0,188,14,67,34,1,2.9,39
Black,7.6,3.9,71,48,179,30,4,1.1,31
Sandy,6.1,5.9,167,130,292,28,2,0.2,45
Loamy,8.0,8.0,49,118,115,79,3,4.8,0
Clayey,7.1,6.0,49,127,49,61,2,4.6,7
Black,8.1,6.3,111,67,140,63,5,3.9,14
Sandy,7.0,7.6,199,53,209,44,2,2.4,41
Loamy,5.0,1.8,24,89,171,12,5,1.7,20
Clayey,5.7,5.9,133,45,274,42,5,0.9,35
Black,5.3,7.0,140,102,210,82,1,0.5,60
Sandy,8.1,7.7,33,43,161,16,5,2.3,0
Loamy,7.5,2.5,178,111,265,36,5,4.0,27
Clayey,7.2,4.5,57,17,53,10,3,3.7,2
Black,5.7,5.8,198,110,206,49,4,3.8,37
Sandy,5.2,2.7,57,115,105,27,2,0.7,12
Loamy,7.5,5.2,56,74,180,44,3,4.3,30
Clayey,6.4,2.8,193,61,137,48,4,4.0,16
Black,5.4,3.3,114,80,130,20,1,0.6,47
Sandy,7.0,4.1,122,24,77,54,3,1.8,33
Loamy,4.7,4.7,17,66,37,84,3,1.9,25
Clayey,5.8,4.1,27,67,159,12,1,3.7,23
Black,6.4,4.5,117,140,213,86,5,4.3,27
Sandy,5.1,3.1,93,42,149,61,1,1.9,32
Loamy,8.4,2.1,160,96,231,69,2,0.7,51
Clayey,5.3,1.3,74,103,139,67,1,0.5,29
Black,5.0,2.4,118,112,61,63,3,3.2,33
Sandy,5.3,5.1,55,109,22,43,1,2.5,29
Loamy,7.6,6.5,75,111,248,37,2,4.5,28
Clayey,6.2,2.2,89,106,248,70,5,4.8,2
Black,6.8,1.8,159,134,160,75,5,4.5,2
Sandy,4.6,6.2,149,11,76,75,4,0.5,8
Loamy,4.6,3.1,156,131,235,46,4,1.5,44
Clayey,6.3,7.7,159,109,150,25,2,1.3,43
Black,7.8,6.0,192,55,133,81,4,0.4,28
Sandy,8.0,3.3,115,54,210,84,5,4.6,0
Loamy,4.8,3.0,135,68,262,54,5,4.5,14
Clayey,6.7,4.7,199,144,47,24,4,2.0,23
Black,8.2,1.6,188,79,45,13,1,4.8,4
Sandy,6.1,1.8,185,14,103,32,5,2.9,14
Loamy,7.8,2.2,154,103,221,81,4,2.2,29
Clayey,5.0,6.4,22,72,80,89,4,2.8,3
Black,8.2,4.6,37,70,204,25,2,2.2,32
Sandy,7.5,1.1,132,32,265,62,2,1.5,33
Loamy,8.3,5.7,76,111,20,19,5,1.0,21
Clayey,7.2,4.0,14,114,262,43,3,2.4,25
Black,6.0,4.6,109,115,51,27,4,2.7,41
Sandy,8.3,2.5,197,82,254,62,1,4.1,11
Loamy,5.6,4.9,152,97,36,25,3,2.4,44
Clayey,5.8,7.9,90,134,108,71,4,4.2,5
Black,7.3,1.5,53,38,71,61,3,4.8,5
Sandy,7.6,3.0,128,51,183,66,4,3.6,0
Loamy,8.2,2.7,55,122,51,81,4,0.7,17
Clayey,5.3,2.7,166,132,217,73,3,2.4,24
Black,7.7,3.7,77,30,220,32,2,4.3,21
Sandy,7.5,6.7,137,88,126,49,4,2.5,23
Loamy,4.8,7.4,58,5,47,23,5,4.1,0
Clayey,6.0,2.4,180,101,138,89,3,3.9,11
Black,5.6,4.8,111,91,50,27,2,0.9,48
Sandy,5.7,5.5,86,79,173,45,1,1.7,41
Loamy,8.4,4.7,29,112,279,48,4,3.8,20
Clayey,7.1,4.0,120,19,126,50,4,0.9,30
Black,7.4,2.3,155,146,270,10,5,2.2,29
Sandy,8.4,4.4,186,59,126,80,2,0.8,18
Loamy,6.0,3.8,124,133,136,51,4,1.3,59
Clayey,7.7,6.6,179,37,264,33,2,1.5,40
Black,6.2,6.3,21,74,98,74,4,2.7,29
Sandy,8.0,1.9,88,60,248,27,1,4.6,0
Loamy,5.2,1.6,128,27,42,23,5,2.0,27
Clayey,8.3,7.4,45,58,216,28,1,4.3,2
Black,5.4,4.7,17,94,207,16,1,3.5,32
Sandy,5.8,7.0,37,135,236,73,3,3.9,10
Loamy,7.5,1.4,125,50,266,11,1,3.8,36
Clayey,6.1,4.7,95,138,173,16,5,1.6,27
Black,6.9,4.8,197,21,214,37,5,1.3,50
Sandy,6.3,7.0,58,97,135,39,4,4.9,0
Loamy,7.5,1.7,175,27,215,82,1,3.7,38
Clayey,5.4,2.7,89,148,74,45,2,1.9,30
Black,4.7,3.8,195,100,194,31,3,2.8,35
Sandy,5.7,7.1,14,87,163,88,3,3.9,0
Loamy,6.4,7.6,55,59,236,87,3,0.4,56
Clayey,5.2,7.9,107,66,276,36,5,0.6,35
Black,5.9,7.7,111,149,146,19,5,0.2,43
Sandy,6.1,1.0,11,106,192,31,4,0.9,17
Loamy,4.7,1.3,34,63,113,32,1,0.7,35
Clayey,6.8,2.0,10,146,238,61,5,2.4,8
Black,8.0,3.4,177,59,71,51,3,1.5,38
Sandy,5.1,6.8,77,66,38,50,5,0.3,16
Loamy,6.9,7.2,78,52,256,57,1,2.3,65
Clayey,7.2,2.3,25,107,190,78,5,2.9,0
Black,6.2,5.3,191,32,294,60,1,1.9,80
Sandy,7.3,7.4,27,88,179,10,4,1.4,10
Loamy,6.1,4.2,116,138,259,65,5,2.0,65
Clayey,6.5,1.7,26,63,84,80,1,2.6,20
Black,4.5,4.2,134,94,236,33,1,2.2,58
Sandy,7.3,3.6,91,74,66,24,2,0.6,18
Loamy,7.1,5.0,13,64,93,84,4,2.3,27
Clayey,4.7,4.1,124,149,183,53,5,3.6,6
Black,6.0,1.1,104,70,217,58,2,4.1,42
Sandy,8.4,8.0,104,119,167,58,5,2.3,14
Loamy,6.2,4.8,146,128,105,77,3,5.0,28
Clayey,6.5,4.3,40,75,28,83,3,4.2,5
Black,8.1,7.7,142,48,272,46,1,1.2,60
Sandy,7.4,2.1,25,88,251,83,2,2.3,11
Loamy,6.8,2.3,51,61,266,51,1,1.5,57
Clayey,7.7,6.7,178,40,20,68,1,2.8,30
Black,8.0,2.8,39,61,286,84,1,1.2,32
Sandy,6.3,6.6,35,125,124,19,3,0.3,22
Loamy,6.4,2.9,186,48,253,62,1,4.5,53
Clayey,6.0,1.2,40,66,276,51,1,2.6,36
Black,8.4,4.6,59,119,100,17,1,4.6,8
Sandy,7.3,2.4,152,87,142,84,1,0.7,25
Loamy,4.8,6.3,61,65,191,33,2,0.8,49
Clayey,8.0,5.5,175,98,292,60,5,1.2,25
Black,6.4,7.5,47,15,266,80,2,2.3,52
Sandy,4.8,6.5,197,81,213,69,4,4.4,0
Loamy,6.7,2.3,29,124,131,30,2,3.3,29
Clayey,6.2,6.6,108,106,42,62,4,0.4,43
Black,8.0,5.5,53,125,221,15,3,2.1,30
Sandy,5.3,5.7,120,116,125,40,5,3.6,7
Loamy,7.8,6.8,98,70,113,21,1,1.7,43
Clayey,6.7,5.0,72,114,44,22,4,2.5,11
Black,4.7,4.3,127,124,164,58,3,3.6,31
Sandy,8.4,5.5,187,27,38,40,5,4.8,0
Loamy,6.6,3.1,159,19,229,18,4,1.7,44
Clayey,5.7,2.3,81,34,101,36,3,3.7,6
Black,6.4,5.3,63,8,65,62,1,3.8,47
Sandy,7.9,2.6,146,68,54,60,3,2.8,7
Loamy,5.7,1.6,152,69,221,81,3,4.1,23
Clayey,5.3,1.0,57,12,42,36,1,2.7,20
Black,5.0,5.3,157,56,284,49,4,3.2,43
Sandy,5.7,3.5,172,146,206,71,3,4.2,3
Loamy,7.6,6.3,110,62,209,67,1,2.4,61
Clayey,6.4,3.6,69,15,259,24,4,2.4,23
Black,5.4,4.4,107,63,146,48,1,3.0,53
Sandy,5.2,3.8,171,28,130,79,2,4.0,4
Loamy,5.8,5.6,109,92,62,17,4,0.7,53
Clayey,8.3,3.5,108,50,153,44,2,3.9,13
Black,5.9,7.7,82,32,32,72,3,1.5,47
Sandy,8.5,7.6,128,20,30,40,3,0.4,23
Loamy,6.4,6.9,191,46,121,51,3,4.0,48
Clayey,5.2,7.4,137,107,216,75,4,0.8,30
Black,8.1,4.1,149,20,74,50,5,1.1,33
Sandy,6.3,4.8,97,104,202,10,4,3.6,14
Loamy,7.3,6.2,114,144,38,83,4,2.9,34
Clayey,8.4,5.9,28,38,281,42,5,4.6,0
Black,4.7,7.2,89,42,28,46,4,4.8,4
Sandy,4.9,6.0,35,131,167,66,2,1.6,21
Loamy,7.4,8.0,160,26,44,20,5,1.7,38
Clayey,5.6,3.4,130,84,91,56,5,1.1,23
Black,5.2,6.8,42,92,76,75,2,2.6,32
Sandy,4.7,5.9,115,7,41,13,5,2.0,3
Loamy,4.6,5.8,194,5,55,86,5,0.2,28
Clayey,7.6,3.3,39,57,198,86,2,2.0,10
Black,5.0,6.5,160,51,87,64,1,0.4,63
Sandy,6.4,7.3,135,119,20,21,1,4.0,23
Loamy,6.9,2.5,45,45,67,75,1,4.7,13
Clayey,6.2,5.4,134,145,171,46,2,1.5,57
Black,4.6,3.7,133,70,216,32,3,3.3,33
Sandy,7.6,7.9,180,47,77,64,4,0.5,18
Loamy,4.5,4.4,190,93,67,28,5,1.9,28
Clayey,7.5,2.6,127,117,253,76,2,2.9,23
Black,8.1,3.7,132,30,207,32,4,0.6,41
Sandy,6.2,5.6,197,103,133,13,2,1.9,38
Loamy,6.6,1.5,46,65,109,27,5,4.8,0
Clayey,6.4,5.2,70,129,188,21,3,0.9,34
Black,6.1,7.5,105,123,196,44,2,3.1,61
Sandy,8.0,7.0,129,66,211,36,4,4.2,3
Loamy,8.1,1.5,190,86,152,52,4,3.9,17
Clayey,5.8,8.0,21,146,191,87,5,3.9,1
Black,7.0,5.9,131,141,37,76,1,0.4,53
Sandy,8.2,2.1,44,48,270,78,5,4.9,0
Loamy,8.3,1.1,76,60,131,73,5,3.7,0
Clayey,6.5,2.2,47,7,59,61,1,4.8,11
Black,6.3,6.9,33,102,121,26,3,4.9,12
Sandy,5.6,1.2,90,101,193,42,2,1.8,24
Loamy,8.3,2.6,177,95,215,81,4,2.8,24
Clayey,5.1,6.3,194,63,91,61,2,3.7,26
Black,6.8,5.1,81,77,201,44,2,4.3,36
Sandy,5.6,6.5,88,145,260,29,4,4.9,0
Loamy,5.6,6.2,123,57,132,54,1,4.9,39
Clayey,6.1,1.4,54,46,182,86,4,1.7,17
Black,8.5,7.2,134,73,58,77,1,3.4,29
Sandy,4.7,2.6,105,114,254,59,1,0.8,32
Loamy,6.8,4.9,22,96,90,67,5,4.1,15
Clayey,4.8,5.5,119,7,238,39,3,0.9,35
Black,5.1,2.2,15,45,24,79,5,4.5,0
Sandy,6.3,7.8,106,129,260,11,3,4.9,10
Loamy,6.5,4.4,80,5,184,88,1,0.5,65
Clayey,5.5,1.4,56,119,20,43,5,2.6,2
Black,5.8,7.6,102,74,203,61,2,1.4,75
Sandy,4.8,5.1,110,130,27,25,4,2.4,4
Loamy,5.7,5.9,53,54,127,52,4,1.5,44
Clayey,8.4,4.7,41,84,204,73,4,0.4,10
Black,8.3,6.8,12,101,173,36,3,2.0,34
Sandy,5.8,1.2,191,63,53,74,4,1.1,16
Loamy,6.8,2.9,93,78,41,22,3,2.8,28
Clayey,8.1,4.3,175,67,167,49,3,3.4,18
Black,4.5,1.5,13,29,170,41,3,2.1,22
Sandy,7.7,5.9,154,142,86,76,2,1.1,18
Loamy,8.3,3.8,174,81,97,23,1,1.0,44
Clayey,4.9,2.9,97,128,251,67,2,0.1,28
Black,5.1,1.0,115,133,58,55,1,3.5,36
Sandy,8.3,6.0,114,103,184,84,2,1.3,22
Loamy,6.7,6.8,45,18,118,68,3,4.9,18
Clayey,4.6,3.8,67,42,148,74,1,3.8,0
Black,5.5,4.9,178,5,38,42,4,1.5,48
Sandy,6.3,2.6,17,88,290,55,2,0.9,34
Loamy,7.3,5.4,167,137,20,63,1,3.2,56
Clayey,7.4,1.1,95,48,199,75,4,4.3,0
Black,8.5,4.4,189,61,275,13,5,3.0,20
Sandy,5.7,5.5,106,108,193,63,3,0.2,37
Loamy,6.7,7.4,162,49,69,13,2,4.0,33
Clayey,6.6,3.7,189,64,39,26,2,4.8,1
Black,6.1,6.4,68,70,124,89,5,0.3,35
Sandy,5.2,5.2,39,51,209,82,1,4.1,8
Loamy,8.4,7.5,110,119,258,83,2,3.6,34
Clayey,7.9,3.8,76,30,62,80,2,2.0,12
Black,6.5,3.2,141,141,24,82,2,3.2,40
Sandy,6.9,7.2,102,55,267,64,2,0.9,45
Loamy,5.4,1.3,194,98,85,57,5,3.6,20
Clayey,6.7,2.0,72,114,270,58,3,2.9,20
Black,7.3,1.6,41,140,147,32,2,0.5,37
Sandy,6.6,6.9,96,9,204,36,5,4.4,0
Loamy,8.5,1.1,60,43,207,34,4,0.7,29
Clayey,6.9,7.0,72,72,202,33,2,2.2,41
Black,6.0,4.2,89,44,90,89,1,0.7,57
Sandy,7.6,1.0,96,40,85,89,5,3.3,0
Loamy,5.2,3.8,119,101,269,29,1,3.7,44
Clayey,6.0,2.3,110,30,174,62,3,4.7,16
Black,5.9,5.4,138,108,98,83,4,1.3,48
Sandy,6.2,5.8,28,107,38,35,1,1.9,41
Loamy,7.6,4.4,110,79,288,69,2,2.0,60
Clayey,6.4,1.3,172,89,64,11,5,0.6,16
Black,7.7,5.6,103,117,281,12,4,4.1,14
Sandy,6.8,6.9,90,60,241,65,5,0.5,24
Loamy,5.9,6.0,112,61,148,75,4,1.8,53
Clayey,7.7,6.8,122,132,125,34,1,1.0,38
Black,5.5,2.4,163,105,270,77,3,3.4,28
Sandy,5.4,7.2,22,139,140,24,5,4.5,0
Loamy,6.5,3.3,127,145,249,16,2,3.8,46
Clayey,5.5,1.1,95,88,246,80,5,3.9,0
Black,4.5,6.9,32,104,294,50,3,0.5,39
Sandy,7.1,7.6,116,50,157,69,1,3.7,30
Loamy,6.5,5.6,172,65,192,53,2,0.4,77
Clayey,6.3,2.6,21,60,290,42,2,2.5,35
Black,8.4,2.8,146,33,234,75,1,3.5,28
Sandy,6.8,4.3,87,115,247,32,5,1.3,24
Loamy,8.0,7.3,76,96,126,73,2,3.4,22
Clayey,5.1,2.0,117,146,178,15,5,4.4,0
Black,6.8,6.8,53,106,155,72,5,4.4,3
Sandy,8.0,3.0,198,75,270,52,1,1.0,34
Loamy,6.8,6.7,158,17,49,34,3,1.4,58
Clayey,7.4,7.4,16,149,117,17,3,3.4,1
Black,6.0,4.0,137,85,116,46,5,4.2,28
Sandy,4.9,3.6,106,104,276,68,1,2.3,32
Loamy,6.3,6.6,20,87,291,37,3,4.6,36
Clayey,6.1,4.7,182,120,30,62,5,2.9,29
Black,8.0,5.8,169,129,187,80,2,1.4,42
Sandy,5.5,5.4,115,6,230,64,2,0.2,45
Loamy,8.4,2.1,92,66,191,45,4,4.1,12
Clayey,8.3,6.9,45,24,139,71,4,0.6,3
Black,5.5,2.4,127,94,204,24,4,0.5,37
Sandy,5.9,7.5,174,66,58,63,3,3.9,24
Loamy,8.1,2.8,50,21,276,70,2,0.3,43
Clayey,8.4,6.1,101,43,298,63,2,4.2,18
Black,6.3,3.0,58,14,249,78,3,3.0,35
Sandy,5.8,3.2,152,114,134,38,2,3.2,30
Loamy,6.6,3.2,150,32,110,36,2,4.7,30
Clayey,7.3,6.2,62,65,80,77,5,4.3,0
Black,5.6,4.9,116,62,122,21,2,0.5,48
Sandy,7.4,7.2,42,48,234,32,5,4.3,0
Loamy,4.7,3.2,128,87,121,59,4,3.4,23
Clayey,4.7,5.8,41,129,162,84,1,1.7,22
Black,6.0,6.3,127,149,109,85,5,4.3,20
Sandy,5.9,2.1,185,83,137,82,2,0.2,29
Loamy,5.8,3.8,194,89,158,36,4,4.2,41
Clayey,6.5,4.4,71,42,259,68,1,3.1,47
Black,5.8,3.5,91,34,155,18,1,1.4,57
Sandy,5.3,3.3,139,36,24,42,4,0.1,22
Loamy,5.7,5.8,86,24,228,79,4,2.7,37
Clayey,8.4,2.5,25,106,106,60,1,2.2,16
Black,6.1,6.0,132,68,296,49,1,4.3,57
Sandy,6.3,7.5,17,40,140,15,2,4.0,5
Loamy,6.8,5.0,156,30,264,13,5,3.0,35
Clayey,8.4,5.3,169,11,109,12,5,0.8,8
Black,5.5,1.5,76,38,159,22,1,3.7,22
Sandy,7.2,7.1,124,138,131,35,1,3.0,33
Loamy,7.4,3.0,122,66,259,43,3,0.2,59
Clayey,6.9,5.3,41,90,291,86,1,3.8,17
Black,4.9,7.9,114,77,162,62,5,4.2,15
Sandy,7.2,5.2,34,132,226,56,2,3.9,15
Loamy,4.8,6.1,62,64,138,17,3,1.0,30
Clayey,6.9,4.1,90,68,103,85,5,2.6,6
Black,7.5,1.4,34,56,270,17,2,2.7,26
Sandy,5.3,6.6,42,149,297,28,3,4.7,0
Loamy,7.9,1.2,40,64,182,83,3,4.6,0
Clayey,4.6,5.9,45,81,161,41,3,0.4,22
Black,7.9,1.2,96,123,50,30,3,5.0,0
Sandy,6.3,7.0,132,142,110,73,3,4.0,13
Loamy,5.4,2.1,186,129,147,32,3,1.9,49
Clayey,5.0,4.6,53,22,286,80,4,3.7,4
Black,8.3,5.2,57,68,55,51,2,1.9,39
Sandy,4.8,4.2,167,83,299,44,5,4.7,0
Loamy,5.3,3.4,22,63,232,11,1,2.0,48
Clayey,5.9,4.3,180,62,252,80,5,3.9,16
Black,7.0,3.2,153,65,247,85,4,0.9,39
Sandy,6.7,4.1,100,122,256,61,4,4.3,7
Loamy,5.0,3.5,163,83,40,26,3,3.1,32
Clayey,5.7,5.0,184,75,115,18,4,4.1,2
Black,5.5,2.7,174,92,70,61,5,2.1,35
Sandy,5.4,7.9,140,91,81,12,4,1.8,18
Loamy,6.1,4.5,163,143,172,31,5,2.7,55
Clayey,7.3,2.4,152,92,243,63,3,2.0,37
Black,5.4,4.3,75,137,161,45,3,2.6,44
Sandy,6.0,7.1,37,43,60,48,4,2.2,25
Loamy,6.1,1.2,134,84,185,27,1,1.1,60
Clayey,8.4,5.8,175,24,209,36,3,4.9,5
Black,8.3,4.8,181,85,64,76,2,0.2,38
Sandy,7.7,2.2,190,23,227,22,2,4.6,0
Loamy,5.5,6.7,89,147,115,26,3,4.2,20
Clayey,4.8,3.6,141,138,294,70,4,2.2,23
Black,5.8,3.1,81,120,254,27,3,1.7,48
Sandy,5.6,6.8,53,105,226,26,4,0.9,16
Loamy,6.5,5.5,128,43,45,65,5,0.8,58
Clayey,7.6,7.3,55,40,226,57,1,2.8,28
Black,7.9,5.4,93,87,160,25,1,0.6,42
Sandy,7.9,6.2,35,98,106,34,5,2.4,0
Loamy,5.9,6.9,105,6,117,74,5,4.1,27
Clayey,7.2,1.4,22,77,42,36,5,3.8,0
Black,5.8,6.4,134,39,269,23,1,0.7,70
Sandy,4.7,5.3,78,133,269,59,3,4.8,0
Loamy,7.3,1.5,181,67,167,38,2,1.5,56
Clayey,4.5,4.6,190,99,73,37,4,3.6,7
Black,6.1,1.6,60,49,58,30,2,1.6,48
Sandy,5.8,6.2,22,129,237,33,4,3.1,22
Loamy,7.3,4.8,178,41,256,55,1,2.9,66
Clayey,7.6,7.7,148,11,296,69,3,1.0,35
Black,5.7,2.3,174,114,244,29,2,3.3,33
Sandy,7.7,5.2,69,148,163,61,5,1.7,9
Loamy,5.7,2.5,41,146,230,31,5,3.1,26
Clayey,6.3,5.3,182,138,173,77,5,2.8,24
Black,7.4,6.1,27,142,278,25,2,4.2,21
Sandy,7.3,6.1,102,36,246,30,3,1.1,40
Loamy,8.4,6.7,157,138,101,53,3,0.8,48
Clayey,5.4,7.0,53,6,107,71,5,4.3,0
Black,7.1,1.5,173,43,23,30,2,2.3,44
Sandy,6.9,3.4,46,53,192,20,5,3.9,0
Loamy,8.2,5.8,170,31,51,69,4,4.8,15
Clayey,5.1,4.5,136,60,253,46,4,2.8,32
Black,7.5,2.3,28,18,245,53,2,1.6,44
Sandy,6.8,4.9,188,107,225,31,4,4.0,15
Loamy,5.6,3.9,41,122,121,75,1,4.7,17
Clayey,6.4,3.7,115,126,77,52,1,1.3,54
Black,5.8,6.7,31,109,288,84,1,3.5,44
Sandy,6.8,3.9,131,29,169,30,4,3.9,9
Loamy,8.1,1.2,138,57,271,42,3,0.2,43
Clayey,6.8,1.4,63,15,63,26,1,3.0,9
Black,7.0,7.0,157,41,49,45,5,3.2,31
Sandy,6.6,7.7,67,13,31,23,3,3.2,2
Loamy,4.7,5.8,172,32,33,46,2,0.5,53
Clayey,5.4,3.6,79,59,64,40,4,0.2,21
Black,6.5,7.6,198,131,219,13,5,1.5,50
Sandy,5.7,5.6,72,74,43,15,2,1.9,21
Loamy,5.2,6.9,198,31,270,59,4,0.8,60
Clayey,6.5,6.4,194,14,138,86,4,2.6,27
Black,5.8,3.7,12,130,97,47,5,1.2,36
Sandy,5.5,4.4,108,7,261,88,4,1.8,25
Loamy,6.4,2.3,54,47,222,14,4,1.5,42
Clayey,5.0,3.0,152,103,256,47,4,3.9,15
Black,8.2,6.4,26,11,106,33,3,4.4,6
Sandy,8.0,7.3,152,46,229,27,1,1.6,30
Loamy,7.3,6.1,14,101,295,41,5,1.9,42
Clayey,4.9,4.3,183,8,116,80,3,4.1,0
Black,7.6,1.6,20,140,21,81,5,3.8,0
Sandy,7.7,1.4,101,88,248,39,3,3.6,3
Loamy,7.6,3.6,151,149,262,39,4,3.6,29
Clayey,5.0,4.2,48,9,277,14,4,1.6,20
Black,7.1,5.3,192,117,61,13,3,4.7,16
Sandy,7.8,1.0,51,141,232,60,4,4.1,0
Loamy,6.8,7.9,103,140,22,18,1,1.1,58
Clayey,7.1,3.5,14,11,35,64,5,3.3,0
Black,6.3,6.9,61,41,298,42,4,0.9,57
Sandy,6.6,4.7,159,59,121,40,2,2.9,29
Loamy,4.6,1.9,53,71,96,63,3,1.5,29
Clayey,7.1,6.6,124,140,221,70,3,0.6,45
Black,4.8,6.0,196,73,74,75,4,3.1,17
Sandy,6.2,4.7,162,9,228,29,3,4.4,15
Loamy,5.7,4.6,136,21,100,85,2,0.8,53
Clayey,6.7,1.6,125,115,263,70,3,4.5,9
Black,5.0,5.6,158,62,254,45,2,0.7,65
Sandy,7.3,7.4,77,108,133,29,3,3.7,0
Loamy,7.7,1.7,56,117,86,54,3,4.9,0
Clayey,5.2,2.8,136,96,59,55,2,0.6,36
Black,4.9,7.3,44,72,240,27,5,1.1,20
Sandy,5.1,3.0,16,32,122,79,1,2.4,10
Loamy,8.0,5.6,193,93,72,83,2,3.7,26
Clayey,6.6,4.7,125,110,71,27,1,4.5,13
Black,6.4,5.2,61,71,56,73,3,3.7,28
Sandy,4.9,3.9,119,126,86,43,5,3.9,0
Loamy,7.1,3.1,55,105,181,88,2,2.3,39
Clayey,8.0,1.3,146,16,225,12,5,1.8,3
Black,7.8,6.2,195,105,71,81,2,2.6,32
Sandy,7.0,6.2,32,8,228,20,4,3.3,1
Loamy,4.8,5.7,140,125,21,55,2,2.6,47
Clayey,4.9,5.5,136,46,148,51,1,4.0,18
Black,4.7,2.7,198,26,197,26,4,0.9,25
Sandy,5.5,1.2,18,5,183,56,3,2.0,12
Loamy,5.0,6.7,62,52,41,39,2,0.4,55
Clayey,5.5,4.4,186,47,246,52,1,3.4,41
Black,6.0,3.1,57,106,101,17,3,3.8,20
Sandy,8.3,1.7,132,22,183,49,1,3.4,13
Loamy,6.9,1.4,91,80,22,80,3,4.8,4
Clayey,7.8,3.4,118,149,191,29,2,4.7,0
Black,7.3,6.6,16,86,137,85,5,1.4,20
Sandy,5.0,7.4,108,14,163,37,3,1.3,37
Loamy,7.4,7.3,40,28,271,37,5,0.2,44
Clayey,5.6,7.4,111,144,285,68,3,2.6,39
Black,7.1,7.4,65,8,189,71,5,4.3,6
Sandy,5.9,4.7,108,130,232,89,2,0.9,45
Loamy,8.5,2.5,198,137,246,83,1,3.0,37
Clayey,5.6,6.6,14,84,281,63,2,3.6,21
Black,5.6,2.5,39,9,274,16,3,1.9,31
Sandy,8.2,2.9,31,87,27,77,4,3.5,0
Loamy,4.6,2.6,154,10,60,33,1,4.2,28
Clayey,7.3,4.6,147,11,276,50,5,0.2,35
Black,7.4,3.3,179,14,150,63,1,3.7,40
Sandy,7.8,2.1,36,82,71,23,1,3.0,0
Loamy,8.4,4.2,136,46,121,53,2,4.2,31
Clayey,8.4,7.1,144,66,238,58,3,0.8,35
Black,4.8,5.0,32,129,263,72,2,4.1,13
Sandy,7.8,7.1,84,26,294,54,3,0.8,24
Loamy,7.1,2.4,126,61,89,81,4,3.0,25
Clayey,7.1,2.2,145,100,66,86,2,1.4,24
Black,5.0,5.0,17,143,136,16,4,1.3,25
Sandy,7.1,4.2,110,146,97,12,3,2.5,18
Loamy,8.4,5.6,14,35,24,56,1,3.8,27
Clayey,8.1,6.6,95,8,273,70,4,3.3,12
Black,6.3,6.3,139,113,126,80,4,4.9,18
Sandy,4.7,7.6,188,122,263,39,3,0.7,30
Loamy,5.9,3.8,21,97,192,14,3,3.6,30
Clayey,7.8,2.4,56,103,55,81,2,0.4,6
Black,7.3,4.9,192,81,192,16,2,1.9,52
Sandy,6.3,1.8,35,87,199,48,3,1.8,26
Loamy,4.7,3.0,111,119,286,11,4,1.4,34
Clayey,6.2,2.5,129,65,274,52,5,2.7,30
Black,6.4,3.8,182,104,92,21,2,1.3,54
Sandy,8.2,1.8,199,138,76,37,3,1.9,13
Loamy,7.1,1.2,79,83,85,28,5,4.3,0
Clayey,5.7,5.6,11,10,151,37,5,1.7,19
Black,6.6,5.3,35,70,279,85,5,4.9,0
Sandy,4.8,6.0,23,147,143,79,5,1.5,0
Loamy,8.4,5.6,91,80,111,28,1,4.5,18
Clayey,5.9,1.8,111,44,293,73,2,2.2,38
Black,6.4,3.0,194,11,160,18,5,4.5,16
Sandy,5.9,1.9,41,26,251,50,5,2.2,18
Loamy,7.2,6.9,71,76,89,59,3,3.9,32
Clayey,7.1,6.2,124,110,194,19,3,2.1,31
Black,7.4,2.4,39,143,105,83,1,3.1,23
Sandy,5.6,3.4,150,134,272,63,5,0.4,25
Loamy,5.8,7.8,177,34,49,19,1,3.0,58
Clayey,5.0,5.2,40,72,174,16,3,1.6,21
Black,7.1,6.6,46,93,219,41,2,5.0,25
Sandy,4.7,2.9,182,77,175,63,4,4.1,0
Loamy,6.9,2.5,111,76,264,79,4,0.5,42
Clayey,8.0,6.5,137,137,39,72,1,1.1,28
Black,8.1,5.8,95,70,222,43,3,3.1,34
Sandy,6.3,5.8,68,89,171,52,4,1.6,34
Loamy,6.3,4.9,37,53,96,14,5,1.1,37
Clayey,4.8,4.9,131,12,191,28,2,1.8,27
Black,7.2,6.1,70,6,269,63,3,0.6,52
Sandy,7.8,2.9,156,32,205,23,1,2.8,15
Loamy,5.5,3.5,180,143,147,19,3,1.5,43
Clayey,6.2,7.1,196,50,30,58,2,4.3,30
Black,7.9,3.2,25,130,261,20,3,0.3,22
Sandy,8.0,4.8,78,25,200,40,1,1.8,30
Loamy,5.5,5.9,53,36,284,75,5,2.8,28
Clayey,6.7,8.0,122,81,214,19,3,1.3,35
Black,5.3,4.0,147,25,265,30,1,0.4,67
Sandy,4.9,4.0,184,38,119,10,5,0.5,0
Loamy,8.1,6.9,28,142,71,55,4,0.9,31
Clayey,7.8,6.6,93,69,94,84,3,1.4,13
Black,7.5,6.1,102,69,152,83,5,3.6,21
Sandy,4.7,4.2,188,92,275,29,4,2.4,11
Loamy,7.9,3.3,150,71,228,30,3,0.3,49
Clayey,6.3,5.3,153,47,162,46,3,0.9,52
Black,5.9,7.1,190,119,87,23,2,1.9,58
Sandy,6.7,7.2,172,145,73,67,3,2.2,31
Loamy,4.9,1.8,109,122,286,66,3,0.4,45
Clayey,7.5,4.0,196,8,261,66,5,0.7,32
Black,6.8,4.3,48,27,66,78,1,1.4,43
Sandy,5.2,7.8,76,74,134,79,2,4.2,0
Loamy,5.3,5.7,82,45,215,33,3,1.1,59
Clayey,5.2,3.9,198,124,149,89,5,1.2,14
Black,4.7,1.2,59,94,64,69,5,2.5,7
Sandy,6.9,5.0,62,56,174,32,1,4.5,14
Loamy,7.9,1.7,55,149,101,56,4,2.7,17
Clayey,4.6,6.8,61,55,286,47,3,0.5,27
Black,4.7,6.3,133,135,176,89,4,1.0,32
Sandy,6.8,4.2,166,59,44,61,1,4.3,20
Loamy,7.8,4.0,14,123,201,22,5,4.4,0
Clayey,5.8,7.3,83,117,193,17,4,4.0,11
Black,5.9,3.0,104,39,60,41,1,2.8,59
Sandy,6.9,2.7,84,72,68,26,4,2.3,2
Loamy,5.6,7.6,177,96,281,14,5,1.4,45
Clayey,4.6,6.7,125,63,263,81,3,2.8,17
Black,7.4,6.7,139,17,76,59,2,3.4,44
Sandy,7.0,2.4,77,66,25,21,5,3.0,0
Loamy,6.8,2.0,199,98,66,53,4,1.2,44
Clayey,7.5,1.2,89,7,82,86,3,4.5,0
Black,7.2,2.7,195,25,86,77,2,2.0,41
Sandy,5.3,6.4,114,108,202,68,1,4.4,25
Loamy,5.9,2.7,78,69,181,19,3,2.0,48
Clayey,5.0,6.1,195,17,124,57,5,0.3,28
Black,5.0,2.8,172,81,282,37,4,3.7,31
Sandy,7.2,3.8,151,113,76,14,2,4.6,0
Loamy,7.9,7.9,152,100,35,53,3,1.3,48
Clayey,8.4,2.7,143,97,78,40,2,2.8,18
Black,7.0,3.6,25,49,185,25,2,4.1,14
Sandy,5.2,3.1,96,66,269,32,3,1.7,29
Loamy,4.9,1.8,133,34,53,30,4,1.5,33
Clayey,7.8,4.4,183,18,65,11,1,2.1,27
Black,6.8,3.7,149,14,66,32,3,2.8,41
Sandy,7.0,5.9,50,10,271,89,1,2.8,22
Loamy,7.6,6.7,128,123,185,20,2,2.5,42
Clayey,7.3,4.8,28,23,151,82,2,4.1,4
Black,7.8,1.2,85,16,89,11,4,0.8,10
Sandy,4.7,5.3,118,121,79,22,3,0.5,13
Loamy,7.5,1.4,128,107,224,54,3,0.9,54
Clayey,7.9,5.3,122,118,257,81,5,3.5,0
Black,5.6,5.8,11,86,125,19,4,0.8,25
Sandy,7.1,2.4,29,13,203,30,3,1.7,20
Loamy,5.8,6.7,128,138,26,10,2,4.4,39
Clayey,8.3,7.4,104,133,50,25,4,0.8,13
Black,4.6,6.7,146,97,235,52,5,2.7,33
Sandy,6.8,3.1,30,103,145,15,5,2.6,0
Loamy,5.2,5.1,17,103,70,85,2,0.3,40
Clayey,7.3,7.4,176,34,209,20,3,0.7,35
Black,5.2,3.2,174,39,70,75,2,4.8,14
Sandy,5.4,6.7,38,67,251,58,5,4.8,0
Loamy,6.5,1.1,44,32,197,29,4,4.4,11
Clayey,8.2,1.0,47,36,177,30,3,2.2,7
Black,5.3,6.3,99,73,166,45,2,3.0,47
Sandy,5.1,6.3,172,114,270,47,3,4.1,19
Loamy,7.5,6.5,77,101,151,65,4,3.4,36
Clayey,6.5,7.5,140,136,256,20,5,4.5,10
Black,8.1,1.8,118,146,31,27,2,1.6,28
Sandy,5.1,2.6,120,19,162,54,5,3.2,7
Loamy,7.1,7.3,21,24,137,35,2,2.9,42
Clayey,5.4,2.2,41,24,80,68,3,4.9,0
Black,5.1,5.8,184,103,200,15,1,4.4,33
Sandy,7.2,4.7,72,72,284,52,2,0.9,38
Loamy,6.9,1.6,163,22,48,61,2,0.4,52
Clayey,7.5,3.0,52,37,282,71,5,2.3,7
Black,5.7,4.6,116,129,219,26,1,2.8,52
Sandy,6.3,7.0,181,68,124,86,1,4.0,23
Loamy,6.1,6.0,47,73,98,55,1,0.9,68
Clayey,8.4,5.4,38,49,163,50,1,4.6,5
Black,5.7,4.5,64,114,218,22,4,2.9,28
Sandy,5.7,3.1,61,24,125,15,3,4.2,0
Loamy,5.9,1.8,124,39,108,42,2,4.2,41
Clayey,6.8,3.9,28,138,285,13,3,4.8,0
Black,5.5,1.2,44,95,270,87,3,3.3,15
Sandy,8.2,2.5,57,13,171,59,3,3.9,0
Loamy,5.6,4.0,119,23,215,57,3,4.1,41
Clayey,8.1,3.9,197,107,145,36,4,2.4,15
Black,4.9,1.3,40,89,62,15,5,2.2,0
Sandy,7.1,5.1,12,67,192,67,4,4.7,0
Loamy,8.1,4.8,172,99,73,72,2,0.4,43
Clayey,5.2,1.5,97,139,272,10,1,4.8,1
Black,8.4,7.6,61,41,215,37,5,2.9,23
Sandy,6.3,1.7,80,93,236,38,2,1.5,38
Loamy,8.3,7.0,60,96,188,37,1,2.8,45
Clayey,7.2,1.0,65,40,241,83,4,3.2,0
Black,5.7,7.2,108,21,147,77,3,0.6,43
Sandy,5.3,1.1,30,94,35,50,2,3.4,0
Loamy,5.7,6.3,138,96,56,64,3,4.5,33
Clayey,4.9,3.5,117,53,244,41,3,4.9,1
Black,5.1,6.2,62,85,133,78,3,3.0,25
Sandy,4.9,3.8,15,38,41,31,5,1.7,0
Loamy,6.2,1.5,91,141,81,66,1,2.9,53
Clayey,7.7,6.4,199,24,201,31,3,0.1,35
Black,5.1,1.5,88,72,35,75,2,4.6,5
Sandy,5.0,7.5,56,81,296,50,5,3.9,2
Loamy,7.1,1.4,105,106,156,52,1,0.9,61
Clayey,5.3,4.4,115,144,146,43,2,3.1,32
Black,4.9,6.1,187,129,105,11,5,0.2,23
Sandy,5.2,3.8,91,77,226,68,5,1.2,21
Loamy,8.2,2.5,40,83,170,45,1,0.9,43
Clayey,7.8,6.3,166,117,70,17,3,0.9,18
Black,5.9,6.5,152,137,250,42,2,2.8,67
Sandy,7.1,7.5,67,29,99,42,4,4.8,0
Loamy,6.6,3.6,32,105,150,77,3,0.7,32
Clayey,7.2,4.5,175,35,155,27,4,4.4,2
Black,7.2,3.5,50,38,189,73,2,0.5,37
Sandy,7.0,2.8,24,72,182,70,4,0.5,13
Loamy,5.6,6.3,96,126,218,19,4,3.2,33
Clayey,4.7,3.4,12,50,246,59,1,2.9,18
Black,6.3,4.0,10,73,67,31,1,1.8,56
Sandy,8.1,3.8,84,31,272,48,1,2.7,23
Loamy,6.8,6.0,148,49,122,74,4,3.8,25
Clayey,7.8,7.4,197,22,55,39,4,3.9,4
Black,8.5,5.7,85,36,25,14,5,0.2,17
Sandy,5.2,4.3,13,6,218,35,5,0.5,17
Loamy,7.3,6.5,34,24,31,72,1,0.1,47
Clayey,7.2,5.5,180,42,122,55,5,0.2,28
Black,8.4,1.4,103,5,206,40,3,4.2,17
Sandy,8.4,1.7,177,146,197,50,5,0.5,7
Loamy,7.2,1.3,105,141,190,21,5,3.6,14
Clayey,5.5,4.2,117,140,196,26,3,4.9,2
Black,7.7,6.8,108,20,108,27,3,4.1,12
Sandy,4.9,3.2,104,118,223,75,2,0.4,19
Loamy,7.6,3.7,109,12,230,48,4,4.5,21
Clayey,8.1,7.4,100,27,232,83,4,4.8,0
Black,6.0,6.9,53,77,40,42,1,3.6,48
Sandy,7.0,5.7,196,38,107,84,2,3.1,17
Loamy,6.2,2.9,137,22,32,17,2,3.0,46
Clayey,6.3,1.8,32,113,139,35,2,4.1,11
Black,5.7,1.1,199,48,197,85,2,2.8,32
Sandy,7.5,1.7,32,147,148,44,5,1.7,2
Loamy,8.2,3.0,195,19,70,66,2,4.9,17
Clayey,8.3,4.9,64,97,61,88,1,0.3,20
Black,5.2,1.4,170,131,114,30,4,3.4,23
Sandy,8.0,2.0,86,125,261,46,2,3.0,10
Loamy,7.4,2.3,72,27,80,14,4,3.2,15
Clayey,5.5,5.4,112,75,247,26,3,3.2,23
Black,4.8,5.3,69,113,296,34,1,0.7,52
Sandy,5.6,4.9,198,36,37,70,3,0.8,33
Loamy,8.1,2.8,89,118,263,46,2,0.4,47
Clayey,7.0,3.6,198,37,66,75,5,4.7,0
Black,7.4,1.7,104,17,37,22,5,3.1,12
Sandy,5.5,2.6,78,120,220,49,1,0.5,35
Loamy,7.4,7.3,123,141,272,51,2,2.2,68
Clayey,4.6,7.9,113,71,211,79,2,1.9,30
Black,6.0,5.5,117,36,68,84,2,0.8,58
Sandy,7.0,7.4,98,77,113,34,2,4.1,12
Loamy,5.1,5.5,30,109,256,51,1,3.9,44
Clayey,7.8,1.2,140,133,241,19,1,2.4,19
Black,5.4,8.0,185,117,186,52,1,2.7,60
Sandy,7.1,1.7,19,110,273,77,5,2.2,0
Loamy,6.1,5.8,96,73,76,37,2,2.8,60
Clayey,6.9,2.8,179,73,25,33,3,3.7,14
Black,4.9,3.7,100,65,257,50,4,4.4,12
Sandy,4.6,5.5,183,12,240,70,1,3.0,30
Loamy,8.1,4.1,146,11,243,14,1,0.7,55
Clayey,5.6,2.8,132,149,97,20,5,3.9,0
Black,7.8,3.3,186,74,39,17,5,1.9,17
Sandy,8.5,3.4,13,58,284,30,4,3.2,0
Loamy,5.3,7.7,197,40,223,73,5,1.1,45
Clayey,5.6,6.6,99,70,161,14,1,0.9,37
Black,7.2,4.2,105,7,99,43,2,0.4,58
Sandy,8.4,2.4,38,17,229,18,2,1.6,6
Loamy,8.2,6.7,95,33,275,47,5,3.0,30
Clayey,6.5,2.1,56,61,59,52,4,1.7,25
Black,7.7,2.5,86,14,221,19,2,1.3,31
Sandy,5.0,3.6,96,67,105,21,1,5.0,0
Loamy,8.4,7.2,40,77,62,27,2,5.0,2
Clayey,8.4,1.9,60,112,255,21,4,3.1,0
Black,5.2,1.9,178,105,89,40,5,1.7,33
Sandy,5.7,4.5,45,100,150,20,3,4.3,0
Loamy,4.9,2.9,177,101,151,36,2,3.7,33
Clayey,5.6,5.0,104,6,267,30,1,3.1,44
Black,7.8,4.2,197,114,174,83,4,4.6,6
Sandy,6.0,4.0,24,134,249,22,2,2.3,27
Loamy,4.9,1.8,87,127,108,54,3,1.4,32
Clayey,5.9,2.0,167,120,248,56,5,4.8,8
Black,8.4,6.7,167,41,46,34,2,4.3,25
Sandy,7.0,7.2,164,134,257,86,4,4.6,0
Loamy,6.2,2.6,49,65,194,73,2,4.6,23
Clayey,5.2,1.8,54,44,80,79,5,2.0,0
Black,8.4,1.4,184,29,189,37,4,4.3,8
Sandy,7.8,5.3,99,127,282,29,3,4.5,0
Loamy,5.6,6.0,65,41,135,50,1,2.8,52
Clayey,4.8,3.6,63,31,194,13,5,3.2,0
Black,4.7,5.8,94,88,240,78,2,2.9,31
Sandy,5.0,6.0,18,48,147,33,3,0.2,20
Loamy,6.8,7.5,127,76,24,26,4,2.7,36
Clayey,8.2,1.5,74,136,205,14,4,0.3,2
Black,6.5,2.3,117,59,191,66,4,2.3,50
Sandy,7.9,1.5,138,77,218,35,2,0.3,24
Loamy,6.3,7.1,150,16,250,81,5,2.3,52
Clayey,7.3,6.5,47,146,134,82,3,1.6,18
Black,7.4,5.0,182,10,30,26,4,3.9,19
Sandy,5.2,1.6,114,51,123,65,1,2.4,28
Loamy,5.9,2.9,49,119,194,17,5,2.6,29
Clayey,7.0,3.1,152,72,139,73,3,4.5,0
Black,4.8,4.9,187,63,256,78,3,2.5,35
Sandy,5.9,2.8,139,141,255,19,4,0.9,28
Loamy,6.6,1.5,190,123,57,59,1,0.7,57
Clayey,8.5,6.1,163,52,291,64,4,1.6,30
Black,6.4,3.1,84,13,270,23,5,1.4,38
Sandy,7.8,4.2,42,50,46,36,2,4.1,0
Loamy,6.2,1.9,94,147,142,14,5,3.8,15
Clayey,7.7,6.6,68,76,175,88,1,0.4,24
Black,6.9,5.0,104,132,236,37,2,1.1,65
Sandy,8.0,7.3,35,114,213,14,3,2.3,6
Loamy,6.1,4.5,112,149,180,21,4,0.5,57
Clayey,6.9,7.6,30,39,147,17,5,0.9,6
Black,7.0,7.2,186,136,197,68,4,4.6,26
Sandy,6.2,5.0,89,52,145,74,5,2.8,9
Loamy,5.1,7.5,80,146,193,69,4,4.0,30
Clayey,4.9,3.3,75,50,54,89,2,1.7,10
Black,4.6,3.6,46,52,258,64,4,1.9,30
Sandy,8.0,1.3,23,11,60,52,1,4.3,0
Loamy,5.4,5.1,117,99,205,50,1,3.3,62
Clayey,5.3,6.1,144,64,202,19,4,3.4,16
Black,7.4,6.4,175,39,280,84,3,3.2,38
Sandy,5.8,2.0,182,148,53,16,1,2.8,26
Loamy,6.5,4.1,159,23,206,30,5,5.0,35
Clayey,5.2,2.2,181,134,156,84,4,4.5,0
Black,8.3,5.6,90,72,221,53,4,3.6,23
Sandy,7.9,2.1,89,102,162,46,1,3.4,8
Loamy,8.0,7.3,112,11,128,53,3,0.5,48
Clayey,6.1,2.6,44,51,176,74,5,2.5,9
Black,7.5,3.0,111,47,274,15,1,2.5,49
Sandy,5.1,7.0,197,36,200,47,1,0.4,47
Loamy,4.5,4.2,140,149,238,52,2,3.8,42
Clayey,4.6,1.2,127,132,47,66,1,0.1,26
Black,6.8,4.5,104,123,170,84,5,2.2,35
Sandy,6.3,1.6,64,18,119,89,2,4.5,0
Loamy,6.6,7.9,18,85,22,79,3,1.8,35
Clayey,4.5,5.1,78,56,52,74,3,3.0,1
Black,6.2,2.8,37,8,218,64,1,1.6,62
Sandy,7.4,4.9,152,37,88,44,5,1.0,23
Loamy,6.3,1.5,122,110,109,33,3,3.7,40
Clayey,7.4,6.6,40,133,36,47,5,1.1,17
Black,5.4,7.5,68,101,53,12,5,0.5,25
Sandy,7.8,7.1,91,68,283,60,2,2.2,28
Loamy,6.9,3.4,63,132,79,70,1,3.6,39
Clayey,5.3,3.3,184,41,203,49,5,2.9,20
Black,5.4,1.2,51,130,218,63,5,1.3,29
Sandy,7.0,5.6,32,74,260,75,5,4.1,0
Loamy,7.8,4.7,118,139,251,69,1,0.6,65
Clayey,6.2,4.2,95,108,230,24,2,3.4,31
Black,5.5,7.4,74,118,71,55,5,3.1,25
Sandy,8.0,2.2,98,59,138,64,4,4.5,0
Loamy,7.2,1.1,63,125,234,13,2,2.7,33
Clayey,6.3,1.5,127,127,168,33,1,4.1,30
Black,6.5,2.6,114,7,195,49,3,1.2,59
Sandy,5.3,1.2,20,96,288,36,5,2.8,0
Loamy,7.0,4.5,72,123,24,88,4,2.7,29
Clayey,5.9,3.2,31,145,135,61,3,1.5,31
Black,8.5,2.3,191,65,222,46,3,0.1,41
Sandy,6.4,6.3,126,105,56,10,5,3.7,6
Loamy,6.4,2.4,173,120,73,85,5,2.0,40
Clayey,6.8,5.8,67,37,105,18,3,1.6,20
Black,8.2,3.4,29,82,64,27,4,1.1,11
Sandy,7.7,4.6,153,28,89,48,2,4.3,5
Loamy,6.3,7.5,193,56,61,84,5,1.7,48
Clayey,7.4,1.3,102,105,291,84,5,1.1,13
Black,6.8,4.5,59,120,160,39,1,2.7,51
Sandy,6.5,7.0,99,127,78,29,5,3.9,0
Loamy,5.3,5.1,113,10,259,24,1,3.1,54
Clayey,6.4,2.9,136,80,66,73,3,4.8,3
Black,5.5,3.8,122,94,186,34,4,4.8,20
Sandy,8.2,5.8,83,127,129,58,1,4.5,2
Loamy,5.8,7.2,22,68,145,76,1,2.9,47
Clayey,8.3,1.3,24,146,128,35,2,3.9,0
Black,6.6,1.5,82,85,184,54,3,1.5,40
Sandy,7.0,3.3,36,75,278,15,1,2.9,14
Loamy,6.7,2.6,145,69,95,41,1,0.4,60
Clayey,5.0,2.9,187,117,26,84,3,1.4,21
Black,6.0,2.5,97,106,205,86,5,1.7,37
Sandy,4.9,2.4,163,8,295,26,4,1.9,7
Loamy,7.0,1.9,45,140,98,55,3,0.9,38
Clayey,6.3,7.5,158,64,84,62,2,0.5,53
Black,7.6,2.0,61,49,134,13,2,2.9,12
Sandy,5.4,2.4,148,76,221,87,4,2.5,12
Loamy,5.2,2.7,17,99,161,37,2,3.0,37
Clayey,6.1,7.5,66,35,117,80,3,0.7,30
Black,8.2,6.3,119,124,236,25,5,4.7,3
Sandy,7.3,6.5,183,68,93,87,2,2.1,27
Loamy,6.2,1.7,139,71,153,48,3,2.3,59
Clayey,6.6,6.9,73,113,281,39,2,2.8,35
Black,4.8,3.9,189,72,121,88,1,3.5,24
Sandy,8.4,2.8,20,39,225,66,1,2.0,20
Loamy,7.2,5.0,143,102,160,65,5,0.8,52
Clayey,5.6,6.8,105,40,32,48,1,3.9,29
Black,6.8,6.5,85,136,268,51,1,1.4,64
Sandy,4.9,7.2,73,53,142,27,2,2.3,8
Loamy,8.4,7.5,110,22,29,84,2,3.2,31
Clayey,5.2,2.7,102,64,99,31,4,4.8,0
Black,7.1,4.0,192,90,186,13,5,0.3,34
Sandy,5.5,1.1,53,142,118,12,1,2.6,6
Loamy,7.4,7.2,151,117,226,70,4,4.7,33
Clayey,7.6,2.1,92,27,170,33,2,1.4,23
Black,7.2,7.0,142,72,56,87,4,0.7,38
Sandy,7.0,3.3,108,63,283,61,1,3.0,34
Loamy,8.1,3.6,34,94,24,76,4,0.8,17
Clayey,4.8,1.3,187,11,245,40,3,4.4,0
Black,5.8,3.3,111,17,46,62,5,3.6,31
Sandy,5.5,7.2,82,135,143,70,1,0.7,37
Loamy,8.5,1.2,131,15,54,67,3,2.9,27
Clayey,6.1,3.8,80,55,256,44,4,0.2,39
Black,7.4,1.2,126,36,121,40,1,4.2,29
Sandy,7.2,3.6,91,46,96,66,4,1.1,18
Loamy,5.3,2.2,139,106,101,85,5,3.7,12
Clayey,5.5,2.8,125,125,165,19,5,0.6,15
Black,5.6,7.1,19,82,212,27,2,2.4,38
Sandy,6.1,4.1,139,76,243,65,3,4.7,23
Loamy,5.4,2.9,69,110,72,45,5,0.5,33
Clayey,4.6,5.1,54,123,104,60,3,1.5,19
Black,8.0,2.0,145,37,148,70,4,3.9,10
Sandy,8.4,2.8,195,83,230,28,3,2.4,9
Loamy,5.9,4.8,128,82,283,20,1,3.3,62
Clayey,5.9,2.7,16,123,202,14,2,4.1,9
Black,4.5,5.8,81,61,291,54,3,3.9,25
Sandy,7.2,4.4,30,56,246,54,3,2.0,28
Loamy,7.8,6.4,106,76,31,57,5,2.2,36
Clayey,5.1,7.6,56,72,112,23,1,2.9,20
Black,5.1,1.8,10,104,209,37,5,0.7,26
Sandy,7.7,3.3,149,86,105,18,3,4.4,0
Loamy,7.0,3.2,185,63,296,68,4,0.6,54
Clayey,4.7,2.1,137,23,280,47,5,1.0,16
Black,7.0,6.7,103,7,217,34,5,4.7,23
Sandy,5.7,6.3,141,43,29,81,1,1.5,33
Loamy,6.0,4.4,43,70,107,57,5,1.3,48
Clayey,7.6,4.8,96,77,56,28,5,2.2,0
Black,7.7,1.4,41,138,242,11,2,3.6,8
Sandy,6.1,4.9,12,32,194,15,3,1.9,24
Loamy,8.3,6.5,77,102,228,39,1,4.4,34
Clayey,6.1,5.0,66,97,68,70,5,0.8,30
Black,7.6,2.9,123,130,43,11,3,0.7,26
Sandy,6.4,5.7,161,20,125,60,1,0.5,53
Loamy,8.1,3.5,42,39,282,22,5,1.6,20
Clayey,8.1,4.8,140,79,225,58,4,1.1,30
Black,4.8,4.4,141,111,188,17,2,2.4,38
Sandy,8.2,3.7,39,91,177,18,1,5.0,0
Loamy,7.8,6.0,79,73,260,32,4,4.4,18
Clayey,7.7,7.2,58,120,142,81,1,4.5,0
Black,5.3,1.0,39,12,39,82,1,4.2,8
Sandy,7.7,7.5,91,111,75,25,2,1.4,13
Loamy,7.9,4.6,153,111,299,25,4,1.2,40
Clayey,5.7,5.9,190,118,127,21,5,3.7,1
Black,8.3,7.0,143,14,159,20,3,3.0,27
Sandy,4.7,4.3,33,32,110,22,4,1.1,0
Loamy,5.1,6.8,124,64,290,44,1,4.8,47
Clayey,6.7,2.2,101,14,229,52,4,2.2,29
Black,6.8,2.1,165,146,195,39,3,4.1,27
Sandy,7.1,5.6,30,106,80,69,4,0.5,16
Loamy,4.6,7.1,17,67,22,76,3,0.3,25
Clayey,8.3,7.2,45,60,291,38,2,2.3,27
Black,4.7,5.5,133,138,183,34,1,0.7,57
Sandy,5.1,4.7,18,132,28,75,5,4.9,0
Loamy,4.6,3.3,49,82,31,14,4,4.1,0
Clayey,6.8,7.9,188,143,93,14,2,2.3,30
Black,8.2,3.2,138,50,257,58,4,4.9,10
Sandy,7.2,6.2,126,73,127,35,2,1.3,38
Loamy,7.8,4.7,77,49,32,80,3,3.4,17
Clayey,4.6,5.3,163,99,253,39,2,0.2,40
Black,6.7,3.8,177,112,264,37,3,1.9,56
Sandy,6.3,7.8,12,62,111,23,2,0.5,25
Loamy,6.5,5.0,117,119,217,27,4,1.9,60
Clayey,4.8,7.6,131,14,135,66,5,2.0,18
Black,7.2,1.1,18,145,150,34,1,1.9,38
Sandy,6.5,5.0,169,115,172,79,5,2.1,26
Loamy,7.6,6.0,13,17,140,14,2,3.1,19
Clayey,6.4,6.2,15,40,127,62,3,1.0,35
Black,5.1,7.3,82,90,35,48,4,1.2,42
Sandy,7.1,1.0,35,132,75,66,1,3.3,7
Loamy,5.2,1.0,139,126,122,20,1,2.4,42
Clayey,8.0,4.3,123,122,227,78,4,0.9,20
Black,7.0,1.2,94,139,170,34,2,4.0,25
Sandy,5.1,7.8,95,19,281,39,1,4.7,18
Loamy,8.3,2.6,140,85,62,11,4,2.4,21
Clayey,6.6,4.3,44,50,137,45,2,3.1,22
Black,4.8,1.4,123,52,298,46,4,4.1,13
Sandy,7.0,4.7,68,70,163,11,1,4.8,1
Loamy,5.5,3.7,47,8,247,56,5,4.8,13
Clayey,7.7,1.3,42,7,223,68,1,4.6,0
Black,7.8,3.3,130,7,248,13,1,4.1,23
Sandy,8.4,3.7,152,73,284,76,5,2.2,4
Loamy,6.5,7.9,109,97,156,55,2,3.4,63
Clayey,6.3,2.5,151,32,259,45,4,3.8,24
Black,7.5,4.8,54,27,205,74,2,0.6,46
Sandy,5.0,7.9,57,34,170,65,2,0.7,33
Loamy,6.7,6.5,181,66,129,85,4,3.6,27
Clayey,6.7,8.0,127,91,59,44,2,3.4,29
Black,4.9,7.8,174,55,161,32,3,4.0,27
Sandy,6.2,4.4,38,45,32,87,1,1.0,32
Loamy,7.9,5.9,93,68,72,53,3,4.7,16
Clayey,7.9,1.8,171,47,99,10,4,1.3,3
Black,4.9,4.1,196,95,252,75,5,0.8,30
Sandy,4.9,6.7,122,62,58,21,5,1.7,3
Loamy,5.6,4.5,126,63,246,22,4,4.1,29
Clayey,8.0,5.9,52,66,140,36,4,0.2,14
Black,5.0,6.2,170,120,84,29,2,1.2,48
Sandy,7.4,2.8,28,115,224,15,1,4.8,0
Loamy,4.9,7.1,17,27,154,17,3,0.2,29
Clayey,7.0,4.2,168,23,64,30,4,1.5,33
Black,5.9,2.5,20,15,297,30,5,1.7,39
Sandy,7.7,7.1,17,64,154,54,1,4.6,0
Loamy,5.4,3.9,162,7,71,79,1,4.3,31
Clayey,7.1,6.3,122,148,248,53,2,2.4,46
Black,5.4,4.8,157,13,87,68,5,1.7,43
Sandy,7.4,3.7,47,45,217,39,1,4.7,9
Loamy,8.0,6.7,144,42,86,19,5,1.0,28
Clayey,5.0,5.1,126,73,22,84,3,2.4,24
Black,8.0,3.7,176,39,77,10,5,2.2,17
Sandy,6.9,1.8,83,131,275,19,1,4.7,0
Loamy,5.0,7.3,81,52,284,34,5,3.8,31
Clayey,6.2,1.2,115,111,35,89,5,2.4,12
Black,5.1,7.0,127,12,287,83,5,3.1,29
Sandy,7.3,3.5,29,31,121,23,1,4.5,0
Loamy,7.5,5.5,20,13,241,12,3,4.2,20
Clayey,4.9,7.5,153,18,40,77,5,3.1,0
Black,6.5,2.1,51,33,40,49,3,4.6,19
Sandy,7.8,5.0,99,30,111,42,1,2.0,28
Loamy,8.2,6.4,61,147,152,88,4,3.7,12
Clayey,6.6,6.3,174,119,194,16,5,0.2,22
Black,8.3,4.7,61,77,232,12,3,3.0,22
Sandy,6.6,5.4,146,85,167,46,5,0.8,27
Loamy,6.1,6.3,172,71,251,35,2,2.7,73
Clayey,7.9,6.9,104,148,184,34,2,1.3,37
Black,6.5,6.3,144,145,164,49,1,2.0,77
Sandy,6.4,3.5,11,94,242,52,3,4.0,12
Loamy,6.5,8.0,34,100,81,53,3,0.4,57
Clayey,7.9,4.0,85,122,115,80,5,2.7,0
Black,7.8,1.2,103,66,131,38,2,0.8,36
Sandy,6.1,3.5,103,40,106,66,5,2.9,19
Loamy,5.8,1.9,50,128,274,18,5,3.2,23
Clayey,6.5,1.9,189,26,132,31,1,1.0,48
Black,6.8,3.0,96,109,273,85,4,0.1,34
Sandy,5.5,1.4,90,118,51,79,1,0.5,16
Loamy,7.7,5.8,133,114,83,15,1,3.5,33
Clayey,6.4,1.5,86,7,173,36,1,2.0,45
Black,5.8,2.4,47,101,24,61,5,1.9,35
Sandy,4.9,1.7,51,40,229,79,5,3.5,0
Loamy,5.5,1.4,191,14,111,58,5,2.5,32
Clayey,8.3,2.9,87,104,241,32,5,3.2,0
Black,5.7,5.0,73,25,209,30,2,4.6,32
Sandy,5.2,7.8,141,108,79,83,3,2.6,17
Loamy,6.3,7.1,168,119,224,17,2,3.2,58
Clayey,5.7,7.1,134,141,231,63,3,3.2,33
Black,4.6,2.2,150,116,277,23,5,2.7,14
Sandy,5.8,2.9,36,124,108,40,2,3.4,16
Loamy,6.7,1.5,68,83,255,60,3,4.2,24
Clayey,6.7,6.4,74,100,215,71,4,4.1,2
Black,5.9,1.5,34,112,202,27,1,0.4,48
Sandy,6.3,4.9,46,123,270,56,3,4.8,12
Loamy,8.4,2.7,133,148,243,61,2,4.3,30
Clayey,6.0,2.7,80,32,190,46,2,4.9,14
Black,5.5,7.9,151,10,217,39,4,1.1,55
Sandy,5.5,6.3,103,65,268,39,3,2.7,33
Loamy,6.3,6.9,161,10,200,84,1,2.3,69
Clayey,7.5,5.0,76,126,296,57,2,1.9,43
Black,5.3,7.1,185,109,294,48,5,2.1,49
Sandy,7.3,5.5,112,66,180,36,5,4.5,2
Loamy,4.6,7.6,100,32,267,25,3,3.5,25
Clayey,6.2,3.0,175,84,207,41,4,1.7,44
Black,7.6,5.2,99,13,38,38,1,2.0,48
Sandy,5.9,5.8,79,19,263,61,3,2.4,39
Loamy,6.8,3.8,68,24,132,83,3,1.9,36
Clayey,5.3,7.2,21,64,297,84,1,1.1,33
Black,7.5,7.9,191,79,70,24,2,2.2,46
Sandy,4.7,4.5,60,98,142,53,5,0.5,4
Loamy,7.9,3.7,175,71,257,32,2,4.3,33
Clayey,5.3,4.3,183,6,81,57,4,4.1,12
Black,8.0,7.0,19,146,93,32,1,4.5,15
Sandy,5.9,5.5,18,48,264,80,2,2.3,29
Loamy,7.4,1.3,96,138,51,23,3,3.3,18
Clayey,5.8,4.8,103,140,172,82,3,4.1,21
Black,8.1,1.1,61,43,163,63,4,1.6,22
Sandy,5.0,6.4,188,97,34,79,4,3.2,5
Loamy,5.2,3.3,31,48,293,52,1,2.2,56
Clayey,6.5,4.3,82,31,264,54,2,1.9,54
Black,4.8,6.6,92,20,298,31,3,4.3,22
Sandy,5.3,1.3,81,43,74,70,1,3.2,13
Loamy,8.3,2.1,127,133,61,27,1,3.2,27
Clayey,8.4,3.8,77,37,71,53,3,0.9,17
Black,6.0,2.6,14,54,30,82,2,1.8,37
Sandy,8.2,3.4,92,107,107,27,5,4.2,0
Loamy,6.7,8.0,130,31,246,66,4,1.1,60
Clayey,5.6,6.8,166,128,133,24,2,4.9,3
Black,7.3,7.2,15,90,44,82,5,4.2,0
Sandy,7.1,7.6,78,32,111,67,5,1.4,16
Loamy,8.5,3.4,67,68,106,11,3,0.6,25
Clayey,5.6,3.1,52,53,100,23,5,0.9,3
Black,7.2,2.6,81,115,269,30,4,1.3,41
Sandy,4.7,6.8,100,132,269,52,1,1.3,35
Loamy,5.0,5.8,46,13,229,54,2,0.2,60
Clayey,4.5,2.7,67,27,28,43,4,3.6,0
Black,8.5,3.6,136,139,118,80,5,4.9,0
Sandy,7.7,4.5,46,64,55,88,1,1.5,13
Loamy,7.6,4.7,163,65,76,21,1,0.2,48
Clayey,6.5,7.2,179,79,82,16,5,4.6,2
Black,5.7,3.7,25,104,295,78,4,1.1,29
Sandy,5.1,7.4,159,58,232,37,5,0.1,30
Loamy,5.6,4.1,119,35,39,34,2,1.2,63
Clayey,6.0,6.2,160,32,266,75,1,0.6,55
Black,7.5,7.5,184,94,25,60,3,3.7,36
Sandy,6.7,7.4,140,10,92,82,1,0.1,33
Loamy,4.8,1.4,21,38,126,43,5,2.3,12
Clayey,4.6,2.4,32,96,112,55,5,2.5,0
Black,4.9,4.3,120,112,238,56,3,3.9,31
Sandy,6.1,4.0,148,13,68,41,3,2.7,33
Loamy,8.2,5.5,61,97,196,21,1,0.7,44
Clayey,7.0,7.6,187,102,127,28,5,2.2,16
Black,7.7,1.8,194,16,84,56,1,4.7,16
Sandy,6.4,4.2,136,20,73,47,4,1.3,38
Loamy,5.9,2.3,183,75,49,19,5,1.6,39
Clayey,4.9,7.3,38,139,265,19,1,4.4,0
Black,8.0,7.8,130,7,229,50,5,4.0,20
Sandy,7.6,4.4,183,9,240,64,5,1.5,20
Loamy,5.2,1.7,153,42,189,80,2,3.6,31
Clayey,6.5,6.5,188,83,233,83,1,0.5,55
Black,6.4,5.9,110,103,88,52,5,2.8,45
Sandy,7.0,3.5,20,6,253,47,3,4.4,0
Loamy,8.3,7.2,148,104,34,36,3,4.2,26
Clayey,6.8,7.8,190,146,153,41,2,1.1,47
Black,6.7,4.9,98,143,225,80,5,2.7,28
Sandy,4.7,5.0,67,136,43,57,1,2.1,24
Loamy,4.8,3.1,28,51,104,35,1,2.8,32
Clayey,5.2,5.1,169,120,161,67,3,0.5,42
Black,4.6,4.1,59,98,159,85,4,4.9,0
Sandy,7.5,3.1,131,104,141,33,5,2.9,8
Loamy,7.4,1.5,81,24,198,63,2,0.7,50
Clayey,5.0,2.8,64,20,227,55,2,3.2,23
Black,7.8,2.4,178,140,185,67,5,0.1,29
Sandy,5.1,4.8,108,68,60,41,5,0.1,23
Loamy,5.7,5.2,79,108,141,25,2,1.0,46
Clayey,5.5,5.3,158,137,63,79,2,1.4,33
Black,6.0,3.7,126,42,94,74,1,1.4,59
Sandy,5.5,3.9,35,23,291,22,2,2.3,17
Loamy,6.5,6.8,138,78,185,15,3,2.6,56
Clayey,6.1,4.3,164,145,269,21,2,2.2,48
Black,8.4,7.9,187,141,105,18,2,1.9,38
Sandy,4.7,4.1,123,21,156,68,3,3.4,13
Loamy,5.1,5.5,74,99,58,76,3,1.3,41
Clayey,4.7,1.4,19,49,106,33,5,3.2,0
Black,7.0,5.6,104,92,174,24,2,4.8,24
Sandy,4.7,7.0,130,46,179,72,3,2.4,13
Loamy,7.8,7.6,135,55,83,59,1,2.6,52
Clayey,6.5,8.0,46,117,242,30,4,3.7,23
Black,6.6,3.0,78,137,165,10,3,2.6,28
Sandy,6.7,5.0,50,12,223,20,4,0.8,15
Loamy,5.2,4.2,183,41,86,76,2,3.1,42
Clayey,5.3,4.9,54,51,24,31,1,2.6,33
Black,5.8,2.1,132,104,78,83,1,4.8,26
Sandy,6.9,7.0,135,93,95,16,5,0.6,13
Loamy,5.3,7.4,36,137,279,58,5,2.7,37
Clayey,5.0,4.1,93,90,267,10,2,3.1,24
Black,8.4,3.0,145,29,35,74,3,3.1,16
Sandy,4.6,2.0,58,130,94,72,1,0.4,5
Loamy,7.7,5.8,105,120,195,73,2,1.7,47
Clayey,7.7,3.2,130,124,155,35,2,1.4,31
Black,5.7,7.4,123,34,296,26,3,3.4,36
Sandy,5.0,5.7,23,52,187,20,1,3.7,8
Loamy,5.1,5.5,71,98,49,76,1,1.1,51
Clayey,7.3,4.9,52,59,288,19,1,4.1,15
Black,7.1,1.3,164,50,20,75,5,2.5,16
Sandy,7.6,7.5,105,35,190,41,1,1.4,37
Loamy,8.2,5.4,36,96,148,25,4,1.6,22
Clayey,7.3,8.0,77,78,187,35,3,1.4,35
Black,5.1,4.8,136,60,80,83,1,3.1,42
Sandy,5.5,6.0,57,126,136,65,3,2.7,17
Loamy,7.9,1.4,76,61,142,18,3,4.7,0
Clayey,5.3,5.4,34,21,279,14,4,1.4,19
Black,4.8,6.4,128,143,245,16,1,1.7,50
Sandy,7.3,6.4,161,21,205,74,3,0.1,30
Loamy,6.1,6.4,18,109,104,21,1,1.6,55
Clayey,8.2,2.6,145,142,237,89,4,1.3,12
Black,7.1,7.8,104,138,162,57,5,2.1,46
Sandy,4.9,8.0,68,85,109,81,5,2.5,0
Loamy,8.3,1.5,26,20,287,34,5,3.4,8
Clayey,5.5,7.6,180,107,95,22,5,1.0,18
Black,5.8,3.0,104,94,88,50,2,2.8,54
Sandy,6.1,5.8,141,8,179,19,3,3.7,20
Loamy,4.7,3.4,110,66,27,49,2,1.3,48
Clayey,6.5,7.8,145,60,238,42,1,1.8,65
Black,5.0,1.7,51,37,107,44,5,1.1,24
Sandy,6.1,4.5,58,35,160,46,1,0.6,48
Loamy,5.9,4.0,15,139,48,25,4,3.8,19
Clayey,7.6,3.3,82,137,32,81,3,1.3,6
Black,7.7,5.5,179,5,82,42,4,1.9,38
Sandy,5.1,1.9,41,49,194,62,3,1.3,17
Loamy,6.0,6.0,152,51,235,44,4,0.3,70
Clayey,6.0,7.9,91,34,254,64,4,3.7,28
Black,5.1,6.6,78,85,106,85,3,3.3,23
Sandy,7.7,7.0,123,28,93,88,1,2.4,19
Loamy,7.3,3.5,36,35,88,26,4,3.4,13
Clayey,5.3,3.3,75,32,88,36,3,4.2,3
Black,6.0,4.6,196,136,242,30,3,3.1,59
Sandy,4.9,1.3,165,43,141,30,4,4.5,0
Loamy,7.0,7.6,161,87,282,26,1,1.1,65
Clayey,5.0,2.0,60,75,240,36,5,4.4,0
Black,8.4,7.3,158,13,183,85,2,2.8,34
Sandy,7.6,1.6,168,26,282,57,5,4.2,0
Loamy,6.1,6.8,84,131,111,53,4,3.7,40
Clayey,6.8,2.1,59,6,285,45,4,0.4,22
Black,8.1,1.3,101,95,93,37,3,4.2,9
Sandy,6.7,6.0,121,20,109,34,1,1.8,43
Loamy,5.2,3.0,177,9,148,82,1,2.2,50
Clayey,6.0,6.0,77,144,68,56,4,0.2,36
Black,7.9,4.9,115,19,105,32,1,3.8,35
Sandy,7.1,1.8,153,71,163,84,2,2.4,18
Loamy,7.1,7.5,85,77,154,59,1,4.7,39
Clayey,8.0,4.2,95,96,134,74,1,1.5,23
Black,8.1,6.1,116,67,296,25,3,2.5,35
Sandy,8.2,4.5,65,104,85,59,4,2.1,9
Loamy,4.9,5.2,89,29,206,22,1,4.0,29
Clayey,6.7,3.1,33,45,220,89,4,2.7,6
Black,7.5,2.4,37,32,157,89,1,2.4,34
Sandy,7.5,4.8,130,115,71,44,1,4.7,16
Loamy,6.9,4.1,102,25,232,41,1,2.0,75
Clayey,5.2,3.7,94,65,177,34,3,2.5,28
Black,7.7,5.7,121,107,225,52,1,2.8,52
Sandy,7.4,5.8,131,143,155,37,5,0.4,27
Loamy,4.8,1.3,98,79,94,75,2,2.7,19
Clayey,6.4,3.4,40,5,88,76,1,1.7,32
Black,5.2,3.9,152,113,68,42,5,3.3,26
Sandy,5.8,1.7,120,81,221,56,4,3.3,22
Loamy,4.6,2.7,51,21,81,44,3,3.6,16
Clayey,6.1,1.4,111,115,186,73,4,2.1,25
Black,6.7,8.0,59,23,224,21,3,0.6,41
Sandy,7.0,6.2,133,78,168,62,4,2.3,29
Loamy,7.2,1.6,142,63,140,53,4,2.8,34
Clayey,7.8,1.1,185,119,116,55,2,0.2,21
Black,5.4,6.0,22,42,72,20,2,2.8,28
Sandy,5.0,4.1,41,35,28,79,2,2.1,17
Loamy,7.9,6.5,88,110,270,55,4,2.4,40
Clayey,5.1,7.5,100,115,143,68,3,1.6,33
Black,8.4,5.2,167,54,141,68,2,2.5,43
Sandy,7.9,2.3,15,130,218,43,3,4.4,0
Loamy,6.5,6.5,34,107,114,30,3,4.0,37
Clayey,8.4,7.7,165,63,49,81,1,3.1,17
Black,4.9,5.1,199,125,111,61,5,3.2,21
Sandy,5.7,5.8,159,149,103,57,4,4.5,3
Loamy,7.1,3.4,77,99,34,87,5,2.5,21
Clayey,5.9,3.7,152,98,162,28,4,2.7,26
Black,8.2,6.1,35,56,228,13,3,4.3,6
Sandy,4.8,7.5,27,146,42,41,5,3.8,0
Loamy,6.7,5.4,82,20,163,37,1,2.2,64
Clayey,6.9,6.5,71,59,106,85,5,1.6,11
Black,7.1,2.2,77,141,212,67,5,2.6,28
Sandy,5.5,2.5,57,140,192,83,1,0.7,20
Loamy,6.0,4.7,187,113,282,50,1,3.4,71
Clayey,7.9,2.2,72,98,69,42,2,2.4,13
Black,5.3,5.4,143,11,67,23,4,3.0,28
Sandy,7.8,3.0,195,137,68,62,3,4.2,0
Loamy,6.8,6.5,60,144,187,85,5,1.8,33
Clayey,7.5,6.7,21,85,186,51,5,2.5,15
Black,7.4,4.2,184,92,101,45,3,2.8,45
Sandy,5.3,2.3,135,112,82,34,1,1.5,34
Loamy,6.8,5.5,18,87,247,61,1,1.4,62
Clayey,8.0,7.9,16,49,233,49,5,2.7,4
Black,6.2,5.4,166,84,149,79,5,1.4,43
Sandy,8.4,1.3,188,29,173,89,3,4.3,0
Loamy,6.3,1.1,192,31,261,71,3,5.0,23
Clayey,5.1,3.2,196,55,115,18,4,1.1,17
Black,6.1,2.4,193,123,251,87,1,2.9,53
Sandy,8.3,6.7,159,112,257,78,2,0.8,25
Loamy,5.8,6.9,155,64,37,30,2,1.0,73
Clayey,8.0,2.8,67,76,265,62,3,3.9,1
Black,8.0,3.3,49,84,79,79,4,1.1,12
Sandy,5.9,2.7,98,76,149,10,5,3.8,0
Loamy,4.8,7.4,40,100,68,40,3,2.1,36
Clayey,7.4,4.5,193,130,185,54,3,2.4,38
Black,5.7,5.6,172,100,187,37,3,1.4,57
Sandy,7.6,3.9,35,143,272,12,2,2.8,2
Loamy,6.3,5.4,115,113,83,49,3,1.7,68
Clayey,6.4,3.7,93,10,52,13,4,1.0,24
Black,7.6,3.4,171,26,77,79,2,0.8,33
Sandy,6.0,5.4,85,107,83,85,4,5.0,0
Loamy,6.3,5.1,153,16,144,21,2,1.8,63
Clayey,6.0,3.1,132,31,80,71,4,4.0,7
Black,6.0,2.0,51,133,268,80,1,1.8,52
Sandy,6.6,3.6,142,84,157,57,1,3.2,30
Loamy,7.7,3.9,70,64,85,16,2,4.2,9
Clayey,5.9,5.4,53,120,198,66,1,3.5,38
Black,6.6,7.4,44,74,190,65,5,0.4,37
Sandy,7.2,1.3,117,40,262,76,4,1.0,13
Loamy,5.6,2.7,100,133,139,22,2,4.4,17
Clayey,5.6,2.4,137,56,211,61,1,2.4,43
Black,8.2,4.5,10,134,206,72,2,3.0,21
Sandy,7.4,4.0,52,141,246,50,5,0.2,18
Loamy,6.8,6.1,41,115,285,84,2,2.5,45
Clayey,7.1,2.7,112,92,211,32,2,2.2,41
Black,4.6,5.2,42,52,259,56,3,3.5,25
Sandy,7.0,7.2,104,109,113,74,3,1.4,23
Loamy,6.5,7.4,118,46,145,40,3,3.7,51
Clayey,6.7,7.7,75,98,118,45,3,3.4,17
Black,5.9,6.4,39,49,262,23,4,2.6,38
Sandy,4.8,7.3,19,134,39,46,5,1.9,0
Loamy,5.3,2.6,32,108,136,41,2,1.6,44
Clayey,8.3,2.4,106,111,118,62,5,2.7,3
Black,6.1,1.0,48,43,174,37,2,2.9,41
Sandy,6.4,5.9,182,138,204,74,3,2.3,37
Loamy,4.7,7.6,132,31,22,56,4,1.7,43
Clayey,4.7,2.3,166,147,176,80,2,4.4,0
Black,7.4,5.5,167,23,194,89,2,1.6,52
Sandy,6.7,6.2,171,68,88,41,1,3.4,29
Loamy,6.5,7.5,189,55,40,33,4,4.5,38
Clayey,5.5,5.5,112,61,137,23,4,3.3,10
Black,7.5,7.8,31,24,296,56,4,1.9,44
Sandy,5.2,3.4,14,24,149,88,5,1.6,0
Loamy,5.3,3.4,148,86,225,10,3,4.3,27
Clayey,6.3,4.8,169,105,216,28,1,2.5,50
Black,5.6,3.7,161,42,154,67,5,3.0,33
Sandy,5.5,1.0,148,42,222,16,3,3.0,8
Loamy,7.1,6.1,148,69,54,86,2,2.7,46
Clayey,7.1,6.3,154,80,49,73,1,4.7,11
Black,7.8,6.2,169,137,276,27,5,4.7,3
Sandy,6.2,3.4,92,127,201,72,1,0.3,40
Loamy,4.8,4.7,164,129,227,77,3,2.6,39
Clayey,5.6,3.5,41,31,148,59,5,2.9,4
Black,8.4,1.1,70,107,82,77,5,4.6,0
Sandy,6.9,4.9,34,24,96,25,1,0.4,22
Loamy,7.3,1.9,73,64,34,23,2,4.0,16
Clayey,4.5,1.6,165,87,78,71,2,3.2,0
Black,6.6,6.3,177,10,170,87,2,3.7,35
Sandy,4.7,1.1,100,116,127,16,3,1.5,0
Loamy,6.8,7.7,151,143,126,65,1,3.8,50
Clayey,8.2,4.6,51,118,158,23,3,1.5,13
Black,8.4,7.9,48,88,299,51,3,3.4,26
Sandy,6.7,1.4,11,26,91,79,2,4.0,0
Loamy,6.3,5.1,90,88,130,71,2,3.9,38
Clayey,8.3,3.4,10,51,245,52,2,2.8,13
Black,7.2,6.9,118,106,125,66,1,2.1,62
Sandy,4.8,3.5,169,84,178,84,1,1.3,22
Loamy,6.4,2.8,134,29,169,40,2,0.3,70
Clayey,5.5,7.0,73,95,33,60,3,0.3,31
Black,6.4,3.6,168,71,24,76,1,2.2,56
Sandy,6.3,1.1,195,149,146,10,5,0.6,11
Loamy,6.8,3.7,91,44,292,89,3,0.6,46
Clayey,5.9,5.6,87,34,230,53,3,1.1,49
Black,5.2,2.8,120,63,236,59,4,2.5,43
Sandy,6.5,4.0,151,32,98,69,1,3.0,40
Loamy,7.8,1.4,25,51,112,12,5,3.5,0
Clayey,7.2,5.1,63,121,257,81,1,2.5,32
Black,5.9,6.3,150,87,253,89,3,3.4,46
Sandy,8.2,3.9,133,61,196,63,1,4.3,10
Loamy,8.1,3.9,89,133,274,11,3,1.9,35
Clayey,5.3,1.6,88,33,151,38,5,3.5,0
Black,4.7,2.4,168,68,284,25,3,3.3,19
Sandy,7.5,2.1,158,103,198,68,2,3.2,21
Loamy,7.8,4.4,136,41,165,20,3,3.0,32
Clayey,8.4,4.7,167,132,162,33,2,3.7,20
Black,8.1,7.6,32,139,39,41,5,4.1,1
Sandy,6.9,1.5,47,94,77,83,5,2.0,0
Loamy,6.6,5.2,166,91,85,63,3,3.3,45
Clayey,4.6,4.7,86,68,32,65,2,1.3,27
Black,5.5,4.6,41,22,81,80,3,3.8,15
Sandy,6.3,7.1,121,33,65,89,5,4.4,0
Loamy,7.0,2.4,199,118,112,52,2,3.8,37
Clayey,6.7,1.3,115,64,242,62,4,2.5,23
Black,7.5,5.7,100,58,42,10,4,0.8,33
Sandy,5.6,3.4,107,76,86,70,5,4.4,0
Loamy,6.8,1.1,54,62,133,43,2,4.1,21
Clayey,4.9,2.8,58,40,225,70,3,3.5,4
Black,6.2,3.2,170,149,85,70,5,4.3,24
Sandy,7.5,5.3,13,84,69,17,5,2.7,0
Loamy,7.3,2.2,155,19,160,63,1,5.0,33
Clayey,8.5,3.9,73,44,277,62,3,4.2,2
Black,5.6,4.4,165,85,53,29,3,0.9,43
Sandy,6.5,4.2,117,55,272,55,4,2.1,44
Loamy,5.8,7.8,130,145,88,40,1,0.9,78
Clayey,6.3,1.3,195,101,208,35,3,1.2,43
Black,7.9,7.7,99,147,172,72,3,2.6,26
Sandy,7.2,5.1,65,121,222,29,4,1.9,17
Loamy,8.0,6.6,29,137,96,31,1,4.6,20
Clayey,5.3,4.0,86,6,210,66,1,0.1,46
Black,8.0,4.2,171,119,47,66,2,0.2,48
Sandy,4.7,7.2,96,82,232,35,5,4.6,0
Loamy,8.1,7.3,147,97,75,26,2,1.3,43
Clayey,5.8,2.7,124,81,131,36,1,0.1,51
Black,5.8,2.4,103,64,262,76,4,2.2,45
Sandy,6.5,4.5,159,100,173,65,2,1.1,52
Loamy,8.3,7.3,142,102,174,33,4,0.4,47
Clayey,4.7,3.3,181,60,290,34,1,2.7,32
Black,5.9,5.6,123,122,69,19,4,0.8,48
Sandy,7.9,6.0,18,123,87,45,2,4.2,0
Loamy,6.1,6.5,52,42,151,54,1,1.6,73
Clayey,5.3,4.9,13,106,177,26,1,1.2,29
Black,6.2,3.8,179,55,284,87,2,3.7,44
Sandy,6.0,7.8,74,131,189,67,5,4.3,7
Loamy,8.2,5.3,107,107,289,32,2,0.6,60
Clayey,7.5,6.1,178,133,239,17,2,0.8,40
Black,6.5,3.4,64,89,59,59,3,2.4,46
Sandy,8.5,5.7,155,107,98,25,1,3.0,13
Loamy,6.4,2.8,153,22,258,52,3,0.5,68
Clayey,4.7,2.7,96,31,79,55,3,1.9,16
Black,5.5,6.0,183,96,256,58,3,4.5,35
Sandy,6.2,4.6,173,76,95,24,4,4.4,3
Loamy,5.1,5.8,99,99,58,58,2,1.6,58
Clayey,8.3,2.9,53,80,218,30,3,1.2,19
Black,7.6,5.2,14,10,124,84,4,3.0,5
Sandy,5.6,4.1,38,94,89,15,4,0.6,7
Loamy,6.9,5.2,135,84,77,64,1,1.2,68
Clayey,7.4,3.0,13,87,198,89,2,0.9,18
Black,8.3,6.0,108,86,241,85,5,1.1,30
Sandy,8.0,6.6,58,49,163,24,2,1.2,13
Loamy,6.6,2.8,94,75,46,20,4,3.2,19
Clayey,7.6,3.1,145,11,180,48,2,2.5,26
Black,6.7,5.6,131,148,170,83,1,4.3,34
Sandy,6.7,5.9,189,130,192,60,2,3.7,25
Loamy,5.0,5.9,125,62,230,46,4,2.5,55
Clayey,5.0,5.8,158,61,41,58,4,1.6,33
Black,6.6,3.7,164,115,52,66,3,4.2,27
Sandy,5.6,3.8,175,146,128,74,4,0.5,14
Loamy,4.6,2.8,142,60,66,26,1,3.4,27
Clayey,7.4,2.1,94,16,115,72,4,0.7,9
Black,4.6,5.8,70,97,144,23,2,2.7,23
Sandy,6.9,1.7,145,19,44,47,5,4.5,0
Loamy,6.7,7.6,95,12,101,34,4,1.3,48
Clayey,8.4,6.8,27,57,77,46,1,0.5,26
Black,6.4,7.0,141,141,45,65,1,1.8,73
Sandy,4.8,7.3,13,96,63,16,1,2.4,6
Loamy,6.7,3.9,174,11,104,20,1,3.7,37
Clayey,7.9,6.9,136,48,41,83,2,0.2,23
Black,8.5,2.1,152,18,245,87,3,0.7,31
Sandy,6.2,1.2,175,79,56,44,5,2.1,20
Loamy,5.8,6.5,164,119,120,45,3,0.6,68
Clayey,8.1,1.5,57,96,161,79,3,4.8,0
Black,5.3,7.9,55,138,23,61,3,2.6,38
Sandy,7.0,5.7,55,77,43,78,2,1.9,19
Loamy,6.1,6.3,57,134,210,51,5,4.9,26
Clayey,4.7,2.7,196,35,288,80,4,3.3,0
Black,5.9,5.7,129,130,46,24,4,2.6,42
Sandy,5.6,1.3,141,123,100,30,5,1.3,11
Loamy,7.2,6.9,28,31,140,10,5,1.3,26
Clayey,8.3,2.2,194,114,88,77,1,1.9,19
Black,5.6,5.9,28,110,91,20,3,3.8,13
Sandy,7.7,2.6,51,124,265,19,1,4.1,0
Loamy,4.7,1.5,101,86,265,54,2,1.0,49
Clayey,6.7,4.4,14,56,272,65,2,4.1,16
Black,4.8,2.2,57,18,92,28,5,1.7,5
Sandy,8.2,6.1,162,24,293,51,2,1.1,35
Loamy,7.6,2.7,35,122,35,50,5,1.1,20
Clayey,7.1,3.4,83,56,198,29,4,2.4,12
Black,7.8,5.0,199,105,59,36,3,3.9,24
Sandy,7.1,3.0,118,44,58,21,2,2.9,13
Loamy,8.4,3.6,144,72,75,87,1,2.4,39
Clayey,7.4,6.7,181,48,252,73,2,0.2,40
Black,8.2,2.3,96,138,73,47,3,2.9,20
Sandy,6.6,1.6,164,91,191,75,2,3.4,7
Loamy,5.0,3.3,179,124,208,67,5,0.6,49
Clayey,6.6,4.0,82,61,62,20,2,4.8,0
Black,5.0,4.8,65,76,23,39,4,0.5,40
Sandy,6.9,3.6,140,56,280,73,4,3.5,5
Loamy,6.4,6.5,135,15,77,57,2,2.7,66
Clayey,7.0,1.3,150,9,56,49,1,4.4,12
Black,4.5,4.0,68,135,254,77,2,2.1,33
Sandy,5.3,3.7,47,147,284,30,5,2.6,10
Loamy,6.5,5.5,94,134,34,14,5,2.8,35
Clayey,8.3,7.8,92,6,107,45,5,4.4,0
Black,6.0,4.6,95,98,118,16,1,4.0,38
Sandy,6.2,7.9,10,131,124,69,4,1.5,24
Loamy,7.4,3.1,187,130,236,65,5,4.8,21
Clayey,6.9,1.2,146,45,210,40,5,3.8,5
Black,5.7,2.2,137,34,234,34,2,0.2,56
Sandy,6.1,3.8,62,48,217,65,4,1.0,33
Loamy,5.4,3.2,97,14,124,88,5,4.3,4
Clayey,8.4,1.7,147,34,46,83,5,3.3,0
Black,5.0,4.0,93,79,201,43,2,1.4,57
Sandy,6.0,3.4,86,53,102,53,2,0.9,37
Loamy,4.6,1.9,38,149,178,16,3,0.8,21
Clayey,5.4,3.1,45,74,249,60,2,1.7,34
Black,7.6,7.2,36,30,254,34,2,4.5,19
Sandy,5.3,3.1,155,104,37,37,3,1.8,27
Loamy,4.8,6.0,27,137,90,51,5,3.3,13
Clayey,6.4,5.3,127,115,234,36,2,0.6,60
Black,4.5,4.0,146,18,136,46,1,2.7,43
Sandy,4.8,2.7,76,55,119,64,3,1.8,9
Loamy,7.7,3.6,144,19,107,47,3,0.9,43
Clayey,7.6,5.1,67,132,172,65,5,4.0,0
Black,8.2,3.5,39,144,196,43,2,4.1,15
Sandy,7.9,2.5,82,50,151,38,1,1.6,23
Loamy,7.2,1.8,132,76,141,57,5,3.3,25
Clayey,4.7,7.2,198,99,230,81,2,2.0,30
Black,7.6,4.1,91,33,87,86,5,0.3,18
Sandy,7.9,5.4,26,136,76,55,3,2.2,8
Loamy,7.7,4.4,190,29,32,46,3,2.9,39
Clayey,6.5,7.1,143,36,212,12,2,1.6,50
Black,5.4,4.8,48,104,82,87,5,4.7,0
Sandy,7.9,4.4,162,41,172,86,2,2.8,14
Loamy,7.4,7.5,179,130,42,59,4,1.9,53
Clayey,8.4,6.0,179,142,49,30,2,3.7,16
Black,5.1,1.8,68,104,208,57,4,1.8,37
Sandy,5.4,2.2,111,31,128,67,3,0.2,24
Loamy,5.3,6.5,47,139,79,40,1,0.1,58
Clayey,7.7,6.9,168,103,85,16,3,1.6,18
Black,5.2,4.8,166,141,185,66,1,0.9,67
Sandy,4.8,4.9,113,40,160,45,5,1.8,17
Loamy,8.5,5.4,18,122,71,33,1,3.9,26
Clayey,4.6,4.1,10,23,199,33,5,1.6,8
Black,7.8,5.8,111,59,51,65,4,2.8,30
Sandy,6.0,1.8,96,88,233,70,5,4.6,0
Loamy,7.9,7.7,132,10,284,86,2,3.5,35
Clayey,6.7,6.3,56,127,36,79,2,2.9,15
Black,8.1,5.4,85,111,145,37,2,4.3,19
Sandy,8.2,3.2,19,92,101,41,3,1.7,4
Loamy,4.5,2.1,153,66,59,86,2,1.1,34
Clayey,4.8,3.9,184,148,123,87,5,3.8,0
Black,5.5,5.6,52,145,238,54,5,0.4,41
Sandy,7.2,5.4,161,124,201,78,5,2.2,18
Loamy,8.1,3.7,145,41,175,77,2,1.5,43
Clayey,6.3,5.3,84,129,197,87,4,4.9,1
Black,6.9,6.7,114,21,37,27,4,1.9,38
Sandy,5.3,1.2,35,20,160,84,3,3.4,0
Loamy,7.7,4.2,16,133,180,11,5,1.4,19
Clayey,8.4,6.3,88,89,233,12,5,4.9,0
Black,5.6,4.8,24,129,241,38,3,1.0,48
Sandy,6.5,5.6,185,5,281,57,5,4.5,15
Loamy,4.8,4.6,140,34,64,74,1,2.3,45
Clayey,6.7,7.9,153,28,206,51,3,2.2,43
Black,6.5,1.4,98,50,260,15,5,3.5,19
Sandy,5.1,4.4,106,6,244,68,3,0.6,40
Loamy,6.3,1.6,151,147,67,28,1,2.8,49
Clayey,5.8,2.1,12,33,130,61,1,1.2,36
Black,6.6,3.7,82,103,102,70,2,0.9,48
Sandy,6.8,2.1,40,66,123,11,5,4.4,0
Loamy,4.5,7.7,128,17,93,88,1,5.0,18
Clayey,7.5,7.6,84,69,74,32,1,4.9,12
Black,7.4,3.4,26,49,21,28,1,4.1,15
Sandy,6.0,5.5,186,51,261,79,2,4.6,19
Loamy,4.7,4.7,12,20,277,59,5,4.6,6
Clayey,7.5,6.7,132,130,29,70,3,1.0,38
Black,8.3,5.4,64,111,95,28,2,0.5,30
Sandy,5.5,1.0,120,7,277,31,5,0.7,18
Loamy,5.8,6.3,109,108,140,12,1,0.9,68
Clayey,5.2,6.2,49,99,234,14,2,4.1,9
Black,6.8,4.6,131,137,264,76,4,4.7,18
Sandy,5.1,7.3,49,96,199,69,4,1.8,22
Loamy,5.9,7.4,39,19,92,48,1,0.3,67
Clayey,7.3,4.7,34,41,228,37,5,1.6,24
Black,6.7,5.3,16,74,260,10,5,3.6,11
Sandy,6.0,8.0,101,143,192,31,2,4.7,25
Loamy,6.2,3.1,114,104,24,54,4,2.3,54
Clayey,6.7,3.3,187,88,236,60,5,1.7,29
Black,4.5,2.3,132,95,233,60,2,3.3,33
Sandy,4.8,7.3,90,37,57,37,2,1.1,22
Loamy,8.0,6.2,105,125,80,39,4,3.9,24
Clayey,4.8,1.7,10,34,114,17,1,2.1,3
Black,7.3,7.9,100,38,252,50,2,4.9,30
Sandy,8.2,6.1,181,137,296,34,1,4.7,13
Loamy,5.6,7.0,186,144,55,68,4,3.4,39
Clayey,6.0,1.3,16,80,20,86,2,3.3,5
Black,6.8,4.5,129,79,169,43,3,0.7,57
Sandy,8.0,5.9,140,56,234,48,4,1.5,25
Loamy,8.3,4.8,103,55,65,80,4,4.3,10
Clayey,7.5,5.7,138,62,84,55,3,1.9,38
Black,4.8,6.7,188,102,25,47,4,2.2,36
Sandy,7.2,3.6,107,129,100,42,3,4.2,6
Loamy,6.1,6.9,175,97,208,31,3,2.2,73
Clayey,6.4,2.1,52,138,170,36,4,4.3,6
Black,4.7,2.9,192,41,167,72,3,0.4,30
Sandy,5.3,1.3,194,142,47,36,3,3.5,6
Loamy,7.7,3.6,62,60,184,30,4,0.4,34
Clayey,6.3,3.7,170,87,154,62,3,4.0,28
Black,5.7,6.6,199,75,273,44,1,2.8,62
Sandy,6.0,5.6,111,70,231,56,4,2.8,37
Loamy,7.9,4.1,148,49,299,59,4,1.9,50
Clayey,7.5,5.6,189,91,99,19,1,4.5,13
Black,5.6,1.4,10,99,288,37,5,2.6,19
Sandy,5.0,2.3,23,148,34,46,2,1.4,17
Loamy,5.5,5.4,131,14,106,50,3,4.1,37
Clayey,8.2,5.5,30,144,242,70,3,4.7,0
Black,6.8,6.4,43,17,110,60,2,1.3,48
Sandy,6.6,3.8,114,85,285,17,3,3.1,15
Loamy,6.9,6.1,23,121,125,67,3,3.0,36
Clayey,6.0,5.8,177,142,272,70,1,3.1,54
Black,7.7,7.7,131,126,218,42,1,2.9,51
Sandy,6.6,2.5,172,145,75,28,1,0.6,25
Loamy,5.0,4.9,179,63,258,39,1,2.1,74
Clayey,5.0,5.2,91,132,237,87,4,4.9,0
Black,6.6,8.0,157,53,231,23,3,0.5,50
Sandy,8.2,2.4,69,10,208,45,2,3.4,5
Loamy,5.7,4.7,146,16,121,16,3,4.5,23
Clayey,8.0,3.4,124,33,162,43,4,1.1,22
Black,7.6,4.7,42,81,89,59,4,4.0,8
Sandy,5.5,2.6,58,128,84,41,3,1.3,16
Loamy,4.6,1.3,13,30,217,51,3,0.2,30
Clayey,4.9,5.0,132,72,35,42,1,2.7,31
Black,7.4,3.4,185,20,282,23,4,3.6,24
Sandy,5.3,2.3,25,57,79,37,3,1.1,12
Loamy,6.0,3.3,184,74,29,48,2,0.4,67
Clayey,6.5,1.3,35,9,27,40,2,2.8,22
Black,7.4,7.7,79,134,109,33,1,0.8,56
Sandy,5.0,5.1,46,134,56,13,1,1.0,23
Loamy,6.1,6.7,159,7,103,87,3,3.5,43
Clayey,6.4,4.0,16,99,253,18,2,3.1,23
Black,6.7,7.3,179,47,269,79,4,4.7,18
Sandy,7.8,4.4,39,137,259,33,5,1.7,9
Loamy,5.2,5.0,83,14,123,74,2,1.2,47
Clayey,7.7,4.4,130,28,230,26,4,3.3,7
Black,7.3,6.1,15,26,244,46,2,4.9,22
Sandy,6.7,5.0,33,93,298,59,3,2.8,21
Loamy,7.3,2.9,177,7,185,54,5,1.5,45
Clayey,6.1,2.0,130,148,65,29,5,4.6,0
Black,5.1,5.2,152,116,21,68,3,3.1,42
Sandy,7.2,4.4,190,8,195,68,3,1.1,37
Loamy,6.6,1.7,94,111,292,20,1,4.8,22
Clayey,7.1,3.8,142,44,137,64,4,1.4,29
Black,5.9,4.6,98,20,291,74,4,4.5,25
Sandy,8.1,6.8,45,109,192,86,1,3.1,6
Loamy,6.8,1.5,183,76,171,67,4,2.6,40
Clayey,4.8,3.4,160,92,212,53,5,1.7,20
Black,6.3,6.8,97,20,111,86,2,0.7,53
Sandy,7.5,5.5,54,122,180,23,5,1.3,8
Loamy,7.7,3.0,19,95,125,85,1,1.7,29
Clayey,6.5,6.9,63,24,248,61,4,1.5,42
Black,8.1,4.5,79,88,122,43,4,0.5,31
Sandy,5.6,4.5,94,87,151,72,2,2.9,18
Loamy,6.1,7.8,41,130,276,36,2,2.4,66
Clayey,8.1,7.6,52,55,120,21,2,0.6,14
Black,8.1,3.5,127,22,40,47,5,2.4,24
Sandy,7.2,2.0,130,85,268,65,1,0.5,41
Loamy,7.9,3.3,24,101,211,74,1,4.7,10
Clayey,4.9,1.2,75,121,92,49,1,1.4,19
Black,8.0,1.1,152,128,187,30,5,3.7,8
Sandy,5.8,3.8,124,32,81,41,3,1.3,39
Loamy,5.2,7.6,90,93,190,21,4,2.4,37
Clayey,5.5,7.1,29,145,140,35,5,4.7,0
Black,6.2,4.6,187,10,235,45,1,4.4,56
Sandy,5.5,5.0,15,110,193,25,5,3.9,0
Loamy,5.8,1.0,88,123,43,87,5,4.0,10
Clayey,5.0,2.5,134,141,157,43,3,4.1,13
Black,5.7,1.2,154,33,118,33,2,3.7,29
Sandy,6.8,6.3,129,69,76,81,1,4.5,8
Loamy,6.3,2.0,35,60,266,48,5,1.8,45
Clayey,5.9,7.1,31,34,191,73,2,2.7,29
Black,7.5,5.5,73,118,220,86,4,3.3,25
Sandy,8.1,2.6,67,100,126,38,4,1.1,2
Loamy,7.5,2.1,46,125,67,40,4,2.6,28
Clayey,5.8,5.4,87,62,65,72,5,0.7,22
Black,7.5,7.3,130,142,139,52,5,3.1,32
Sandy,5.1,6.0,37,30,79,28,3,0.6,12
Loamy,5.0,3.4,58,19,166,19,1,2.6,42
Clayey,5.9,5.1,76,93,123,65,2,2.4,42
Black,7.7,3.2,112,19,87,69,4,0.6,32
Sandy,5.5,8.0,135,101,181,52,2,2.3,39
Loamy,4.8,6.2,102,79,234,57,3,3.4,41
Clayey,5.0,5.3,178,92,137,49,4,3.0,23
Black,7.9,4.0,183,10,256,43,2,2.3,49
Sandy,7.0,5.3,96,67,237,10,1,1.9,35
Loamy,5.5,3.4,96,33,143,28,1,0.4,48
Clayey,6.7,1.2,64,52,136,10,3,4.8,0
Black,6.6,3.8,148,26,282,34,2,2.1,60
Sandy,7.1,7.5,163,31,189,77,3,2.1,26
Loamy,5.4,5.4,22,89,215,37,3,0.7,53
Clayey,8.0,1.6,173,83,169,54,3,2.7,14
Black,5.7,7.2,137,142,265,33,5,4.9,20
Sandy,7.3,2.9,73,26,210,53,1,1.3,36
Loamy,4.6,2.7,60,88,193,11,5,1.6,16
Clayey,6.0,3.1,85,87,100,32,5,1.3,26
Black,5.9,5.0,31,54,191,87,1,4.3,33
Sandy,6.7,4.8,69,133,183,71,3,2.4,15
Loamy,4.8,4.4,139,65,130,24,2,4.1,22
Clayey,7.7,6.0,65,34,226,41,3,4.3,4
Black,5.4,3.2,177,80,89,13,3,3.8,19
Sandy,7.2,6.5,165,41,117,40,5,1.4,23
Loamy,7.7,2.2,106,133,24,68,2,0.3,44
Clayey,6.7,6.5,12,147,204,80,1,0.8,32
Black,7.5,5.6,160,17,223,10,4,3.5,30
Sandy,7.1,5.8,64,49,31,78,1,3.7,8
Loamy,5.9,4.4,169,8,258,23,2,3.9,51
Clayey,7.7,5.7,93,19,299,32,1,1.3,40
Black,5.7,1.6,37,108,134,80,5,0.8,11
Sandy,6.8,7.0,133,95,229,25,2,4.6,9
Loamy,7.5,1.4,17,147,152,18,4,3.4,9
Clayey,6.0,2.0,12,43,242,40,4,3.7,11
Black,5.7,5.0,103,83,200,70,2,0.6,62
Sandy,6.3,6.2,98,64,47,54,1,2.1,47
Loamy,7.8,1.5,190,98,212,16,4,0.4,29
Clayey,8.2,7.4,166,47,275,66,2,3.3,27
Black,6.7,7.8,103,136,130,73,2,2.5,43
Sandy,7.1,5.2,98,81,213,11,2,2.3,27
Loamy,8.1,4.4,68,43,143,15,3,4.5,5
Clayey,4.9,6.2,161,58,110,70,1,3.7,21
Black,5.4,3.3,175,58,155,43,2,4.8,28
Sandy,7.3,4.5,37,66,248,26,2,0.3,24
Loamy,7.8,7.4,71,139,164,35,3,3.1,34
Clayey,7.9,7.7,60,17,261,85,5,3.2,0
Black,6.2,7.5,16,119,50,29,3,0.2,40
Sandy,4.9,2.8,32,43,280,50,2,4.0,0
Loamy,6.3,2.6,55,88,79,67,1,0.9,61
Clayey,5.4,3.1,87,109,108,63,3,3.5,11
Black,5.7,4.1,115,116,120,38,2,0.3,58
Sandy,7.6,3.2,37,76,298,57,1,3.1,12
Loamy,4.8,3.6,33,7,140,86,3,2.7,15
Clayey,7.8,5.3,16,77,262,31,4,2.5,12
Black,6.2,6.3,121,12,96,81,1,1.9,63
Sandy,6.9,6.1,88,80,292,80,2,2.2,27
Loamy,4.9,6.7,186,96,77,14,1,2.4,44
Clayey,5.8,1.2,12,110,266,61,1,1.6,40
Black,4.9,1.3,11,53,115,10,2,4.7,0
Sandy,8.3,6.5,16,47,64,54,4,4.8,0
Loamy,7.7,4.7,130,142,277,49,1,1.6,65
Clayey,6.3,5.0,30,145,278,73,2,3.9,19
Black,5.4,1.4,146,6,265,20,1,3.8,31
Sandy,8.2,2.8,149,69,259,61,5,4.4,0
Loamy,5.9,5.5,33,90,147,16,4,0.1,42
Clayey,5.1,7.0,42,101,221,60,5,1.8,25
Black,6.8,7.4,52,14,295,30,1,0.8,61
Sandy,8.3,4.5,91,67,226,48,4,2.0,20
Loamy,4.5,4.8,127,107,59,53,2,2.9,44
Clayey,5.5,6.8,14,65,75,66,5,4.6,0
Black,8.3,4.8,132,5,179,50,4,4.2,20
Sandy,5.2,4.6,80,9,115,48,4,2.5,16
Loamy,5.0,7.3,98,39,135,29,1,0.2,53
Clayey,6.8,6.5,151,129,231,31,5,1.6,35
Black,7.9,7.4,125,145,106,38,2,0.6,48
Sandy,6.4,2.5,173,31,287,55,3,3.3,29
Loamy,8.5,4.7,44,144,63,77,1,3.5,23
Clayey,7.2,6.9,117,98,102,12,4,3.3,10
Black,4.8,1.8,187,54,230,82,5,1.4,20
Sandy,8.5,6.6,88,73,28,14,3,4.6,0
Loamy,6.1,2.3,20,6,176,65,4,3.0,35
Clayey,5.6,6.7,161,106,208,76,5,3.0,15
Black,6.7,5.3,84,7,150,41,5,4.1,16
Sandy,5.7,2.4,53,134,234,50,3,0.4,23
Loamy,4.8,4.3,188,46,134,38,4,1.1,43
Clayey,4.5,5.8,154,47,142,75,3,3.0,8
Black,6.3,5.4,134,25,211,20,2,3.1,54
Sandy,7.8,4.0,94,49,167,68,1,2.4,25
Loamy,6.8,7.3,17,24,47,13,1,3.9,26
Clayey,8.5,4.6,88,47,143,63,2,1.8,27
Black,5.6,4.5,127,28,96,76,4,0.2,38
Sandy,5.6,1.4,131,86,94,11,3,1.8,12
Loamy,5.1,7.5,83,88,205,87,1,4.8,31
Clayey,5.2,2.2,37,64,58,57,2,3.9,4
Black,5.6,4.7,149,36,253,77,5,1.7,40
Sandy,7.7,6.6,180,126,267,53,1,1.2,40
Loamy,8.1,2.5,129,9,150,71,1,4.1,19
Clayey,8.4,4.7,174,134,24,28,2,1.1,23
Black,5.4,2.7,117,29,278,53,3,2.9,44
Sandy,8.0,6.3,136,90,264,40,1,2.6,34
Loamy,5.8,5.0,72,90,97,71,3,2.2,49
Clayey,5.0,7.0,110,79,134,24,2,2.2,31
Black,8.0,7.3,102,15,23,38,5,3.5,18
Sandy,7.0,5.5,72,72,150,76,1,0.6,26
Loamy,5.2,6.1,19,101,246,56,3,2.0,52
Clayey,6.2,4.8,89,112,147,16,3,4.8,4
Black,5.6,3.7,46,126,28,77,4,3.9,5
Sandy,7.4,5.5,20,46,137,10,3,0.2,10
Loamy,6.3,7.4,124,64,207,80,3,2.3,62
Clayey,8.5,3.9,99,66,158,31,2,0.7,28
Black,4.7,3.2,28,135,144,66,3,2.5,20
Sandy,5.9,3.7,61,75,242,82,4,0.6,23
Loamy,6.4,4.0,127,125,278,67,5,2.0,62
Clayey,6.5,1.5,27,24,86,36,4,2.8,12
Black,5.8,4.5,103,75,104,47,5,1.9,53
Sandy,7.4,4.5,41,135,81,85,1,2.9,14
Loamy,8.0,5.1,160,149,33,22,5,4.9,0
Clayey,8.3,3.5,149,88,141,24,5,1.3,3
Black,7.7,5.3,67,102,298,89,4,2.9,18
Sandy,7.9,7.1,30,64,142,82,2,2.4,2
Loamy,6.7,7.7,158,72,96,57,2,4.1,42
Clayey,7.8,5.1,38,109,291,24,5,1.6,4
Black,5.7,1.3,56,140,165,49,4,3.2,19
Sandy,6.1,7.8,149,115,288,39,2,3.5,40
Loamy,5.8,5.9,67,139,75,32,2,4.9,36
Clayey,6.4,3.4,178,63,237,18,4,0.8,35
Black,5.6,2.0,28,37,192,41,5,5.0,0
Sandy,8.3,2.0,149,45,59,44,1,3.6,8
Loamy,5.8,2.2,32,33,178,58,4,2.3,44
Clayey,4.9,1.3,142,109,51,54,4,1.4,11
Black,6.6,7.3,131,105,267,25,4,3.2,33
Sandy,4.7,4.8,163,68,148,41,5,0.8,13
Loamy,4.9,5.9,126,90,55,34,5,4.7,11
Clayey,5.4,6.8,72,70,85,46,4,1.0,26
Black,6.4,6.5,61,118,176,46,2,3.9,45
Sandy,6.2,7.2,19,126,62,44,1,1.8,40
Loamy,7.7,7.8,95,13,294,54,3,1.2,50
Clayey,7.5,4.1,176,33,140,17,4,4.1,2
Black,6.2,7.7,160,101,211,56,4,4.5,40
Sandy,5.8,6.1,20,78,50,45,5,0.1,20
Loamy,5.8,1.5,104,128,38,19,5,4.9,8
Clayey,7.6,5.8,81,114,92,10,3,2.2,9
Black,4.7,5.8,137,57,95,77,5,0.6,23
Sandy,4.6,7.3,57,80,207,84,5,2.3,0
Loamy,7.7,3.6,101,62,198,24,2,0.7,42
Clayey,6.4,5.1,25,138,156,88,1,1.4,40
Black,5.0,1.1,183,49,181,12,2,2.8,32
Sandy,5.4,3.3,184,121,66,41,4,1.9,22
Loamy,8.2,1.4,104,126,43,29,2,1.2,32
Clayey,7.9,4.7,57,148,193,65,3,1.1,23
Black,7.3,6.7,162,78,281,87,2,3.2,43
Sandy,6.4,2.4,86,78,249,51,5,4.6,0
Loamy,6.6,4.7,102,29,210,82,3,0.4,55
Clayey,8.4,2.4,113,128,137,69,3,1.3,20
Black,8.4,1.8,90,65,72,65,4,3.4,8
Sandy,5.4,4.6,46,102,211,56,4,4.9,0
Loamy,7.7,1.6,111,58,79,33,5,3.4,13
Clayey,5.3,5.1,38,64,30,50,1,0.4,37
Black,5.4,1.2,67,36,279,13,3,1.0,30
Sandy,7.2,1.7,103,57,289,85,5,1.8,10
Loamy,6.1,4.8,168,143,160,60,4,0.9,67
Clayey,8.2,5.1,95,122,162,10,4,1.0,12
Black,4.9,1.2,119,51,132,23,1,1.4,31
Sandy,6.5,5.0,50,94,283,19,3,1.9,30
Loamy,8.2,6.9,187,64,30,45,3,2.0,48
Clayey,8.1,6.1,53,40,118,51,5,2.5,4
Black,5.1,1.9,146,46,42,57,1,4.6,27
Sandy,6.0,5.1,196,17,258,27,2,5.0,15
Loamy,7.0,5.7,99,146,128,85,5,0.2,33
Clayey,5.1,1.3,164,119,282,69,3,2.5,28
Black,8.4,7.0,118,105,179,37,5,3.8,19
Sandy,8.2,7.3,68,126,239,62,5,0.5,12
Loamy,5.2,7.0,119,69,191,18,5,4.7,15
Clayey,5.0,6.8,115,137,113,33,5,4.7,1
Black,4.8,6.2,140,121,141,29,3,1.1,33
Sandy,8.1,5.4,16,105,216,78,1,4.0,0
Loamy,5.3,5.8,91,43,70,36,1,2.9,54
Clayey,6.2,6.6,25,144,39,49,4,0.3,31
Black,6.3,5.6,58,113,49,80,4,1.6,39
Sandy,6.9,3.3,130,18,105,63,2,1.4,32
Loamy,4.8,3.6,41,148,249,24,1,4.4,16
Clayey,5.4,7.3,98,110,176,60,5,4.5,2
Black,8.2,1.1,181,79,200,78,4,0.3,20
Sandy,8.1,5.9,28,83,131,49,5,3.7,0
Loamy,7.6,7.7,12,116,158,78,2,0.7,34
Clayey,4.6,5.9,131,71,29,52,1,4.0,18
Black,5.8,8.0,69,143,257,73,3,4.2,30
Sandy,7.0,5.8,172,15,151,16,2,0.4,32
Loamy,5.6,1.2,38,20,204,11,3,1.7,32
Clayey,8.1,6.8,84,5,227,39,1,2.0,39
Black,7.0,3.0,79,128,269,84,3,4.8,9
Sandy,4.8,4.1,92,42,108,61,1,1.9,28
Loamy,8.1,3.2,110,118,55,42,5,1.4,32
Clayey,8.3,2.9,182,102,23,18,2,3.1,5
Black,4.8,4.0,164,64,253,20,5,0.9,27
Sandy,6.6,3.7,99,23,288,85,1,3.2,19
Loamy,5.7,5.4,172,128,89,19,1,2.3,55
Clayey,6.1,6.7,156,104,26,63,5,3.7,21
Black,5.2,3.1,26,72,175,84,5,2.9,10
Sandy,6.8,2.5,44,142,93,29,5,1.0,0
Loamy,8.3,5.7,122,21,31,14,2,4.7,16
Clayey,6.5,5.7,167,84,131,33,2,2.3,50
Black,4.8,7.3,131,89,49,41,1,3.7,36
Sandy,7.0,1.1,57,96,55,40,4,2.7,0
Loamy,5.9,7.0,194,33,249,53,5,4.3,42
Clayey,7.9,4.6,26,138,296,87,3,1.8,13
Black,6.2,5.3,110,123,125,28,3,3.2,41
Sandy,5.3,1.6,24,126,269,33,3,0.5,17
Loamy,5.3,4.0,137,115,82,21,5,0.5,35
Clayey,7.6,2.6,121,91,63,59,4,4.2,0
Black,5.6,2.8,23,20,168,34,4,4.1,12
Sandy,7.6,4.5,151,136,65,60,2,1.9,28
Loamy,5.3,6.7,182,111,194,23,4,3.4,33
Clayey,5.8,6.2,106,12,173,81,3,4.2,20
Black,6.4,5.1,175,138,280,38,3,0.8,70
Sandy,8.3,4.8,128,129,152,34,5,4.9,0
Loamy,8.2,4.0,20,132,175,68,2,4.4,16
Clayey,5.3,7.8,57,57,260,66,1,3.5,31
Black,5.9,4.9,163,123,146,21,2,2.8,50
Sandy,5.1,2.8,76,95,212,59,1,4.5,11
Loamy,6.5,2.6,34,67,288,21,2,3.7,34
Clayey,6.3,5.3,198,138,141,57,4,3.0,33
Black,8.1,4.7,95,111,165,59,2,4.5,22
Sandy,8.2,1.1,119,6,171,28,5,1.1,0
Loamy,6.0,6.8,163,20,176,62,1,1.3,82
Clayey,6.5,5.9,171,106,175,44,4,4.7,20
Black,8.1,5.6,99,123,121,36,4,0.4,33
Sandy,7.7,1.5,18,63,271,76,2,0.3,1
Loamy,4.5,3.5,49,13,286,86,4,4.0,5
Clayey,5.8,7.5,16,121,78,60,3,2.1,34
Black,6.2,7.0,167,14,124,28,3,4.6,27
Sandy,5.4,3.0,127,98,288,52,3,1.6,34
Loamy,5.3,2.1,167,11,66,44,2,1.5,54
Clayey,4.7,4.1,67,97,107,24,1,4.8,0
Black,7.1,3.5,64,127,190,25,2,2.8,31
Sandy,5.6,5.8,23,67,171,78,5,3.1,0
Loamy,4.7,7.8,127,8,195,80,4,4.5,12
Clayey,5.4,3.5,86,32,164,50,3,2.0,31
Black,7.7,1.4,174,76,241,63,2,1.3,44
Sandy,7.9,7.3,133,134,34,74,2,2.9,9
Loamy,6.4,1.3,181,79,157,39,4,2.1,54
Clayey,6.2,7.7,143,77,269,28,2,0.9,50
Black,8.4,5.7,35,106,169,55,3,0.7,36
Sandy,5.3,7.6,137,133,288,69,4,3.7,18
Loamy,5.4,2.4,127,71,100,88,1,0.3,50
Clayey,5.7,1.3,151,32,84,33,3,2.7,19
Black,5.2,4.4,145,96,161,45,5,1.7,47
Sandy,6.0,4.2,33,86,266,58,5,0.8,29
Loamy,8.1,3.3,176,55,212,68,4,4.5,19
Clayey,7.0,7.7,186,60,273,23,3,3.7,18
Black,6.1,6.8,94,77,192,48,3,3.9,43
Sandy,8.2,5.6,72,30,297,17,3,2.2,10
Loamy,4.7,2.1,35,92,205,57,5,3.3,12
Clayey,5.3,6.1,19,56,243,89,4,0.5,17
Black,6.8,6.1,115,129,81,78,5,0.8,33
Sandy,7.0,4.0,126,10,103,50,2,1.7,35
Loamy,4.7,7.5,67,121,46,44,1,2.3,47
Clayey,6.1,2.2,23,16,150,73,5,0.6,7
Black,7.1,2.9,82,67,146,62,4,2.9,26
Sandy,7.3,1.4,48,40,30,63,5,1.3,2
Loamy,7.1,6.6,131,13,299,46,2,3.9,51
Clayey,5.8,5.4,168,78,216,61,2,0.1,60
Black,4.9,3.2,187,71,244,27,2,4.3,16
Sandy,6.2,2.1,153,33,283,30,2,3.7,29
Loamy,5.0,1.3,81,75,294,51,1,2.8,49
Clayey,8.3,2.2,121,94,87,74,3,3.7,0
Black,6.4,4.2,60,12,252,17,2,1.9,56
Sandy,5.8,2.7,152,47,118,48,1,0.9,46
Loamy,7.6,2.8,98,39,241,70,5,0.1,33
Clayey,6.5,7.1,47,114,143,69,2,2.8,35
Black,5.7,4.6,114,26,121,78,5,1.5,33
Sandy,7.7,6.1,88,70,283,68,5,1.1,14
Loamy,8.0,1.2,98,106,249,19,4,4.3,0
Clayey,7.2,3.6,80,98,142,72,1,3.7,9
Black,4.7,4.4,99,99,246,79,1,5.0,15
Sandy,6.8,2.3,81,45,247,16,2,3.3,7
Loamy,7.6,1.8,158,8,172,44,2,4.5,22
Clayey,5.0,7.1,25,102,168,51,2,0.7,35
Black,5.4,7.6,120,14,28,38,1,3.6,47
Sandy,8.0,1.6,76,98,243,36,5,0.5,2
Loamy,4.6,3.4,74,71,42,47,5,0.6,26
Clayey,7.5,7.7,22,142,211,11,2,4.3,5
Black,6.4,1.6,127,77,246,34,5,1.9,49
Sandy,6.3,5.5,70,149,73,75,2,1.7,30
Loamy,4.5,7.8,41,57,111,47,3,1.0,38
Clayey,7.8,7.8,149,8,34,68,5,2.5,13
Black,5.9,4.3,104,72,198,16,1,1.1,67
Sandy,6.7,2.1,50,117,23,58,4,2.7,2
Loamy,7.2,2.4,145,100,120,77,1,3.3,37
Clayey,7.3,7.2,196,106,149,50,1,3.3,35
Black,8.3,7.4,34,143,26,83,4,1.9,17
Sandy,6.6,5.3,142,48,203,60,2,3.5,30
Loamy,6.1,6.4,54,123,54,33,5,1.4,49
Clayey,8.3,6.2,139,114,251,45,1,4.1,24
Black,7.1,5.6,179,50,173,89,5,0.1,37
Sandy,5.7,6.8,175,27,83,19,4,4.8,0
Loamy,5.0,5.8,12,110,266,30,4,2.2,45
Clayey,7.9,4.7,183,130,75,36,5,1.7,18
Black,5.9,2.7,159,94,248,64,5,3.2,41
Sandy,7.1,6.2,113,102,272,14,4,4.4,0
Loamy,6.4,4.3,42,79,71,68,2,1.8,63
Clayey,5.3,3.1,41,118,34,45,5,0.4,12
Black,6.9,6.6,120,124,199,83,3,1.8,47
Sandy,4.7,5.9,26,89,96,43,3,0.1,11
Loamy,6.2,7.6,129,47,234,61,5,1.0,65
Clayey,6.7,2.2,91,92,242,15,1,0.4,31
Black,6.2,5.5,193,147,173,23,4,2.0,52
Sandy,7.5,2.7,12,134,64,68,2,0.4,18
Loamy,7.8,7.3,79,137,40,66,3,4.9,11
Clayey,7.6,1.7,186,108,100,46,3,3.9,0
Black,4.7,5.6,192,97,72,67,1,2.2,51
Sandy,5.3,6.5,127,45,176,41,5,4.0,7
Loamy,6.6,3.5,40,36,166,29,1,2.1,45
Clayey,8.2,7.7,158,110,201,88,2,3.3,17
Black,7.8,7.0,25,6,97,70,5,4.1,0
Sandy,7.9,3.1,26,14,138,66,3,3.5,0
Loamy,5.7,1.1,105,123,124,61,3,0.5,46
Clayey,6.2,3.1,138,105,21,57,4,0.3,37
Black,6.4,3.0,121,114,134,88,2,2.9,43
Sandy,5.1,7.2,111,71,51,20,3,1.1,23
Loamy,4.6,7.8,81,27,81,39,1,4.9,22
Clayey,8.3,1.5,75,102,116,69,3,0.2,10
Black,5.5,4.3,120,101,154,27,1,3.8,39
Sandy,5.5,4.8,46,10,117,86,1,0.3,23
Loamy,4.8,1.7,161,17,234,83,5,3.1,14
Clayey,8.2,3.6,100,25,103,56,5,2.2,6
Black,6.8,3.2,93,62,176,21,3,3.2,24
Sandy,7.2,4.8,120,124,126,59,3,3.8,15
Loamy,8.1,5.6,71,124,150,49,1,0.3,51
Clayey,5.9,5.9,30,140,41,73,5,2.7,8
Black,7.0,2.0,115,81,103,28,3,4.7,7
Sandy,4.7,6.7,46,102,108,36,5,1.2,3
Loamy,5.2,5.7,44,62,245,61,2,0.5,60
Clayey,7.8,7.2,175,90,125,89,1,3.9,9
Black,7.6,4.1,190,5,120,16,5,3.7,6
Sandy,5.9,7.3,152,81,167,72,3,2.0,37
Loamy,6.0,7.1,123,14,249,86,1,4.2,53
Clayey,6.6,4.1,179,73,106,64,4,2.8,25
Black,4.5,3.7,103,66,30,85,1,2.4,35
Sandy,5.5,7.5,13,17,155,40,2,4.1,8
Loamy,5.3,6.0,116,14,112,20,1,0.6,58
Clayey,5.5,7.5,176,7,172,26,5,1.2,22
Black,7.7,6.6,88,38,115,75,5,2.3,14
Sandy,5.6,5.3,32,38,81,76,3,0.5,12
Loamy,5.3,1.8,114,89,106,41,3,5.0,18
Clayey,6.5,3.0,24,62,230,33,1,1.6,47
Black,8.0,7.8,149,109,102,22,1,4.7,16
Sandy,5.5,3.2,137,13,246,31,1,2.4,40
Loamy,4.8,1.7,91,45,31,28,5,4.6,0
Clayey,5.9,6.0,130,29,172,62,5,2.3,39
Black,7.5,6.1,191,40,24,48,4,4.1,27
Sandy,6.7,3.0,97,12,95,30,4,3.8,0
Loamy,7.8,3.1,175,130,23,25,4,4.7,0
Clayey,8.3,4.3,165,118,102,16,3,3.2,5
Black,7.7,1.2,88,109,54,87,5,1.2,5
Sandy,6.9,6.5,28,97,261,35,1,2.8,30
Loamy,6.5,3.2,78,93,163,85,1,0.8,59
Clayey,4.7,7.0,141,42,99,40,4,1.7,23
Black,8.4,6.6,19,96,94,77,3,4.0,0
Sandy,6.0,5.6,149,123,234,49,3,0.2,50
Loamy,5.1,3.3,144,105,265,36,4,3.1,43
Clayey,7.2,4.6,53,117,257,18,1,3.5,21
Black,5.6,4.1,160,32,38,85,3,4.5,18
Sandy,6.8,3.4,11,103,93,25,2,3.8,0
Loamy,6.8,6.9,103,140,74,81,4,2.1,42
Clayey,6.3,4.4,125,45,102,22,1,3.9,29
Black,7.8,6.8,174,122,183,87,2,3.2,30
Sandy,5.6,1.7,78,27,186,69,5,3.0,0
Loamy,6.3,2.0,157,27,135,88,1,0.5,59
Clayey,6.7,7.8,181,36,207,69,2,2.7,43
Black,7.2,5.1,117,142,274,18,5,4.3,17
Sandy,7.6,4.6,79,85,38,62,3,2.2,13
Loamy,6.1,4.7,83,103,23,41,1,3.6,56
Clayey,7.1,2.5,188,67,209,64,1,4.5,22
Black,5.1,6.0,89,40,82,34,3,2.7,40
Sandy,8.2,1.6,107,97,288,50,1,0.5,29
Loamy,6.0,5.0,168,50,273,35,4,0.4,70
Clayey,7.4,5.0,109,31,134,38,2,4.0,23
Black,4.6,7.4,178,80,279,45,5,0.3,40
Sandy,5.3,4.7,67,105,21,12,5,5.0,0
Loamy,6.4,2.0,142,13,86,68,2,0.7,64
Clayey,8.0,5.0,170,133,151,43,4,3.9,8
Black,6.6,1.6,180,60,67,15,1,4.4,18
Sandy,8.2,2.4,156,91,62,40,3,1.6,15
Loamy,6.4,1.2,41,22,112,41,3,2.8,38
Clayey,6.5,4.6,130,46,160,51,1,4.8,34
Black,5.0,1.6,12,115,66,66,5,4.8,0
Sandy,7.7,4.3,138,77,250,82,2,4.7,0
Loamy,5.5,7.5,178,69,243,55,2,1.4,70
Clayey,8.1,6.0,57,137,56,65,5,0.4,9
Black,8.1,1.5,176,14,47,59,2,0.6,37
Sandy,8.3,2.6,142,64,177,39,5,0.8,9
Loamy,6.6,5.7,86,76,241,45,4,3.4,40
Clayey,7.2,7.3,20,56,28,35,1,4.0,15
Black,7.6,1.2,31,66,89,59,5,0.3,10
Sandy,5.0,6.7,21,121,85,11,4,4.5,0
Loamy,6.9,4.9,62,129,114,16,5,3.8,12
Clayey,4.6,4.8,64,64,200,36,4,2.7,11
Black,6.5,7.7,62,90,89,89,4,5.0,10
Sandy,5.1,6.2,30,147,253,58,4,1.4,23
Loamy,5.2,7.0,28,99,280,55,1,1.2,63
Clayey,6.0,3.5,97,11,39,35,5,1.7,28
Black,6.2,4.9,103,43,205,74,5,2.7,43
Sandy,7.0,5.3,75,11,83,11,5,2.0,6
Loamy,4.8,3.3,68,144,197,87,4,4.2,1
Clayey,6.5,5.0,186,18,254,88,2,4.5,25
Black,5.2,2.7,68,38,269,73,2,4.8,12
Sandy,6.8,2.0,160,126,59,73,5,4.1,0
Loamy,7.0,3.6,12,77,278,69,2,3.1,41
Clayey,6.7,6.2,193,68,259,18,2,3.1,29
Black,7.5,7.4,125,101,91,24,2,1.0,48
Sandy,5.8,4.2,67,16,49,46,4,1.4,30
Loamy,7.6,5.5,71,130,48,15,5,5.0,0
Clayey,6.2,1.7,155,38,106,52,5,1.4,28
Black,6.4,7.3,198,31,127,54,3,2.4,59
Sandy,7.1,5.0,135,22,49,85,3,2.0,23
Loamy,4.6,6.5,46,41,65,80,2,3.5,18
Clayey,7.1,6.6,191,139,156,37,5,1.7,32
Black,7.0,2.8,122,72,282,61,2,3.4,44
Sandy,5.7,4.7,104,84,82,85,4,4.8,0
Loamy,4.8,7.7,87,90,63,44,5,1.3,32
Clayey,4.9,1.6,151,64,270,75,4,1.9,9
Black,8.2,5.8,114,52,226,35,4,1.8,45
Sandy,7.3,7.7,14,104,78,29,5,1.6,0
Loamy,5.0,3.1,104,88,225,71,2,1.4,54
Clayey,5.9,7.0,199,99,103,10,3,3.2,26
Black,6.9,7.5,138,56,32,62,2,2.8,50
Sandy,7.8,6.2,72,81,256,86,3,2.6,7
Loamy,4.7,2.6,29,88,177,39,1,4.0,22
Clayey,5.4,3.3,52,58,123,69,3,0.8,23
Black,8.1,1.3,94,43,62,19,5,0.9,6
Sandy,4.5,6.8,103,27,198,31,3,2.6,21
Loamy,5.3,6.9,51,52,283,38,1,1.8,66
Clayey,8.3,5.4,117,117,262,78,3,1.0,25
Black,7.0,3.5,103,124,56,17,2,3.5,28
Sandy,5.5,1.5,83,131,269,62,3,2.5,18
Loamy,4.8,6.3,118,45,139,20,5,1.1,28
Clayey,4.6,6.1,124,51,211,35,5,1.4,25
Black,5.5,7.4,176,76,81,28,4,3.6,22
Sandy,8.0,6.1,199,61,229,28,2,1.7,25
Loamy,6.2,6.8,185,66,71,39,2,1.1,73
Clayey,7.4,6.2,134,90,229,45,3,4.8,17
Black,8.2,5.4,15,61,298,51,3,0.5,37
Sandy,6.1,4.0,132,76,221,65,5,0.8,37
Loamy,5.3,7.3,51,128,158,18,4,3.6,22
Clayey,6.6,5.6,67,21,38,16,1,2.2,28
Black,8.1,3.8,180,84,114,27,3,3.8,11
Sandy,7.7,1.6,19,43,149,18,2,2.8,0
Loamy,4.8,3.0,98,147,124,15,3,0.3,27
Clayey,7.3,4.8,87,21,216,79,4,3.5,9
Black,6.8,2.9,120,39,279,54,2,4.0,38
Sandy,8.1,2.5,48,37,58,31,4,2.8,0
Loamy,5.0,4.7,150,115,150,88,2,1.6,53
Clayey,6.6,2.2,176,139,173,82,3,0.2,23
Black,8.0,6.6,20,78,60,79,4,4.5,0
Sandy,6.1,4.4,119,102,141,41,5,3.6,17
Loamy,6.4,5.0,25,22,263,76,2,0.3,58
Clayey,4.8,2.0,42,27,264,25,4,4.2,0
Black,5.6,3.3,197,35,163,11,4,0.4,36
Sandy,5.8,3.9,68,18,205,76,1,3.6,22
Loamy,8.3,6.7,60,27,54,50,1,3.5,34
Clayey,5.6,6.4,24,6,230,60,3,4.6,7
Black,6.3,2.6,52,77,52,23,5,0.9,26
Sandy,7.2,5.3,36,63,178,87,5,2.9,0
Loamy,5.1,2.7,65,37,211,58,4,2.8,37
Clayey,6.4,7.9,130,144,182,58,4,0.3,47
Black,7.5,7.7,122,87,271,36,4,3.2,43
Sandy,8.0,4.9,69,39,58,48,2,1.3,20
Loamy,7.0,5.9,124,45,150,82,3,1.7,48
Clayey,7.2,6.6,118,114,115,45,3,1.3,38
Black,5.0,6.0,184,145,160,19,1,0.4,57
Sandy,8.3,5.9,121,43,289,13,4,0.9,15
Loamy,5.0,7.7,109,120,188,11,4,1.1,47
Clayey,7.6,5.2,17,76,294,88,2,2.9,8
Black,5.6,5.5,144,93,118,37,4,0.8,48
Sandy,8.2,6.9,90,145,80,35,4,4.6,0
Loamy,7.4,5.7,139,60,236,82,3,1.2,55
Clayey,7.5,6.1,154,103,96,39,4,3.3,20
Black,5.4,2.6,130,50,227,18,2,0.9,47
Sandy,6.3,3.6,13,104,64,10,2,4.0,0
Loamy,7.0,2.0,35,117,221,65,5,0.5,35
Clayey,7.6,4.5,87,115,229,65,5,3.7,2
Black,4.9,4.2,81,78,154,85,1,2.0,41
Sandy,8.3,8.0,142,73,41,70,2,2.4,24
Loamy,8.1,5.3,137,35,79,54,2,1.9,53
Clayey,5.6,6.5,14,129,78,22,3,2.1,14
Black,7.8,3.3,100,28,250,23,5,0.1,19
Sandy,6.6,6.8,78,36,202,19,1,0.2,33
Loamy,6.3,5.3,12,117,120,26,3,4.0,25
Clayey,5.8,5.9,175,20,133,26,3,1.1,38
Black,6.8,3.1,103,112,61,40,5,3.1,26
Sandy,7.4,4.8,10,28,48,55,3,3.3,6
Loamy,6.1,5.4,145,38,296,58,5,3.5,50
Clayey,7.0,5.1,22,132,116,84,2,3.0,11
Black,7.3,7.4,187,56,210,89,2,3.2,43
Sandy,7.3,7.3,121,52,57,27,5,2.9,4
Loamy,4.7,7.8,17,91,226,84,4,4.6,1
Clayey,7.9,5.7,167,123,213,20,4,3.4,6
Black,6.3,7.8,122,42,159,82,1,1.8,67
Sandy,5.5,6.8,177,134,276,64,4,1.8,35
Loamy,5.5,2.9,88,73,244,12,1,0.5,52
Clayey,6.4,4.0,131,86,47,87,5,5.0,0
Black,8.0,2.7,83,122,209,25,5,4.5,0
Sandy,6.0,1.0,136,57,264,18,5,0.3,18
Loamy,7.5,2.3,170,54,68,77,1,4.3,26
Clayey,4.9,1.0,122,78,223,54,3,0.8,23
Black,6.4,6.0,61,110,134,11,1,1.3,55
Sandy,8.5,4.0,130,54,39,31,3,3.4,6
Loamy,7.6,3.2,42,20,104,78,2,3.7,10
Clayey,5.3,6.3,82,91,272,58,2,2.6,38
Black,6.5,6.8,105,98,71,30,3,4.8,35
Sandy,5.4,7.8,46,74,167,83,3,2.5,12
Loamy,6.1,5.5,78,104,205,64,4,1.4,63
Clayey,7.6,4.2,141,148,192,13,3,0.1,22
Black,7.6,3.1,69,32,133,67,3,4.3,6
Sandy,5.4,2.6,83,90,21,79,5,2.0,0
Loamy,8.2,2.5,40,122,53,68,1,3.9,20
Clayey,6.9,3.9,23,15,180,35,3,3.9,7
Black,6.0,7.9,69,133,189,83,5,0.3,39
Sandy,6.5,1.0,77,73,113,78,3,4.1,0
Loamy,6.9,2.4,137,109,267,48,4,1.5,52
Clayey,6.7,2.3,35,40,27,10,3,4.2,0
Black,6.4,6.0,161,70,129,66,3,2.5,58
Sandy,6.5,3.5,193,138,51,57,5,3.0,18
Loamy,5.2,4.2,146,129,70,81,3,0.6,48
Clayey,7.8,2.0,44,145,187,30,5,2.0,3
Black,6.7,3.8,115,80,85,40,1,4.9,30
Sandy,5.0,1.7,33,42,50,67,5,4.6,0
Loamy,7.6,4.7,168,10,31,56,1,5.0,28
Clayey,8.2,1.7,92,130,42,32,3,2.6,7
Black,8.3,6.5,178,96,180,84,1,4.1,26
Sandy,6.0,5.0,45,32,283,89,2,2.3,32
Loamy,5.0,6.1,110,93,209,16,2,4.7,33
Clayey,6.6,3.9,43,9,260,58,5,4.9,0
Black,5.0,3.7,130,115,99,40,4,4.4,20
Sandy,8.2,1.7,48,112,290,56,3,3.1,0
Loamy,5.2,4.7,32,49,123,77,2,4.9,12
Clayey,5.5,4.6,89,116,97,44,4,4.9,0
Black,6.1,4.3,181,6,31,84,5,2.4,39
Sandy,6.0,6.2,79,94,130,43,1,1.6,46
Loamy,7.7,6.8,195,119,279,67,3,1.0,55
Clayey,6.3,6.3,68,67,215,24,1,3.4,33
Black,5.2,2.0,163,96,203,87,3,0.3,41
Sandy,5.6,5.4,31,74,165,80,2,3.8,3
Loamy,6.5,1.6,118,8,194,51,4,0.4,56
Clayey,5.1,5.9,120,61,219,27,5,1.4,25
Black,6.9,3.7,97,51,207,87,3,2.5,36
Sandy,6.8,1.9,49,112,125,47,2,0.6,18
Loamy,7.4,7.0,94,99,92,73,5,0.3,33
Clayey,8.3,5.3,103,48,291,38,3,2.5,30
Black,8.1,3.5,20,41,233,19,2,4.4,3
Sandy,8.3,1.2,126,67,205,26,5,2.1,0
Loamy,5.5,4.8,18,16,159,41,1,1.1,59
Clayey,5.0,7.5,21,21,186,70,4,2.1,24
Black,5.7,5.2,163,38,162,55,4,3.6,36
Sandy,8.1,7.8,47,136,91,80,1,0.3,13
Loamy,8.4,2.0,140,102,166,65,4,0.3,38
Clayey,7.9,5.0,135,50,120,70,4,2.4,19
Black,4.9,6.6,152,18,104,53,3,3.4,29
Sandy,8.3,4.7,184,17,162,47,2,3.1,21
Loamy,6.2,1.6,142,53,214,59,1,3.2,62
Clayey,4.5,5.1,63,71,203,83,2,0.9,22
Black,6.3,5.3,33,25,86,41,4,2.7,40
Sandy,4.7,6.1,148,55,241,62,2,2.0,35
Loamy,6.7,6.3,130,42,281,57,5,0.6,55
Clayey,5.9,6.4,128,123,41,10,1,0.7,48
Black,6.4,5.6,170,30,185,39,1,3.3,64
Sandy,7.0,2.5,83,10,121,18,1,4.8,0
Loamy,8.0,3.8,194,22,129,42,3,0.6,44
Clayey,7.1,6.4,189,118,198,35,2,2.5,42
Black,6.2,7.7,180,138,186,51,2,1.3,72
Sandy,7.8,1.6,130,61,153,83,3,1.5,6
Loamy,8.1,4.7,137,29,49,51,1,1.2,58
Clayey,5.0,3.2,53,52,105,48,3,2.8,15
Black,6.6,2.6,99,28,28,70,3,0.4,40
Sandy,5.6,4.5,173,91,155,56,4,3.7,15
Loamy,4.7,5.2,21,49,155,51,1,3.1,39
Clayey,7.2,1.1,193,47,159,57,5,2.0,20
Black,8.0,6.5,12,76,62,61,4,1.2,25
Sandy,5.2,6.7,59,74,124,42,1,2.7,27
Loamy,7.7,7.8,166,37,50,36,1,4.8,30
Clayey,7.9,2.3,117,101,189,52,1,3.6,17
Black,8.2,5.2,25,49,180,38,2,1.5,40
Sandy,5.6,4.0,177,11,294,28,1,3.7,20
Loamy,8.1,3.3,36,110,272,37,1,2.6,42
Clayey,5.8,5.0,132,74,238,19,5,0.3,35
Black,6.7,6.5,79,49,132,76,1,3.1,35
Sandy,4.7,1.2,51,41,239,25,3,1.2,0
Loamy,4.7,7.8,194,143,202,10,1,2.1,54
Clayey,7.4,6.7,147,12,279,13,1,2.4,41
Black,6.3,6.3,134,137,31,78,1,4.0,43
Sandy,5.5,6.3,175,12,265,13,2,2.9,26
Loamy,5.3,3.7,145,9,269,29,4,1.8,46
Clayey,7.2,6.3,155,14,77,72,2,3.3,20
Black,4.5,3.7,154,19,20,44,5,1.0,29
Sandy,7.7,7.3,67,60,222,54,5,4.1,0
Loamy,4.8,2.2,115,118,63,66,3,1.1,39
Clayey,5.3,3.0,75,59,114,33,3,2.8,17
Black,6.0,4.9,181,135,28,29,5,1.1,43
Sandy,6.4,3.2,93,45,281,37,4,1.7,34
Loamy,5.9,4.0,18,142,272,47,4,2.2,52
Clayey,5.8,4.4,185,139,115,33,5,1.9,38
Black,8.4,7.0,176,119,149,33,1,4.7,26
Sandy,7.1,4.7,114,67,55,79,2,1.2,28
Loamy,4.6,3.5,98,92,124,34,2,1.0,43
Clayey,6.2,2.7,98,38,218,78,1,2.6,37
Black,8.0,3.9,97,126,49,26,4,4.7,0
Sandy,5.7,4.6,15,104,112,67,2,2.6,19
Loamy,4.9,6.2,167,111,255,82,2,4.8,22
Clayey,7.5,1.8,132,66,214,29,3,1.0,25
Black,6.9,2.6,83,142,275,11,4,0.2,31
Sandy,6.8,3.7,112,104,50,18,5,1.6,9
Loamy,4.7,3.5,155,58,44,72,5,3.2,11
Clayey,5.1,3.7,180,42,20,77,1,3.0,24
Black,7.0,6.6,42,118,137,15,2,1.3,38
Sandy,5.3,3.3,190,29,184,20,5,3.3,0
Loamy,6.5,4.5,193,69,132,30,1,4.2,56
Clayey,6.7,5.4,156,104,214,72,3,3.5,20
Black,5.6,2.6,96,147,159,39,4,3.7,22
Sandy,8.3,6.0,78,21,39,30,2,1.6,21
Loamy,7.9,4.8,133,33,250,32,2,2.7,53
Clayey,7.4,4.1,35,9,98,70,1,0.3,37
Black,4.8,6.7,166,15,147,39,2,1.9,48
Sandy,4.9,2.7,161,85,104,55,4,4.1,0
Loamy,6.5,7.2,15,37,83,69,5,4.0,25
Clayey,5.1,4.9,191,53,293,27,1,4.7,18
Black,8.4,5.3,48,125,272,71,4,4.8,0
Sandy,5.1,7.1,13,22,113,54,2,4.9,0
Loamy,6.4,6.7,137,119,169,70,5,0.9,62
Clayey,6.0,5.2,67,9,176,68,4,0.7,39
Black,7.1,6.3,57,49,235,44,5,4.4,16
Sandy,5.0,4.0,69,124,279,31,5,2.0,19
Loamy,6.2,4.8,35,132,119,33,1,1.9,67
Clayey,5.6,1.4,86,42,141,60,2,2.7,19
Black,8.1,1.6,177,113,151,74,3,2.3,23
Sandy,4.7,6.8,95,100,24,24,3,1.2,8
Loamy,8.2,1.4,132,98,252,37,3,4.2,22
Clayey,7.8,2.2,65,33,186,51,4,4.6,0
Black,5.7,6.6,48,141,76,29,3,3.8,15
Sandy,7.7,1.0,90,27,50,52,2,0.3,10
Loamy,4.6,3.0,176,135,26,89,3,0.7,32
Clayey,8.4,5.1,185,90,31,78,5,1.8,8
Black,6.6,5.2,34,62,29,72,5,2.8,14
Sandy,5.7,6.4,171,15,176,52,5,3.1,16
Loamy,6.0,4.5,136,46,232,88,3,0.6,65
Clayey,4.8,4.6,158,135,160,11,2,4.8,0
Black,8.5,6.1,34,18,146,86,2,2.7,20
Sandy,4.7,4.5,98,50,217,32,3,2.2,23
Loamy,7.1,5.3,31,128,156,21,2,1.0,46
Clayey,6.3,7.3,32,64,198,55,3,4.8,13
Black,8.3,3.8,162,40,107,42,2,2.3,41
Sandy,5.5,3.7,163,30,286,53,1,0.7,46
Loamy,6.6,1.0,39,69,183,34,1,3.1,38
Clayey,6.4,5.3,175,134,268,44,2,1.8,60
Black,7.3,1.2,112,74,20,44,5,4.1,10
Sandy,4.8,4.5,171,130,296,74,1,2.8,22
Loamy,5.3,6.6,86,44,191,52,4,0.6,51
Clayey,5.4,4.8,82,114,281,77,3,3.8,11
Black,7.5,2.9,152,102,161,71,4,1.6,35
Sandy,5.3,6.5,104,16,112,40,2,2.1,37
Loamy,6.8,2.9,181,28,148,37,2,3.9,37
Clayey,5.4,6.1,104,36,155,20,5,0.6,22
Black,7.9,5.3,147,118,130,41,1,4.9,23
Sandy,8.3,2.2,126,51,63,75,1,3.5,0
Loamy,6.6,7.3,46,39,230,69,4,1.0,50
Clayey,5.9,2.4,16,126,266,60,1,0.4,44
Black,5.4,7.9,133,132,251,68,2,2.8,57
Sandy,4.7,1.1,41,141,189,86,5,2.0,0
Loamy,5.6,2.8,20,14,253,26,3,0.2,35
Clayey,7.1,2.4,185,69,27,77,4,3.1,4
Black,6.6,1.1,118,102,119,47,4,1.6,36
Sandy,8.3,6.1,101,14,272,73,3,1.7,20
Loamy,6.1,5.9,57,113,207,12,2,0.9,61
Clayey,7.3,6.5,54,72,142,63,4,0.8,24
Black,6.5,2.8,104,108,151,85,1,0.8,60
Sandy,6.6,4.1,42,9,255,53,1,4.4,15
Loamy,5.6,5.6,127,120,240,39,1,2.7,68
Clayey,6.3,4.1,141,9,81,84,5,2.4,24
Black,6.4,5.9,56,64,197,63,3,3.6,42
Sandy,7.3,5.4,131,69,239,57,2,1.7,45
Loamy,8.3,1.8,62,131,190,44,1,4.1,23
Clayey,5.8,6.5,135,32,101,77,1,1.1,48
Black,4.7,6.0,168,87,33,35,5,4.0,13
Sandy,6.5,5.6,168,133,289,81,1,0.4,50
Loamy,6.7,2.1,36,33,73,65,5,0.9,28
Clayey,5.2,2.9,98,68,150,85,3,4.5,0
Black,7.5,3.8,185,146,117,78,4,0.6,34
Sandy,8.4,3.0,45,36,220,89,1,1.3,14
Loamy,8.3,2.6,186,13,280,73,1,0.3,47
Clayey,5.3,6.6,168,143,240,38,3,3.0,35
Black,8.0,5.5,110,136,24,87,4,1.7,28
Sandy,7.3,5.0,131,45,136,68,5,3.2,10
Loamy,6.3,2.6,181,29,211,34,4,0.5,62
Clayey,6.7,7.4,134,149,135,81,1,2.0,38
Black,7.9,2.3,68,12,255,36,3,1.9,33
Sandy,6.4,6.6,32,62,70,31,2,2.7,30
Loamy,6.0,7.8,108,113,32,80,3,1.5,58
Clayey,6.5,6.1,77,133,237,56,5,4.9,8
Black,6.8,8.0,101,6,87,85,5,1.6,33
Sandy,5.3,5.6,179,14,250,64,1,3.5,35
Loamy,8.1,2.5,114,95,111,18,3,1.9,30
Clayey,7.2,2.4,51,121,123,63,2,2.7,19
Black,7.0,3.3,150,145,97,73,3,1.2,37
Sandy,4.9,1.0,138,67,121,48,5,0.9,1
Loamy,6.9,5.8,62,15,280,17,3,4.9,17
Clayey,5.0,2.9,177,146,245,36,1,2.8,40
Black,4.8,6.7,99,100,194,78,5,2.4,18
Sandy,6.6,3.5,183,128,107,42,3,3.2,16
Loamy,6.1,4.4,125,97,137,19,3,1.2,58
Clayey,6.9,7.8,96,106,299,25,1,4.1,19
Black,4.9,2.7,122,102,160,20,1,1.3,40
Sandy,6.2,6.0,159,30,132,28,3,2.8,25
Loamy,5.2,6.3,124,43,268,73,2,0.7,60
Clayey,8.4,2.5,189,96,108,61,5,2.9,1
Black,6.7,4.5,129,149,239,86,3,2.5,45
Sandy,7.2,3.5,37,112,70,24,1,1.5,17
Loamy,5.8,6.4,62,80,194,51,5,1.6,54
Clayey,4.9,5.4,126,71,228,88,1,0.1,35
Black,8.4,4.3,154,126,136,47,5,0.2,33
Sandy,5.6,6.5,73,115,105,58,3,3.0,16
Loamy,6.2,2.6,15,22,154,86,4,3.6,20
Clayey,7.1,6.3,151,39,285,58,4,2.8,32
Black,4.6,7.1,123,22,239,88,5,0.5,30
Sandy,7.7,7.2,137,132,205,80,1,4.7,3
Loamy,6.6,6.5,26,131,182,64,1,3.6,44
Clayey,5.6,3.9,47,88,146,31,1,1.3,34
Black,4.7,7.9,22,47,136,52,3,3.4,17
Sandy,5.1,3.7,121,86,156,59,5,0.6,23
Loamy,8.1,5.5,190,31,275,28,3,3.9,26
Clayey,7.2,2.1,146,52,283,81,4,2.5,16
Black,5.5,7.9,181,73,241,27,4,2.1,44
Sandy,4.8,5.9,136,120,169,19,1,0.1,27
Loamy,7.3,6.3,115,128,255,59,1,3.3,62
Clayey,6.8,1.5,163,20,187,58,5,4.2,0
Black,6.1,6.3,86,130,88,50,4,1.5,52
Sandy,6.0,6.4,28,18,228,24,5,0.2,18
Loamy,5.4,5.7,185,43,71,32,4,3.9,34
Clayey,7.2,3.0,167,112,286,85,2,3.2,22
Black,8.4,4.4,169,16,169,36,5,3.9,18
Sandy,5.2,1.8,87,101,32,15,2,2.7,5
Loamy,6.9,4.3,129,59,119,33,3,2.4,54
Clayey,6.2,2.7,88,138,192,18,4,1.2,24
Black,6.3,3.4,85,44,256,83,2,0.5,54
Sandy,5.5,2.1,110,95,94,71,3,2.4,10
Loamy,7.8,2.6,84,17,269,76,5,4.4,0
Clayey,6.4,1.5,129,73,97,79,2,0.4,32
Black,6.7,7.4,148,100,297,87,2,4.9,25
Sandy,5.7,4.7,92,15,261,51,3,4.7,8
Loamy,5.2,3.8,163,122,235,69,2,3.2,54
Clayey,4.8,4.7,35,65,239,57,3,4.6,0
Black,7.4,5.4,137,40,40,65,4,2.8,40
Sandy,5.3,7.5,154,142,111,14,4,2.1,17
Loamy,7.3,2.3,92,133,119,88,4,2.9,20
Clayey,6.1,3.1,53,67,285,63,2,4.4,21
Black,6.2,7.8,93,144,187,47,2,4.8,39
Sandy,6.4,3.6,160,9,77,28,1,4.2,16
Loamy,6.0,1.2,34,82,108,78,1,1.0,45
Clayey,4.9,2.0,46,40,192,82,3,3.0,0
Black,5.7,1.2,121,149,164,80,2,2.3,37
Sandy,7.2,7.9,11,17,140,33,3,2.5,15
Loamy,7.2,3.0,107,67,264,89,5,2.2,37
Clayey,5.6,7.5,41,15,285,19,2,0.4,30
Black,6.3,8.0,98,73,81,30,5,4.2,26
Sandy,5.3,5.2,192,106,108,24,2,4.9,0
Loamy,5.3,1.2,187,36,91,73,4,1.1,31
Clayey,4.6,1.6,169,14,189,22,3,3.1,0
Black,8.1,4.4,46,112,192,80,1,2.7,30
Sandy,5.3,3.8,124,58,95,49,4,4.5,0
Loamy,5.4,5.2,150,86,177,17,1,3.6,46
Clayey,5.6,4.1,191,91,232,47,2,3.8,32
Black,5.0,7.5,12,86,28,61,5,4.8,2
Sandy,7.1,4.7,179,39,22,11,5,3.4,0
Loamy,4.8,5.9,49,71,189,31,4,2.3,34
Clayey,5.0,7.3,83,69,166,13,1,0.4,36
Black,7.1,2.0,75,21,25,61,3,4.5,12
Sandy,5.9,2.6,69,46,190,16,3,3.0,11
Loamy,7.3,1.8,20,125,99,10,3,3.4,11
Clayey,6.7,2.0,129,125,243,67,1,2.6,40
Black,5.5,4.6,138,143,62,71,5,2.0,33
Sandy,7.1,3.2,163,82,264,75,5,2.6,8
Loamy,5.0,4.0,51,32,69,64,4,0.3,41
Clayey,6.6,7.9,199,43,149,22,1,4.0,18
Black,6.2,2.1,132,104,271,37,2,0.9,66
Sandy,5.6,4.8,198,15,184,23,2,1.7,32
Loamy,6.9,1.7,101,119,120,12,3,0.5,38
Clayey,8.0,3.2,71,121,294,25,5,4.1,0
Black,8.5,4.7,21,136,88,55,5,0.9,21
Sandy,6.9,7.6,164,68,63,12,1,2.1,32
Loamy,6.1,3.7,37,87,169,12,1,2.1,56
Clayey,5.4,1.5,165,6,154,50,4,1.7,26
Black,5.5,3.7,116,47,237,38,1,4.3,43
Sandy,6.4,2.0,158,45,167,49,4,3.9,14
Loamy,6.0,2.6,144,64,145,28,3,3.7,33
Clayey,8.2,5.3,104,116,268,29,3,1.2,25
Black,6.0,1.5,23,44,73,30,5,1.0,30
Sandy,6.0,4.3,176,63,242,29,5,1.3,30
Loamy,6.0,5.3,127,49,228,56,5,2.0,65
Clayey,7.8,4.0,135,46,163,53,2,2.4,30
Black,7.1,1.1,112,123,157,11,4,1.3,30
Sandy,7.0,7.9,82,135,244,52,3,2.3,31
Loamy,5.8,3.6,71,143,121,66,4,1.0,51
Clayey,7.8,6.5,21,28,118,28,2,1.4,11
Black,4.7,3.3,47,54,110,73,2,1.4,22
Sandy,8.0,4.3,195,92,223,55,3,3.7,13
Loamy,6.6,3.7,193,25,257,50,3,2.3,58
Clayey,6.1,3.4,48,136,116,76,5,3.1,2
Black,6.5,1.2,95,129,140,23,2,3.4,27
Sandy,7.2,3.5,13,47,136,29,5,0.4,0
Loamy,4.6,7.2,57,27,85,44,3,4.0,19
Clayey,8.0,5.8,144,25,150,34,2,1.5,33
Black,6.3,2.0,69,147,286,13,2,2.6,42
Sandy,5.9,5.1,177,62,111,66,1,1.8,53
Loamy,5.1,7.2,17,30,96,11,2,3.9,21
Clayey,6.3,5.9,133,63,257,75,5,1.2,35
Black,6.5,2.0,125,94,271,30,1,4.8,43
Sandy,6.1,7.1,67,49,246,61,2,2.1,46
Loamy,7.2,3.1,194,98,160,84,1,3.6,40
Clayey,6.2,4.2,44,114,73,87,2,3.2,21
Black,8.3,4.7,82,68,159,24,4,3.7,9
Sandy,6.9,7.0,124,88,165,55,5,2.8,19
Loamy,7.7,7.5,22,81,293,40,5,2.0,33
Clayey,4.9,7.5,48,31,164,71,1,1.0,22
Black,6.1,1.1,93,91,186,43,4,2.6,39
Sandy,5.8,7.5,30,16,105,45,1,0.4,41
Loamy,6.8,1.4,56,106,160,53,1,0.4,52
Clayey,7.9,2.9,11,49,64,72,3,3.1,0
Black,4.8,4.6,53,132,147,86,1,2.5,29
Sandy,4.8,4.4,39,36,136,27,2,2.6,0
Loamy,7.9,5.2,137,58,166,54,3,1.7,52
Clayey,5.4,4.4,64,117,166,48,3,4.0,14
Black,7.2,7.5,49,119,40,35,1,1.1,53
Sandy,6.7,2.7,106,36,43,87,3,3.0,6
Loamy,7.8,2.9,101,147,177,84,5,4.3,2
Clayey,5.0,7.4,33,108,67,33,3,4.2,5
Black,5.0,1.5,179,59,129,67,3,0.2,42
Sandy,6.7,5.3,37,45,78,59,2,1.5,27
Loamy,8.3,5.8,126,131,36,81,5,3.6,12
Clayey,6.2,4.5,114,44,74,48,3,3.7,31
Black,5.8,5.9,102,76,156,81,2,2.5,57
Sandy,6.9,2.2,107,118,96,40,5,1.1,14
Loamy,8.2,7.0,188,42,289,45,3,1.5,55
Clayey,7.8,2.0,159,60,199,48,1,4.0,13
Black,8.5,3.8,98,38,104,30,3,1.0,34
Sandy,4.6,1.5,87,133,158,32,5,4.7,0
Loamy,5.0,4.8,83,14,189,63,3,2.6,50
Clayey,6.9,5.7,145,20,261,45,5,1.5,35
Black,7.8,7.6,23,18,83,24,1,2.0,31
Sandy,5.6,6.2,54,94,259,11,3,1.4,21
Loamy,5.5,4.8,47,22,114,85,5,2.0,28
Clayey,7.6,7.5,169,88,165,79,2,0.7,27
Black,4.7,4.3,71,60,68,47,3,4.1,15
Sandy,6.0,4.9,105,94,164,74,1,4.8,19
Loamy,6.5,5.2,76,33,278,59,2,3.3,60
Clayey,6.7,3.9,70,26,178,10,3,4.1,0
Black,7.4,6.9,22,15,236,30,5,1.2,38
Sandy,5.9,2.3,128,45,36,66,4,0.4,29
Loamy,7.0,4.9,96,143,100,28,2,3.2,36
Clayey,6.8,6.1,92,56,203,38,5,4.1,9
Black,6.7,7.3,89,71,90,59,2,4.2,30
Sandy,7.1,7.2,56,89,109,43,3,2.7,17
Loamy,5.5,4.6,120,79,216,63,1,3.1,64
Clayey,4.8,5.5,123,140,149,41,1,1.9,38
Black,5.0,3.8,63,127,99,13,2,4.2,14
Sandy,5.4,4.3,80,10,222,39,4,3.5,13
Loamy,6.5,7.3,189,85,250,27,3,1.0,65
Clayey,7.9,7.5,81,17,106,78,5,1.5,2
Black,7.3,7.3,34,10,246,38,3,0.8,49
Sandy,7.7,2.0,32,125,25,21,4,2.6,0
Loamy,5.9,7.0,167,49,244,24,5,1.1,55
Clayey,6.1,7.6,20,110,165,88,4,0.9,24
Black,6.1,3.5,172,30,74,62,3,0.9,58
Sandy,5.3,4.6,36,8,86,44,3,1.4,22
Loamy,4.7,6.5,126,41,204,61,2,4.1,39
Clayey,6.9,4.9,76,25,166,62,4,4.7,3
Black,8.5,8.0,56,32,93,23,1,5.0,4
Sandy,5.2,4.2,187,36,158,27,4,0.3,22
Loamy,4.7,6.0,17,107,243,47,4,2.9,28
Clayey,7.6,6.5,192,30,251,47,5,1.4,25
Black,5.5,4.5,86,149,202,64,5,4.9,14
Sandy,7.8,7.0,179,120,115,20,2,4.9,0
Loamy,7.3,4.8,76,97,267,76,1,4.7,31
Clayey,8.3,3.9,157,34,151,62,3,0.2,28
Black,6.1,1.8,182,125,32,87,1,0.9,53
Sandy,7.1,3.8,44,9,89,53,1,2.8,21
Loamy,6.4,6.1,86,122,275,34,1,1.0,79
Clayey,7.0,7.4,157,10,207,71,2,4.3,17
Black,6.3,2.8,33,110,108,23,2,3.5,25
Sandy,5.3,3.5,194,128,173,56,1,1.0,42
Loamy,6.5,2.1,64,142,169,64,3,4.1,34
Clayey,6.6,5.8,146,74,151,21,3,2.5,27
Black,7.7,7.7,103,142,163,16,3,3.6,21
Sandy,7.4,5.5,153,110,266,58,2,0.8,45
Loamy,7.2,5.3,192,48,82,23,5,2.6,32
Clayey,5.0,4.9,67,60,189,38,3,3.9,15
Black,7.4,1.6,73,136,255,56,5,1.8,32
Sandy,6.5,6.1,85,17,142,23,1,1.0,37
Loamy,8.1,5.2,124,126,289,60,3,3.2,43
Clayey,8.2,5.6,58,23,27,23,1,3.3,6
Black,4.7,7.3,38,94,237,17,1,1.1,39
Sandy,7.8,6.5,127,13,193,86,4,0.4,12
Loamy,4.7,6.5,91,50,145,74,1,0.9,43
Clayey,6.0,7.5,16,60,68,46,1,1.5,45
Black,6.7,7.9,86,78,255,77,2,0.3,49
Sandy,5.1,5.1,131,44,275,25,1,4.6,14
Loamy,7.5,1.8,78,71,135,29,3,1.2,31
Clayey,4.5,4.2,99,117,298,76,2,3.7,8
Black,5.2,6.5,11,87,104,80,4,2.1,24
Sandy,6.8,1.2,170,66,139,41,4,2.6,10
Loamy,7.4,1.4,185,138,69,78,1,2.7,40
Clayey,8.2,1.5,46,33,183,39,5,3.9,0
Black,7.3,6.1,98,23,167,29,4,4.0,17
Sandy,7.2,4.5,136,118,62,67,4,0.8,28
Loamy,6.1,3.6,112,112,155,38,4,1.6,62
Clayey,4.5,1.7,39,147,265,33,3,2.9,5
Black,5.0,6.1,50,61,237,10,5,1.7,30
Sandy,6.6,3.2,13,42,253,36,1,0.8,31
Loamy,7.2,2.9,92,25,282,30,1,2.1,62
Clayey,6.2,5.6,120,55,134,26,2,1.2,43
Black,7.4,4.9,176,24,208,41,3,0.8,60
Sandy,6.6,3.5,33,6,216,53,5,1.6,14
Loamy,4.8,5.5,59,36,57,31,2,1.6,44
Clayey,5.3,2.9,46,115,31,51,5,0.6,11
Black,7.9,6.6,190,96,143,71,4,3.0,18
Sandy,7.4,2.6,34,136,63,57,5,1.6,4
Loamy,8.1,2.1,102,11,33,17,2,0.9,34
Clayey,5.0,6.5,134,7,71,11,3,4.1,7
Black,8.5,6.0,40,29,264,14,3,0.1,29
Sandy,5.3,2.3,101,116,199,37,4,2.3,20
Loamy,4.5,1.8,47,13,149,13,1,2.2,26
Clayey,8.5,6.9,136,30,119,62,2,3.4,19
Black,5.6,6.4,67,68,130,10,1,2.0,45
Sandy,7.2,3.3,190,22,111,88,4,2.6,6
Loamy,5.2,5.6,123,95,95,86,5,4.6,12
Clayey,6.8,1.9,59,6,224,15,5,0.9,6
Black,8.1,4.5,141,5,41,64,4,0.6,38
Sandy,5.8,1.1,101,52,189,61,3,3.8,17
Loamy,7.2,3.7,189,111,176,86,2,3.7,36
Clayey,5.3,1.5,168,79,241,33,4,4.6,3
Black,7.0,4.3,87,30,87,71,4,4.9,2
Sandy,5.8,4.0,151,10,180,65,2,2.0,49
Loamy,5.3,4.1,138,30,193,33,3,1.9,62
Clayey,5.8,1.3,52,47,57,85,3,4.5,0
Black,5.2,3.5,127,126,45,29,2,4.3,20
Sandy,8.1,6.3,68,133,273,43,1,1.9,32
Loamy,6.1,3.6,70,13,266,24,5,0.5,42
Clayey,5.5,6.0,50,31,30,60,2,2.9,24
Black,6.3,3.6,27,75,257,13,3,1.4,43
Sandy,5.8,4.0,197,121,126,62,1,4.6,24
Loamy,7.5,4.9,88,122,20,23,4,4.0,17
Clayey,8.4,7.7,196,7,30,74,4,4.5,0
Black,6.3,1.8,179,134,177,42,4,0.5,52
Sandy,7.9,1.2,173,128,107,59,5,4.3,0
Loamy,6.8,5.3,177,78,261,72,3,3.0,45
Clayey,5.1,7.6,39,85,151,59,1,1.2,41
Black,7.3,7.9,111,69,105,83,3,1.6,43
Sandy,6.6,4.4,20,126,129,45,5,2.3,7
Loamy,7.1,4.3,133,138,130,87,5,3.2,26
Clayey,8.1,5.5,162,106,227,80,2,1.2,30
Black,6.3,4.9,182,46,93,59,3,1.1,63
Sandy,8.1,5.4,188,115,268,50,4,4.5,0
Loamy,7.5,7.1,180,108,127,79,2,4.2,31
Clayey,6.5,6.2,75,8,23,36,3,3.9,22
Black,6.9,4.5,108,103,234,39,2,3.8,47
Sandy,5.8,4.2,184,136,198,41,2,3.9,33
Loamy,8.4,5.5,33,69,174,31,1,4.6,25
Clayey,7.2,4.2,86,45,244,78,2,4.2,12
Black,4.7,4.2,174,120,124,30,5,2.0,33
Sandy,5.8,1.1,137,139,103,65,4,2.4,22
Loamy,7.0,2.2,193,68,96,40,1,3.1,48
Clayey,4.7,4.4,103,6,222,68,2,2.4,36
Black,4.6,6.8,96,119,260,79,1,1.6,45
Sandy,6.3,3.0,133,132,214,52,4,4.3,16
Loamy,5.8,4.7,55,83,224,63,4,4.0,41
Clayey,6.3,3.4,165,105,233,27,1,2.0,50
Black,5.6,1.7,102,123,38,64,3,0.7,43
Sandy,5.2,7.7,189,78,178,38,4,0.1,32
Loamy,7.3,7.0,24,13,231,70,5,0.6,43
Clayey,6.6,1.5,182,27,72,60,5,0.9,17
Black,5.3,6.0,67,18,107,85,2,3.3,27
Sandy,5.8,3.4,81,58,179,21,3,1.2,26
Loamy,6.9,8.0,107,128,28,70,3,3.2,46
Clayey,4.8,3.1,82,49,198,80,2,1.7,15
Black,5.1,2.7,90,20,102,25,4,4.5,0
Sandy,4.8,5.0,178,106,170,21,1,2.4,23
Loamy,7.7,6.8,74,99,44,71,3,3.4,17
Clayey,7.5,2.3,177,113,244,77,3,2.4,22
Black,7.5,6.0,14,140,213,69,4,4.6,16
Sandy,7.4,1.4,37,29,137,37,1,3.5,6
Loamy,7.2,7.4,47,66,267,73,5,3.2,23
Clayey,6.4,1.6,90,81,97,81,3,3.0,11
Black,7.1,7.4,96,54,171,59,4,4.9,17
Sandy,4.7,4.4,155,38,75,35,3,3.5,8
Loamy,7.0,4.1,46,104,278,49,5,3.8,27
Clayey,7.6,7.8,164,118,42,64,2,0.5,33
Black,6.5,7.9,34,85,181,40,4,4.1,30
Sandy,5.9,5.6,92,16,284,80,1,3.0,35
Loamy,5.6,1.9,36,81,101,14,2,1.7,32
Clayey,7.1,4.5,86,79,78,22,1,3.0,22
Black,7.3,4.7,191,59,85,27,5,3.2,21
Sandy,8.0,4.6,144,96,134,59,1,1.4,33
Loamy,5.9,5.0,99,92,261,45,3,2.2,68
Clayey,7.6,1.1,36,13,128,61,5,3.6,0
Black,6.7,6.0,131,7,51,42,2,1.2,58
Sandy,8.0,6.0,68,122,232,73,3,4.2,0
Loamy,6.6,1.8,81,140,107,80,3,0.5,32
Clayey,6.6,5.0,168,34,81,78,5,2.9,9
Black,6.8,5.0,100,71,22,82,1,2.0,48
Sandy,7.5,5.8,77,59,281,39,1,0.4,43
Loamy,8.4,1.6,115,127,131,77,2,3.9,13
Clayey,4.8,5.4,13,47,31,31,5,2.8,0
Black,4.7,3.0,155,75,72,68,2,3.6,26
Sandy,8.3,4.5,72,66,167,17,4,2.0,5
Loamy,6.6,6.4,96,114,153,75,5,4.3,14
Clayey,7.0,5.9,189,33,103,46,4,0.5,33
Black,6.4,1.8,120,119,203,65,2,1.2,65
Sandy,4.9,5.1,182,6,188,70,4,4.0,2
Loamy,7.6,7.8,149,94,68,74,4,4.8,5
Clayey,7.5,2.1,145,109,127,51,3,4.2,7
Black,5.7,7.0,31,61,212,58,3,1.2,49
Sandy,5.7,5.9,100,46,233,77,2,1.8,30
Loamy,7.9,6.4,178,53,114,18,2,3.9,24
Clayey,4.8,3.0,125,22,50,17,1,4.7,0
Black,8.0,3.0,50,31,175,67,4,1.5,26
Sandy,5.5,7.3,90,122,31,63,1,2.0,37
Loamy,6.9,3.5,132,58,291,57,1,0.2,70
Clayey,8.2,1.4,66,67,244,63,5,2.6,0
Black,7.2,5.2,169,96,182,37,1,0.5,67
Sandy,6.2,1.9,136,88,63,75,1,0.5,33
Loamy,7.3,6.6,104,65,245,40,4,3.8,42
Clayey,5.9,5.5,64,86,272,22,1,1.8,47
Black,5.6,7.1,15,46,252,68,4,4.7,15
Sandy,8.5,6.5,176,100,278,40,4,3.6,9
Loamy,7.5,1.8,18,78,199,42,1,1.5,49
Clayey,7.1,3.7,41,141,242,62,4,3.4,12
Black,5.9,6.4,173,123,135,45,2,4.3,45
Sandy,4.7,3.9,137,29,24,78,2,2.2,12
Loamy,4.6,7.8,25,145,280,84,4,2.9,19
Clayey,6.7,6.2,149,51,85,43,2,1.2,43
Black,7.5,1.1,50,126,34,70,5,2.1,20
Sandy,6.6,7.2,195,137,168,69,3,2.9,28
Loamy,7.9,1.7,146,35,120,12,2,3.1,22
Clayey,4.6,2.0,134,102,286,15,1,3.6,10
Black,6.0,6.1,26,119,237,29,2,4.8,25
Sandy,5.4,7.1,119,56,61,13,5,4.2,0
Loamy,6.3,4.8,142,111,85,62,5,4.3,35
Clayey,4.8,3.0,35,90,139,80,5,2.8,0
Black,8.3,3.5,138,137,264,71,2,0.8,40
Sandy,5.4,3.4,10,16,67,47,3,3.2,2
Loamy,8.2,3.3,44,25,274,45,1,2.1,48
Clayey,6.2,2.7,18,13,174,43,3,0.3,32
Black,8.4,5.3,96,97,280,15,2,1.1,40
Sandy,6.7,7.3,47,95,36,75,3,3.8,0
Loamy,8.2,3.1,13,149,222,27,4,3.2,9
Clayey,4.5,2.3,61,108,185,36,1,4.9,0
Black,7.5,6.9,156,140,67,48,4,4.6,22
Sandy,8.1,6.2,14,66,248,60,4,3.0,2
Loamy,5.1,7.5,115,33,232,28,3,0.9,55
Clayey,4.9,2.2,57,87,235,43,4,1.7,12
Black,6.2,2.0,96,78,188,33,1,1.2,63
Sandy,8.2,4.8,47,38,41,34,4,2.4,4
Loamy,6.7,5.3,61,64,294,85,2,4.0,32
Clayey,6.6,4.4,96,108,132,79,1,4.1,12
Black,5.1,5.2,55,119,222,39,2,1.0,56
Sandy,4.5,2.3,102,136,52,88,2,2.8,1
Loamy,7.7,4.4,146,141,108,63,5,3.4,24
Clayey,4.9,5.6,59,94,153,87,5,2.0,3
Black,7.0,4.0,75,81,30,34,2,4.5,23
Sandy,8.2,5.8,47,125,46,14,4,1.9,0
Loamy,5.3,4.2,164,5,50,11,2,2.5,48
Clayey,7.2,3.3,114,77,110,89,2,3.0,17
Black,4.8,3.1,157,92,188,72,5,2.2,19
Sandy,6.9,3.9,199,49,66,63,3,4.8,1
Loamy,5.2,1.2,25,64,98,47,3,3.8,16
Clayey,7.4,5.7,88,90,21,26,3,4.2,0
Black,5.7,6.9,22,107,39,40,2,3.8,28
Sandy,6.4,3.5,123,91,125,10,2,3.0,23
Loamy,6.9,1.3,111,123,109,15,4,0.2,31
Clayey,5.2,7.9,157,46,157,79,5,3.8,4
Black,7.5,2.8,161,85,187,45,2,3.1,44
Sandy,5.7,1.9,187,14,160,17,1,0.5,27
Loamy,7.1,3.6,144,127,232,82,1,0.7,60
Clayey,5.1,6.2,96,115,51,19,5,2.5,8
Black,7.3,3.1,97,29,49,33,1,4.3,29
Sandy,5.0,5.0,38,7,63,72,1,2.8,14
Loamy,6.2,3.9,142,75,54,49,5,4.6,28
Clayey,5.5,1.8,116,32,64,11,2,4.1,2
Black,7.5,3.3,172,141,157,29,2,3.2,34
Sandy,5.5,6.1,74,15,66,42,4,1.6,21
Loamy,8.0,5.3,109,97,204,23,2,4.3,27
Clayey,8.1,1.8,124,122,37,63,1,3.3,15
Black,5.3,2.1,96,128,204,64,1,2.8,48
Sandy,7.0,5.5,83,97,91,46,4,2.6,16
Loamy,4.9,6.7,144,145,142,15,5,1.1,28
Clayey,6.1,3.4,181,103,190,42,1,0.2,57
Black,7.4,5.2,22,15,96,59,2,3.6,30
Sandy,7.1,2.2,103,39,28,84,2,4.6,0
Loamy,7.0,3.2,87,12,220,79,2,1.0,48
Clayey,5.6,1.1,133,11,262,81,1,4.7,6
Black,6.0,6.4,134,73,88,88,3,0.5,53
Sandy,4.9,3.8,47,74,258,60,1,2.8,18
Loamy,7.4,6.7,22,119,30,75,1,0.7,46
Clayey,6.5,6.0,63,128,57,70,3,4.5,15
Black,7.3,6.8,115,15,29,37,3,0.6,53
Sandy,5.5,3.0,53,95,35,53,2,1.3,23
Loamy,5.8,2.3,150,89,262,21,2,4.0,41
Clayey,5.8,7.8,162,53,266,66,2,3.5,45
Black,4.6,6.0,33,39,61,35,1,2.0,42
Sandy,5.9,6.8,133,92,253,34,5,4.2,18
Loamy,7.7,1.1,38,113,63,24,4,3.2,0
Clayey,8.1,3.5,155,138,183,83,5,1.4,7
Black,6.6,6.2,101,14,169,86,3,3.7,30
Sandy,6.3,1.5,14,88,299,89,1,1.7,26
Loamy,4.6,5.0,155,89,223,62,1,4.1,44
Clayey,8.0,4.0,134,144,250,74,4,3.9,0
Black,4.6,1.1,174,59,41,63,5,1.6,21
Sandy,8.3,2.7,80,145,194,87,3,0.6,3
Loamy,6.5,3.0,192,78,261,48,4,4.1,43
Clayey,5.9,1.8,108,139,85,60,1,1.9,48
Black,8.2,5.4,21,144,113,29,4,1.7,16
Sandy,4.6,2.7,61,65,232,73,2,0.2,10
Loamy,6.8,2.9,194,134,260,20,5,3.7,21
Clayey,6.7,7.3,55,30,129,61,3,1.4,29
Black,5.4,4.3,113,73,66,63,2,2.2,56
Sandy,6.2,3.7,53,66,175,78,5,4.5,0
Loamy,7.1,6.1,161,120,99,16,2,0.7,53
Clayey,7.4,7.4,18,119,64,21,4,0.3,10
Black,4.5,1.2,149,143,214,11,3,2.8,20
Sandy,8.2,4.1,109,106,256,30,4,3.5,10
Loamy,5.2,5.3,146,46,230,78,4,2.7,43
Clayey,5.4,3.2,112,14,287,85,5,1.8,19
Black,5.6,6.4,119,127,102,45,3,1.9,53
Sandy,4.7,7.8,125,23,132,30,3,0.8,23
Loamy,5.0,7.6,31,8,286,62,4,1.6,49
Clayey,8.4,2.9,154,7,150,28,3,3.8,0
Black,5.8,2.6,170,146,75,12,1,2.5,50
Sandy,5.0,7.7,184,14,257,69,3,4.5,15
Loamy,4.9,4.2,97,10,45,82,4,0.9,28
Clayey,7.4,2.5,152,35,264,43,1,2.3,44
Black,7.9,5.9,42,35,228,38,1,3.5,35
Sandy,5.5,3.0,24,13,202,83,5,1.4,2
Loamy,4.6,2.9,36,112,226,66,4,1.4,32
Clayey,5.4,7.2,198,128,223,82,3,0.6,35
Black,4.7,2.1,121,134,227,49,1,4.5,26
Sandy,4.9,1.5,91,8,91,59,4,0.9,2
Loamy,6.2,2.9,57,10,166,84,5,4.9,7
Clayey,5.4,5.2,17,34,223,28,2,2.3,24
Black,6.6,1.9,143,65,152,31,2,4.9,23
Sandy,5.5,4.3,127,81,97,60,3,0.3,33
Loamy,8.3,5.4,93,114,116,58,2,2.9,39
Clayey,8.1,6.9,11,40,182,61,1,3.5,14
Black,6.8,2.6,159,137,215,31,1,2.6,56
Sandy,5.9,6.7,127,104,135,71,4,2.9,19
Loamy,6.0,2.6,30,144,180,69,3,2.7,45
Clayey,6.1,5.7,143,126,274,89,4,0.8,40
Black,7.4,4.0,132,63,89,16,4,2.7,28
Sandy,6.3,1.8,105,114,221,62,3,2.8,32
Loamy,7.9,6.0,22,134,55,40,4,1.8,31
Clayey,8.3,2.5,10,18,237,13,2,3.1,0
Black,5.8,2.2,159,142,216,16,5,2.1,40
Sandy,6.7,3.5,126,68,211,12,4,3.8,2
Loamy,4.9,5.6,161,135,296,34,1,0.3,65
Clayey,5.3,2.6,73,76,105,43,1,0.1,33
Black,6.2,2.3,178,25,41,42,2,2.7,52
Sandy,5.3,1.1,159,98,153,47,4,4.9,0
Loamy,8.0,4.3,70,83,180,13,4,2.3,26
Clayey,5.1,4.0,117,24,62,57,3,0.2,35
Black,6.3,2.6,21,62,60,83,4,1.7,28
Sandy,6.9,1.4,99,46,299,70,4,2.4,15
Loamy,7.3,4.0,141,98,202,74,1,4.5,37
Clayey,6.0,6.5,92,142,271,80,3,0.7,40
Black,8.0,6.0,137,92,59,87,4,4.6,2
Sandy,6.8,7.0,149,144,106,70,2,4.7,11
Loamy,6.3,1.1,42,13,244,10,4,3.2,26
Clayey,4.8,7.8,158,83,157,15,3,1.2,22
Black,6.4,3.4,137,86,157,83,2,2.7,50
Sandy,7.8,7.9,109,7,83,30,2,4.1,7
Loamy,7.0,2.8,115,140,136,76,2,1.9,46
Clayey,7.8,4.3,81,43,117,37,1,4.5,7
Black,6.5,3.5,83,68,165,75,1,0.5,56
Sandy,5.0,3.5,105,35,104,36,2,1.6,33
Loamy,4.6,6.9,101,115,70,41,1,5.0,28
Clayey,5.7,6.2,83,127,114,21,2,3.0,17
Black,7.3,7.9,81,100,297,74,2,3.0,39
Sandy,7.7,5.3,189,9,28,55,5,1.3,13
Loamy,5.7,4.2,184,62,108,49,1,4.3,45
Clayey,6.5,1.6,68,109,108,18,5,2.2,7
Black,6.2,8.0,184,67,238,71,2,4.0,45
Sandy,6.1,4.9,65,65,180,25,2,4.1,13
Loamy,5.4,5.9,22,56,62,77,5,1.0,26
Clayey,5.0,3.8,181,112,265,49,3,2.6,35
Black,5.3,4.8,44,105,277,44,2,2.0,55
Sandy,4.7,7.6,128,37,178,69,1,0.9,37
Loamy,5.3,2.2,124,26,151,79,4,0.7,38
Clayey,4.5,3.0,166,55,66,12,4,0.3,7
Black,7.0,2.1,65,15,108,62,4,3.5,16
Sandy,5.8,6.5,142,131,64,68,5,3.9,14
Loamy,8.4,1.4,62,54,213,45,2,2.4,37
Clayey,5.3,1.6,110,21,25,75,3,2.9,8
Black,5.9,3.1,129,48,282,46,1,1.4,74
Sandy,5.9,4.6,69,137,215,88,4,3.6,11
Loamy,4.5,3.8,114,43,37,53,4,3.0,29
Clayey,7.9,1.3,143,141,126,73,1,4.4,0
Black,4.6,7.7,185,27,88,60,4,3.8,20
Sandy,8.3,7.7,115,35,44,15,5,0.2,3
Loamy,8.1,3.0,89,88,75,78,2,4.1,10
Clayey,6.6,6.1,172,27,20,30,2,0.2,43
Black,6.7,5.1,155,62,202,66,3,4.1,39
Sandy,7.1,2.7,20,92,73,37,5,4.9,0
Loamy,6.0,2.8,60,146,100,33,3,2.5,47
Clayey,7.1,4.4,130,29,179,84,4,1.2,27
Black,4.7,3.9,32,50,245,72,2,0.1,30
Sandy,4.7,3.0,56,145,283,31,3,0.8,15
Loamy,6.3,6.7,84,66,128,43,3,2.6,56
Clayey,6.7,4.4,196,23,63,46,5,4.1,7
Black,8.1,5.6,194,144,220,50,4,4.4,20
Sandy,4.9,2.3,102,116,166,88,1,3.4,4
Loamy,7.8,4.7,136,94,218,52,5,0.5,45
Clayey,5.3,3.2,65,52,253,31,5,5.0,0
Black,6.1,4.7,164,138,203,24,4,3.8,37
Sandy,5.8,6.5,82,127,54,30,1,2.2,45
Loamy,6.1,6.4,172,121,228,61,5,4.1,44
Clayey,5.1,3.5,192,85,82,13,3,3.0,13
Black,6.5,5.9,146,104,101,56,3,3.1,52
Sandy,7.7,7.6,27,77,282,27,3,4.9,0
Loamy,6.3,5.4,53,32,274,80,3,4.0,36
Clayey,6.5,2.0,158,15,58,89,1,1.4,39
Black,7.9,5.8,65,91,42,44,4,1.0,30
Sandy,7.3,1.7,185,105,103,85,4,0.9,8
Loamy,6.5,7.1,109,40,225,16,1,2.3,72
Clayey,5.5,4.6,10,104,114,50,4,2.0,19
Black,8.0,3.7,164,123,82,19,3,2.3,26
Sandy,6.8,1.4,54,102,156,71,1,0.4,17
Loamy,5.4,3.7,72,92,170,74,3,1.1,41
Clayey,5.6,7.3,67,40,136,21,4,4.0,0
Black,7.7,1.1,177,62,210,37,5,3.8,10
Sandy,4.7,4.3,72,32,221,67,1,2.0,33
Loamy,8.5,7.5,47,43,269,65,2,2.0,50
Clayey,5.0,3.8,38,70,106,27,2,4.4,0
Black,7.7,4.0,49,9,93,74,3,1.0,20
Sandy,6.1,5.0,156,145,56,66,4,1.9,38
Loamy,6.5,4.2,97,13,144,59,3,3.8,45
Clayey,8.0,2.2,65,107,185,54,2,2.9,11
Black,6.2,1.1,53,61,20,71,1,0.4,42
Sandy,6.6,5.3,109,31,90,74,3,0.2,23
Loamy,4.7,7.4,150,107,127,64,4,0.2,43
Clayey,4.5,1.7,167,86,105,47,2,3.3,10
Black,5.5,2.5,58,89,200,13,1,3.2,28
Sandy,7.2,3.6,124,69,44,24,3,0.3,18
Loamy,5.0,6.7,84,91,170,30,1,0.7,66
Clayey,5.0,2.9,172,38,284,30,5,3.6,12
Black,6.1,7.2,148,104,222,60,2,1.6,75
Sandy,7.1,1.4,58,140,70,87,3,5.0,0
Loamy,7.3,7.6,116,98,239,44,1,1.6,75
Clayey,5.2,4.9,120,52,76,13,3,1.7,28
Black,4.8,5.6,124,104,101,41,4,2.2,36
Sandy,8.3,3.6,177,86,183,21,4,4.2,0
Loamy,5.5,6.5,30,121,288,63,3,2.8,45
Clayey,7.9,2.2,56,15,202,39,2,4.3,0
Black,8.0,1.3,12,56,199,18,3,2.2,10
Sandy,7.6,3.8,167,35,105,28,3,3.1,0
Loamy,5.2,7.0,136,28,130,89,3,0.1,48
Clayey,7.8,6.3,76,100,177,39,3,2.9,16
Black,7.6,4.6,71,125,64,74,2,0.5,31
Sandy,6.9,5.0,174,76,57,54,5,1.0,23
Loamy,5.8,1.9,159,101,39,32,5,5.0,18
Clayey,5.6,6.9,40,119,116,85,1,3.2,15
Black,5.0,6.5,55,68,78,14,2,4.4,14
Sandy,6.5,5.6,54,131,243,76,2,0.4,36
Loamy,6.8,4.3,23,121,208,75,2,2.0,48
Clayey,5.9,7.8,130,43,78,52,4,4.3,20
Black,6.4,7.2,149,133,27,11,2,2.1,57
Sandy,6.0,5.5,128,101,121,57,4,1.3,38
Loamy,7.1,3.6,86,81,40,67,5,2.5,32
Clayey,8.1,5.3,97,9,235,49,5,2.4,16
Black,5.2,5.0,175,144,250,62,4,5.0,25
Sandy,6.0,3.8,126,7,255,68,3,1.8,46
Loamy,5.1,3.1,184,65,170,77,5,4.8,8
Clayey,7.0,3.8,133,115,87,72,3,4.6,0
Black,7.4,5.0,63,79,65,45,1,2.3,52
Sandy,8.2,4.0,192,134,241,49,4,4.7,0
Loamy,5.6,2.8,57,33,259,15,1,3.7,32
Clayey,8.3,6.3,110,45,175,23,4,4.4,0
Black,4.8,4.7,24,33,114,88,1,4.5,6
Sandy,6.9,1.5,122,104,116,42,1,0.5,32
Loamy,4.7,3.6,25,68,102,28,2,4.5,1
Clayey,8.1,7.2,180,62,264,85,5,2.5,10
Black,6.6,6.3,144,142,82,52,4,3.2,36
Sandy,7.2,3.3,52,15,29,63,5,1.6,8
Loamy,7.8,7.6,37,139,108,82,2,3.3,19
Clayey,5.1,1.5,75,81,184,70,5,0.2,14
Black,4.7,7.7,107,112,234,22,4,1.9,35
Sandy,8.0,2.7,69,98,91,51,2,3.2,1
Loamy,5.8,1.1,137,90,227,27,3,1.1,53
Clayey,5.0,4.0,140,69,158,81,2,3.4,20
Black,6.4,3.5,138,31,265,74,4,4.2,28
Sandy,6.9,4.8,168,139,148,57,1,0.3,43
Loamy,4.6,6.6,65,69,119,45,5,3.1,19
Clayey,5.6,6.9,93,62,30,54,1,2.9,34
Black,4.6,3.8,183,29,195,19,3,3.9,14
Sandy,6.2,4.0,41,52,169,18,1,3.5,19
Loamy,8.1,2.0,90,8,94,55,5,2.3,20
Clayey,8.4,1.3,27,140,118,26,1,1.8,4
Black,7.0,5.5,44,119,284,76,2,4.9,15
Sandy,5.1,1.5,113,8,262,42,4,2.6,18
Loamy,8.1,6.1,109,140,102,74,1,2.1,47
Clayey,6.6,4.8,32,94,89,29,4,5.0,0
Black,5.1,2.4,150,20,247,75,4,1.0,37
Sandy,8.2,4.8,151,133,191,25,4,1.0,12
Loamy,7.5,2.3,174,105,150,82,2,4.9,15
Clayey,7.4,4.1,14,116,29,23,4,3.3,0
Black,7.3,6.6,159,49,75,10,1,2.6,47
Sandy,5.3,4.2,37,67,52,44,4,0.4,17
Loamy,5.3,2.0,141,98,263,10,2,1.8,51
Clayey,7.3,6.1,59,138,245,52,4,2.2,29
Black,5.4,2.3,111,40,247,78,1,2.6,45
Sandy,6.3,6.2,38,125,264,84,2,2.2,32
Loamy,7.6,4.4,46,107,122,64,3,2.2,36
Clayey,7.6,4.2,172,70,216,25,3,5.0,0
Black,6.3,7.0,157,123,228,76,1,4.9,41
Sandy,7.7,6.0,172,12,211,72,5,0.5,10
Loamy,7.9,1.2,139,31,146,81,4,0.9,21
Clayey,7.1,3.1,125,38,29,31,5,4.7,0
Black,5.4,7.1,67,32,85,65,2,1.7,50
Sandy,5.6,1.1,155,149,177,61,4,3.1,9
Loamy,5.8,4.8,115,112,275,36,5,4.0,45
Clayey,5.0,6.1,65,127,54,73,1,2.4,26
Black,5.6,5.4,131,13,186,54,2,0.2,62
Sandy,5.3,6.3,112,61,41,76,4,4.2,0
Loamy,6.3,6.1,132,49,86,35,3,3.8,50
Clayey,8.1,5.8,189,138,217,22,4,0.3,20
Black,4.9,6.8,31,146,119,39,2,4.5,12
Sandy,7.4,5.5,69,15,214,87,3,4.3,0
Loamy,7.2,3.8,147,73,119,39,1,1.4,64
Clayey,4.9,4.3,93,99,94,53,4,0.5,18
Black,8.2,6.0,137,134,36,57,5,2.1,32
Sandy,6.8,7.1,89,107,166,18,5,4.4,0
Loamy,6.0,2.9,143,21,269,57,1,2.5,73
Clayey,7.5,3.4,90,114,274,65,2,1.5,39
Black,5.5,7.5,15,40,207,77,1,1.2,47
Sandy,7.3,5.0,95,135,259,15,2,1.8,30
Loamy,4.7,2.3,91,47,195,74,3,5.0,0
Clayey,7.9,5.6,165,97,51,76,2,4.4,0
Black,6.3,7.9,51,37,141,30,3,2.8,46
Sandy,7.0,6.8,83,106,47,87,4,4.1,0
Loamy,5.4,6.2,50,33,208,39,4,1.6,50
Clayey,7.2,2.5,72,85,159,66,1,3.1,26
Black,7.6,7.1,31,79,290,64,1,4.4,24
Sandy,6.4,4.7,88,113,288,11,4,1.9,29
Loamy,7.0,7.2,166,108,205,57,5,4.0,35
Clayey,6.3,3.3,80,76,129,31,3,3.1,24
Black,8.1,1.4,123,29,274,22,4,3.1,13
Sandy,6.5,4.3,43,139,54,52,5,0.3,23
Loamy,7.9,2.9,105,125,241,84,2,4.5,18
Clayey,7.7,6.0,139,79,129,83,4,3.9,0
Black,6.1,7.7,163,71,280,58,5,0.3,60
Sandy,5.4,5.8,118,108,21,46,4,3.1,17
Loamy,6.1,7.2,84,123,253,44,2,3.8,56
Clayey,7.8,4.2,28,74,118,28,2,4.0,0
Black,5.4,6.4,134,61,138,37,3,0.5,53
Sandy,6.6,6.9,29,70,29,66,2,3.2,13
Loamy,7.7,6.0,170,148,92,70,2,1.2,53
Clayey,5.9,4.6,125,62,228,52,3,2.3,52
Black,7.1,5.4,103,121,143,69,4,2.7,41
Sandy,5.5,5.9,91,55,57,19,4,0.2,13
Loamy,4.9,2.8,105,25,113,88,3,1.6,31
Clayey,7.7,6.7,113,83,252,76,4,4.0,0
Black,4.9,7.7,13,60,182,33,4,4.2,7
Sandy,5.6,4.3,169,102,159,83,5,1.7,17
Loamy,7.9,5.9,156,51,261,53,3,2.3,52
Clayey,5.9,6.2,140,122,189,39,3,4.2,30
Black,8.4,5.6,101,88,117,54,1,1.1,53
Sandy,8.4,4.8,70,112,86,69,5,3.7,0
Loamy,5.6,7.2,47,35,123,62,4,2.1,42
Clayey,4.7,4.1,127,19,160,34,1,4.9,12
Black,7.3,1.4,143,66,222,85,5,3.0,19
Sandy,6.3,6.9,65,74,156,13,4,0.8,24
Loamy,4.9,5.7,177,135,282,83,5,0.9,35
Clayey,7.3,6.9,130,91,125,40,2,0.2,43
Black,4.6,2.0,90,62,149,28,4,3.6,0
Sandy,8.0,1.2,115,49,280,11,5,2.3,0
Loamy,5.1,7.5,129,12,132,13,5,0.2,38
Clayey,5.0,2.0,78,131,135,88,1,0.6,22
Black,5.2,6.7,92,70,157,47,5,1.5,42
Sandy,8.3,6.8,51,75,180,42,2,2.2,21
Loamy,7.3,6.0,108,21,127,27,2,4.7,26
Clayey,7.7,1.9,139,75,267,41,5,2.8,7
Black,6.1,5.7,37,101,153,86,4,4.5,16
Sandy,5.8,7.2,126,40,33,89,1,1.3,43
Loamy,5.4,4.0,154,72,97,42,4,1.7,50
Clayey,6.4,3.9,79,112,290,43,5,4.4,10
Black,6.7,4.1,116,25,244,60,2,2.5,60
Sandy,7.0,1.6,132,50,140,72,3,3.0,2
Loamy,5.5,7.2,78,96,242,87,1,2.9,49
Clayey,8.3,7.1,48,111,228,56,4,3.3,7
Black,5.2,8.0,144,128,259,75,2,3.0,45
Sandy,8.4,5.1,169,20,40,22,4,3.5,0
Loamy,4.6,6.3,13,138,112,61,5,0.8,25
Clayey,6.4,2.4,158,49,274,61,4,3.6,26
Black,5.8,5.7,169,149,181,52,1,0.8,77
Sandy,6.3,5.5,91,16,271,70,3,1.8,45
Loamy,6.8,7.3,106,54,284,12,3,4.2,33
Clayey,6.2,6.8,151,63,207,77,5,3.1,24
Black,6.2,7.6,79,108,131,68,1,4.8,38
Sandy,7.4,7.1,55,16,49,63,3,1.3,24
Loamy,7.2,7.1,157,44,292,78,2,4.6,34
Clayey,7.8,1.4,195,97,187,11,4,3.2,0
Black,5.5,6.9,108,134,115,77,5,1.9,33
Sandy,6.9,5.3,89,97,154,53,2,4.0,16
Loamy,6.8,3.7,57,112,57,47,5,4.8,7
Clayey,6.0,1.4,16,89,88,69,1,3.9,15
Black,6.4,5.7,49,78,253,36,5,0.1,50
Sandy,5.8,3.3,68,131,86,24,3,0.2,19
Loamy,5.1,4.3,45,35,75,48,1,0.7,58
Clayey,5.4,5.8,181,109,295,47,5,4.3,12
Black,4.9,7.4,117,102,211,63,2,3.8,37
Sandy,7.2,6.8,40,107,139,72,1,3.2,9
Loamy,7.1,4.2,179,45,30,67,1,3.5,53
Clayey,8.3,3.7,53,16,165,71,5,3.1,0
Black,7.4,2.7,180,75,33,87,5,1.8,26
Sandy,4.7,3.6,52,100,53,27,1,3.6,0
Loamy,8.0,1.8,184,26,223,38,4,4.7,13
Clayey,8.0,7.8,143,60,105,80,4,3.8,0
Black,6.3,5.0,102,20,173,66,3,4.3,44
Sandy,6.8,1.9,95,138,189,33,1,1.3,32
Loamy,8.4,3.5,18,6,186,47,4,1.8,29
Clayey,6.6,4.8,20,66,204,15,2,2.6,21
Black,8.1,4.7,89,127,132,29,1,2.4,33
Sandy,4.8,1.2,118,46,163,51,4,2.4,6
Loamy,5.3,7.7,127,121,230,83,5,3.2,33
Clayey,6.3,2.9,27,121,210,31,2,4.3,18
Black,6.8,1.1,162,47,201,42,3,4.4,24
Sandy,7.8,1.5,106,56,174,55,4,0.8,11
Loamy,8.5,5.1,195,127,211,63,5,0.5,45
Clayey,6.1,2.0,39,60,100,51,2,1.6,33
Black,4.7,1.3,124,71,68,60,2,3.7,19
Sandy,7.7,3.7,10,63,74,77,3,4.0,0
Loamy,6.9,5.4,106,52,86,65,5,2.0,48
Clayey,5.3,1.8,122,39,134,86,4,1.6,13
Black,6.5,3.2,88,140,131,51,1,0.7,61
Sandy,7.5,3.9,38,80,178,22,2,1.3,17
Loamy,7.6,2.1,75,36,126,63,4,0.6,27
Clayey,6.5,4.5,190,49,45,21,1,1.6,48
Black,5.7,1.6,114,89,129,44,4,3.4,23
Sandy,8.4,1.3,28,127,85,18,4,0.7,0
Loamy,7.2,4.6,75,106,224,22,2,1.7,53
Clayey,6.1,2.7,121,31,120,31,2,2.7,39
Black,5.6,1.7,189,123,225,49,4,1.7,45
Sandy,7.4,4.0,168,7,20,45,4,2.3,22
Loamy,5.5,7.4,69,61,243,50,3,2.5,52
Clayey,5.2,6.1,126,125,89,16,1,3.9,19
Black,6.6,6.7,77,5,169,64,5,4.2,18
Sandy,5.7,7.1,102,78,234,84,5,1.0,20
Loamy,7.0,7.8,167,113,161,88,3,1.9,52
Clayey,5.0,6.3,150,136,33,22,4,2.9,14
Black,7.1,5.3,152,75,218,29,4,2.5,40
Sandy,5.6,3.6,157,14,38,67,3,0.5,28
Loamy,4.5,2.3,171,131,169,32,5,1.8,33
Clayey,5.0,5.8,157,19,281,62,2,1.2,50
Black,8.2,8.0,59,23,93,46,2,2.1,38
Sandy,8.0,4.3,98,114,285,29,4,1.8,10
Loamy,5.4,6.1,164,50,164,28,1,3.5,47
Clayey,7.6,4.5,167,22,152,27,5,2.1,11
Black,6.9,4.0,193,110,167,77,1,1.3,54
Sandy,8.4,3.9,108,7,98,70,4,3.1,3
Loamy,6.0,4.5,192,74,234,81,5,3.7,38
Clayey,7.2,3.6,122,26,52,55,2,0.6,38
Black,4.8,6.2,116,59,213,57,2,1.3,55
Sandy,6.1,7.1,33,122,197,29,1,1.1,36
Loamy,8.4,7.2,34,45,220,81,5,1.1,24
Clayey,6.7,2.6,190,114,22,78,4,4.5,0
Black,5.7,7.3,20,121,72,43,3,0.7,40
Sandy,5.0,3.4,103,140,277,16,3,4.4,1
Loamy,7.3,3.2,69,69,140,59,3,2.0,44
Clayey,7.1,6.1,184,135,169,62,4,3.2,25
Black,6.0,3.1,162,74,172,82,3,2.3,48
Sandy,8.3,1.4,34,22,236,20,1,3.0,0
Loamy,4.6,3.6,154,121,154,85,2,2.8,34
Clayey,5.7,6.1,149,5,275,17,3,2.2,33
Black,8.2,3.3,132,26,81,41,2,1.4,42
Sandy,5.8,5.4,189,99,82,72,1,4.7,16
Loamy,5.5,5.6,20,140,87,64,5,4.6,9
Clayey,6.6,6.1,19,119,244,68,5,0.4,22
Black,7.8,7.3,90,66,156,72,4,1.2,26
Sandy,4.9,4.0,197,23,65,26,2,2.9,6
Loamy,8.3,2.2,63,63,114,35,4,4.9,0
Clayey,7.7,3.2,118,128,266,60,3,3.7,12
Black,5.2,4.0,72,84,233,42,4,4.1,24
Sandy,7.3,6.0,29,26,275,35,1,1.6,38
Loamy,6.0,1.1,14,87,67,31,4,1.2,38
Clayey,6.1,3.2,50,72,112,76,3,1.2,22
Black,7.6,6.5,127,9,25,87,3,2.5,28
Sandy,8.4,5.7,72,9,212,72,1,4.3,0
Loamy,5.0,6.1,193,28,122,26,2,1.2,53
Clayey,6.2,6.7,41,133,93,50,5,2.9,19
Black,6.4,6.5,36,118,93,85,1,4.1,31
Sandy,6.0,5.8,77,32,132,48,5,2.6,20
Loamy,6.0,4.1,114,51,171,42,1,2.1,81
Clayey,4.7,7.9,185,89,282,41,1,1.8,45
Black,7.2,5.0,16,23,105,30,4,3.0,25
Sandy,6.2,2.4,183,91,77,62,4,4.1,9
Loamy,5.3,3.0,112,146,168,73,4,5.0,11
Clayey,7.8,5.9,121,74,233,87,1,4.4,10
Black,7.7,7.5,155,118,114,75,4,2.3,25
Sandy,6.4,2.3,175,12,227,58,1,0.5,51
Loamy,5.7,1.6,112,41,162,80,4,0.7,36
Clayey,7.1,7.2,26,90,102,88,5,0.2,6
Black,5.7,7.4,99,76,71,40,2,1.9,53
Sandy,5.4,2.9,124,129,36,50,4,2.5,16
Loamy,7.4,3.6,95,14,237,81,3,4.1,24
Clayey,4.7,5.6,112,71,247,80,2,0.5,30
Black,4.9,3.3,91,145,220,45,3,1.2,39
Sandy,4.5,7.1,135,43,101,83,2,2.6,12
Loamy,5.1,1.8,47,68,147,48,4,4.3,10
Clayey,4.8,1.3,101,34,99,50,5,0.5,6
Black,8.5,2.5,72,136,208,50,4,1.3,30
Sandy,5.7,3.0,179,49,175,14,1,2.8,23
Loamy,5.1,1.8,145,138,179,15,3,1.7,42
Clayey,5.5,1.5,39,20,261,71,2,5.0,0
Black,8.2,6.3,73,26,101,25,5,2.3,13
Sandy,6.6,2.1,18,25,63,89,3,4.6,0
Loamy,6.0,7.4,66,28,181,28,5,4.7,17
Clayey,8.0,3.6,116,68,240,46,3,1.4,30
Black,6.1,5.7,196,145,168,73,4,1.7,52
Sandy,5.8,2.6,104,30,143,68,1,1.7,45
Loamy,5.3,2.7,84,102,20,78,3,2.2,33
Clayey,6.0,5.0,14,24,202,82,5,0.4,22
Black,5.8,4.9,104,65,227,16,4,4.1,34
Sandy,7.2,6.4,13,128,116,51,2,0.7,25
Loamy,5.7,6.3,17,138,40,34,2,4.5,25
Clayey,6.8,5.7,179,13,242,65,4,2.9,31
Black,4.8,4.1,172,132,67,56,2,2.5,43
Sandy,5.3,7.2,150,105,51,86,5,3.3,0
Loamy,6.1,5.4,142,20,149,59,1,4.7,51
Clayey,8.2,7.9,49,8,297,83,4,1.6,10
Black,6.0,6.7,28,36,264,42,1,1.4,68
Sandy,7.2,1.3,91,88,71,35,1,1.9,26
Loamy,5.5,3.2,134,97,228,26,4,2.5,39
Clayey,5.0,5.0,13,132,249,30,3,0.5,32
Black,4.7,6.1,137,21,205,11,5,3.4,16
Sandy,5.7,4.9,196,45,181,88,4,2.7,15
Loamy,5.1,6.5,155,49,218,53,5,2.7,48
Clayey,5.2,3.0,161,20,298,75,1,1.3,39
Black,7.5,2.3,116,24,52,80,1,4.2,22
Sandy,4.6,1.4,102,46,38,45,3,2.1,11
Loamy,6.7,5.0,40,14,140,55,1,3.3,44
Clayey,6.0,5.8,67,56,88,59,4,1.3,35
Black,6.5,3.3,37,37,234,76,5,4.1,12
Sandy,6.8,5.3,146,131,142,12,3,1.6,23
Loamy,5.8,1.4,182,54,299,42,4,4.6,33
Clayey,5.7,1.7,99,105,73,54,5,2.3,10
Black,7.4,5.9,58,104,40,34,5,0.8,34
Sandy,8.0,3.6,120,92,116,46,2,3.1,12
Loamy,5.3,5.7,11,83,157,45,2,2.8,46
Clayey,4.9,6.8,15,102,61,44,4,2.2,7
Black,8.1,7.0,38,72,265,28,3,4.1,8
Sandy,5.9,2.2,163,82,47,54,5,2.2,22
Loamy,6.7,4.4,165,136,77,27,5,0.8,38
Clayey,5.9,6.1,16,32,146,36,4,0.2,30
Black,5.0,6.4,43,33,282,40,3,4.5,25
Sandy,6.9,6.5,193,86,163,48,1,2.4,43
Loamy,6.6,2.6,147,126,112,76,3,2.9,31
Clayey,5.3,2.3,121,109,54,31,1,0.7,39
Black,6.3,5.1,66,76,111,61,5,2.5,40
Sandy,7.7,6.2,184,114,282,19,2,2.7,18
Loamy,6.9,3.2,36,117,33,17,2,2.4,32
Clayey,4.9,1.7,48,145,221,43,4,4.8,0
Black,6.7,6.0,159,47,297,62,3,2.9,51
Sandy,7.3,3.1,128,13,163,27,3,4.9,0
Loamy,7.7,2.2,156,44,264,21,1,0.9,46
Clayey,7.0,2.0,109,50,31,73,4,4.6,0
Black,5.1,3.2,18,62,90,66,3,2.8,26
Sandy,7.3,5.1,156,144,203,11,4,1.6,25
Loamy,7.2,3.5,11,105,123,26,1,3.8,22
Clayey,4.6,1.1,101,29,30,61,5,2.8,0
Black,6.1,1.7,198,93,227,85,4,2.9,36
Sandy,5.8,3.0,68,148,244,80,2,0.9,31
Loamy,7.2,5.6,80,128,292,88,5,3.4,24
Clayey,5.4,1.7,79,103,73,11,3,1.5,11
Black,6.9,4.9,170,128,192,36,1,1.8,67
Sandy,8.2,1.8,34,28,266,35,1,4.5,0
Loamy,7.7,2.5,79,111,172,34,2,1.0,42
Clayey,8.2,2.2,165,18,125,21,4,4.4,0
Black,8.4,1.5,155,26,178,26,2,2.6,25
Sandy,4.5,5.7,72,132,125,74,4,1.0,1
Loamy,7.0,4.2,58,35,212,49,2,4.1,40
Clayey,6.2,6.8,132,89,295,14,2,3.3,37
Black,7.9,1.7,133,62,92,37,1,1.8,43
Sandy,5.5,2.0,49,73,62,81,4,1.6,0
Loamy,8.4,3.1,94,110,213,61,2,2.2,47
Clayey,7.0,6.4,96,89,148,23,3,0.8,23
Black,7.7,3.1,89,6,127,15,1,4.1,10
Sandy,4.8,3.9,13,51,122,27,1,1.5,6
Loamy,5.2,3.1,43,119,152,46,1,4.2,34
Clayey,7.5,1.6,14,57,269,83,1,3.7,4
Black,4.6,7.6,159,29,289,73,2,4.7,18
Sandy,7.8,4.8,157,39,122,44,2,0.6,28
Loamy,4.6,6.5,112,91,257,26,1,1.8,55
Clayey,7.1,5.6,184,114,127,19,2,3.2,21
Black,6.0,4.6,43,149,156,60,2,4.3,39
Sandy,6.9,1.6,181,84,44,61,4,0.9,17
Loamy,7.3,5.5,15,135,137,73,3,4.3,12
Clayey,5.9,2.1,193,26,249,42,4,0.4,41
Black,4.9,3.9,38,146,275,26,5,2.4,11
Sandy,4.8,5.4,62,135,28,58,4,0.5,10
Loamy,6.9,6.5,10,42,138,16,3,0.8,34
Clayey,6.6,5.8,68,91,138,74,3,3.9,1
Black,7.5,5.7,185,25,110,71,4,0.2,38
Sandy,6.5,2.0,16,28,191,84,4,2.8,2
Loamy,6.2,3.4,169,100,230,19,5,0.6,50
Clayey,6.1,1.3,87,49,135,40,1,4.1,19
Black,4.6,6.0,198,51,41,34,3,4.1,22
Sandy,5.8,7.7,194,135,74,66,1,3.5,38
Loamy,8.4,2.8,60,43,127,74,5,3.8,0
Clayey,8.0,1.6,156,96,96,52,2,3.0,12
Black,5.8,4.3,36,79,80,12,2,2.5,42
Sandy,6.9,7.0,72,142,141,64,1,2.1,35
Loamy,7.9,4.9,197,6,111,57,4,3.3,30
Clayey,6.3,1.3,70,49,241,74,3,2.0,25
Black,4.6,7.8,70,57,149,80,1,0.1,35
Sandy,4.8,6.8,135,141,267,69,4,0.6,25
Loamy,6.5,1.9,54,107,140,23,5,3.3,16
Clayey,8.4,7.5,158,133,220,23,4,1.9,20
Black,7.3,4.2,181,42,180,18,5,4.9,7
Sandy,4.8,3.6,138,61,269,54,1,1.8,35
Loamy,5.3,4.2,104,7,237,11,2,0.6,60
Clayey,7.6,6.8,100,36,82,41,3,1.7,23
Black,7.9,5.6,53,72,236,17,1,3.5,26
Sandy,7.0,1.4,71,149,83,45,2,2.7,13
Loamy,7.1,7.7,70,72,231,46,5,3.1,36
Clayey,4.6,2.0,88,88,139,24,3,0.6,3
Black,7.8,6.2,98,16,88,43,4,4.2,11
Sandy,7.7,5.5,121,49,143,30,1,4.5,8
Loamy,5.5,2.3,120,84,164,18,4,0.8,38
Clayey,7.3,2.2,59,139,148,49,3,3.2,8
Black,5.4,7.1,50,52,32,35,1,1.2,53
Sandy,4.7,3.9,42,37,293,31,1,1.0,26
Loamy,5.3,5.6,21,88,87,22,4,1.1,31
Clayey,5.2,4.5,11,105,289,34,4,2.7,20
Black,5.9,6.1,116,51,152,80,2,4.4,38
Sandy,6.2,4.4,158,89,81,24,4,4.1,7
Loamy,6.5,3.0,151,47,180,85,5,0.8,46
Clayey,6.4,3.5,43,84,45,54,2,2.6,32
Black,5.6,7.0,94,142,266,30,4,0.8,50
Sandy,4.6,4.3,160,26,208,49,1,2.2,38
Loamy,6.9,2.5,94,134,239,56,4,2.9,38
Clayey,6.1,7.5,59,112,268,70,3,4.1,25
Black,5.7,6.6,151,102,110,23,2,4.3,25
Sandy,8.0,1.4,115,22,55,81,1,0.2,12
Loamy,7.5,8.0,55,132,26,76,4,3.5,19
Clayey,7.9,5.9,127,23,221,85,3,2.1,24
Black,6.5,2.1,14,138,60,56,2,2.5,41
Sandy,5.0,2.7,75,31,51,25,2,1.2,14
Loamy,7.3,5.8,159,19,161,80,2,0.3,57
Clayey,5.3,6.5,79,142,275,27,1,4.2,16
Black,6.3,2.7,117,127,180,54,4,1.2,55
Sandy,4.8,2.8,11,99,49,32,1,4.4,0
Loamy,7.8,3.1,38,131,281,35,5,0.4,28
Clayey,5.0,5.2,70,78,29,75,4,2.1,14
Black,8.1,2.2,109,62,222,11,5,3.7,4
Sandy,8.0,1.7,137,114,295,31,4,1.4,15
Loamy,6.4,5.8,153,142,143,47,2,4.8,45
Clayey,7.5,6.5,106,53,137,51,1,3.2,36
Black,7.0,4.5,106,65,287,37,5,1.2,50
Sandy,7.7,3.5,23,134,297,72,2,4.0,0
Loamy,6.2,4.0,52,79,95,26,2,4.9,21
Clayey,7.6,3.7,180,12,33,68,5,1.3,14
Black,6.3,7.7,79,146,125,11,4,4.1,20
Sandy,8.3,6.4,64,26,195,88,5,4.9,0
Loamy,6.4,2.5,40,21,201,88,1,1.2,56
Clayey,6.4,3.7,85,111,55,59,3,1.2,38
Black,7.6,4.8,177,67,74,24,4,3.6,12
Sandy,7.8,5.3,164,126,289,27,2,4.8,0
Loamy,6.7,4.3,61,30,21,86,5,3.5,15
Clayey,5.2,6.7,137,121,275,47,3,2.6,39
Black,6.4,6.4,16,49,21,17,5,0.6,30
Sandy,8.4,4.5,183,34,80,89,3,4.6,0
Loamy,7.5,7.0,109,120,126,29,4,0.4,43
Clayey,7.7,6.3,170,94,153,69,5,1.1,22
Black,4.6,6.5,145,123,42,35,5,2.3,30
Sandy,6.4,7.7,142,144,92,44,3,2.6,37
Loamy,7.1,2.9,70,12,47,35,1,0.4,53
Clayey,7.8,2.9,113,97,44,27,2,0.5,16
Black,4.7,7.2,197,121,84,53,3,0.7,43
Sandy,7.9,6.4,161,60,213,16,5,0.3,10
Loamy,6.7,7.5,16,139,226,44,3,4.9,22
Clayey,5.3,1.4,198,66,59,21,3,1.3,17
Black,5.8,5.4,92,125,42,53,5,4.4,23
Sandy,5.6,2.0,104,65,196,50,5,3.9,0
Loamy,6.6,4.5,173,142,283,63,1,3.6,59
Clayey,4.7,2.1,36,54,147,10,1,3.3,0
Black,5.1,1.9,133,32,282,34,1,2.5,55
Sandy,7.8,1.1,166,146,296,89,5,2.9,0
Loamy,5.0,5.4,96,80,54,24,4,4.5,13
Clayey,5.4,3.5,157,12,120,84,1,3.9,14
Black,6.3,1.7,79,139,244,12,2,1.2,48
Sandy,6.6,3.3,123,9,248,54,4,0.6,29
Loamy,7.6,2.2,85,5,118,54,1,1.5,43
Clayey,6.3,7.6,123,115,101,60,2,0.7,53
Black,7.7,3.2,12,77,215,51,5,4.8,0
Sandy,7.0,3.3,176,110,87,48,2,2.0,32
Loamy,5.0,6.9,108,14,292,29,1,0.9,65
Clayey,5.1,5.5,133,69,160,88,3,3.1,21
Black,6.2,6.0,54,62,204,27,3,2.1,50
Sandy,6.1,5.5,135,6,173,48,2,1.2,52
Loamy,7.5,7.6,77,63,208,38,5,0.4,48
Clayey,6.8,2.4,40,109,81,29,4,0.6,4
Black,6.1,7.9,115,5,38,51,3,2.9,54
Sandy,5.2,6.8,47,35,100,88,4,3.8,0
Loamy,5.4,5.1,143,42,49,21,5,4.6,12
Clayey,6.8,5.6,17,26,146,65,3,3.0,15
Black,6.2,5.5,37,5,237,21,5,3.3,26
Sandy,6.6,1.4,24,92,32,62,1,1.3,20
Loamy,5.2,2.5,17,13,196,17,4,1.4,26
Clayey,7.2,7.7,63,114,140,67,1,2.1,39
Black,7.9,4.7,143,88,198,33,5,4.4,12
Sandy,5.5,3.6,38,136,130,70,5,2.2,5
Loamy,6.5,6.3,124,67,28,10,2,1.3,63
Clayey,8.4,4.7,43,136,241,87,2,4.6,0
Black,5.8,1.1,16,137,129,79,3,2.1,27
Sandy,6.9,6.2,49,142,155,54,1,0.5,37
Loamy,4.9,6.1,83,112,127,18,1,2.8,34
Clayey,6.9,2.2,150,44,223,10,5,3.2,4
Black,4.9,7.7,71,40,34,82,2,4.8,3
Sandy,8.3,2.6,95,39,181,33,4,4.1,0
Loamy,7.4,4.2,125,63,214,69,5,0.6,55
Clayey,7.7,1.8,74,120,280,57,1,2.6,22
Black,7.3,5.2,50,35,28,48,1,2.2,51
Sandy,6.9,3.6,132,53,235,27,5,2.0,15
Loamy,6.3,3.5,179,138,280,61,5,0.8,60
Clayey,7.9,6.8,125,110,132,11,5,1.9,8
Black,8.3,1.1,75,23,136,45,1,2.4,30
Sandy,6.5,6.6,125,100,66,57,4,1.2,38
Loamy,8.2,5.0,148,34,298,44,1,2.9,56
Clayey,6.8,7.9,110,30,117,79,5,1.2,18
Black,6.7,5.1,59,135,112,81,2,0.7,39
Sandy,6.3,1.4,80,54,271,51,4,4.9,0
Loamy,5.3,1.4,172,115,182,83,3,3.5,26
Clayey,4.5,7.2,89,100,177,89,1,3.0,16
Black,5.5,6.9,88,86,86,47,4,1.7,42
Sandy,6.5,3.4,29,142,157,35,4,1.1,25
Loamy,6.0,5.3,165,26,84,40,5,0.7,58
Clayey,6.3,4.4,132,58,281,61,4,0.4,50
Black,8.4,7.8,46,85,217,69,1,3.5,35
Sandy,5.9,7.6,12,136,190,17,2,1.5,29
Loamy,6.3,7.9,102,41,35,70,4,1.7,63
Clayey,5.0,7.1,196,67,210,44,1,0.9,55
Black,4.7,7.4,110,55,44,43,5,0.7,33
Sandy,7.6,2.5,164,140,269,19,4,2.5,2
Loamy,6.8,6.8,41,5,46,49,3,3.7,31
Clayey,7.5,6.0,57,12,189,61,3,5.0,3
Black,5.1,7.7,55,85,136,21,2,1.8,39
Sandy,6.8,5.0,123,109,74,36,5,3.4,9
Loamy,5.5,1.6,104,116,45,28,1,0.7,47
Clayey,5.4,5.2,56,141,291,66,4,2.8,23
Black,4.5,5.8,49,148,127,63,1,2.6,37
Sandy,5.0,2.5,140,63,109,24,3,0.3,15
Loamy,5.7,3.8,125,49,141,46,5,2.5,39
Clayey,5.0,5.2,166,95,262,70,1,2.5,50
Black,8.4,3.6,100,70,288,27,4,1.9,25
Sandy,5.7,3.6,67,40,271,53,5,2.9,8
Loamy,5.0,1.9,187,80,94,30,4,0.3,43
Clayey,5.3,7.6,19,54,131,38,4,4.2,0
Black,6.9,6.3,70,103,170,24,5,2.7,22
Sandy,4.8,1.0,120,99,289,77,5,0.3,0
Loamy,7.9,6.4,130,122,117,73,4,4.9,3
Clayey,8.3,6.2,70,104,274,23,3,2.0,17
Black,5.5,1.1,160,72,187,46,4,4.9,11
Sandy,6.3,3.6,15,116,269,63,5,1.0,22
Loamy,4.6,5.2,84,131,265,68,2,0.2,54
Clayey,7.1,4.2,197,99,232,68,1,3.6,39
Black,6.2,6.4,124,126,295,64,4,4.7,38
Sandy,5.6,4.0,164,131,299,52,1,0.5,47
Loamy,5.3,2.1,192,107,65,61,4,3.7,27
Clayey,7.1,7.8,40,63,37,48,4,0.4,22
Black,6.2,2.7,132,50,265,86,2,4.0,38
Sandy,5.2,6.0,167,44,239,28,5,2.9,11
Loamy,7.3,2.0,76,145,195,65,3,3.9,27
Clayey,6.8,3.3,22,125,253,45,5,1.9,17
Black,7.9,4.1,68,109,168,61,1,4.5,24
Sandy,5.0,2.3,63,13,117,53,1,1.6,26
Loamy,7.6,4.1,113,70,24,55,4,1.5,43
Clayey,7.2,2.1,30,57,178,49,5,4.8,0
Black,5.0,4.9,52,85,106,89,2,0.7,39
Sandy,7.3,5.6,20,8,250,62,3,3.0,17
Loamy,6.3,1.4,118,130,139,66,5,2.9,38
Clayey,8.3,7.1,76,146,191,28,4,1.3,10
Black,5.1,2.3,175,109,83,87,1,1.7,44
Sandy,7.1,2.6,104,140,113,53,5,1.5,15
Loamy,6.0,5.6,161,101,189,29,1,4.2,50
Clayey,8.3,4.3,115,96,254,53,4,2.0,30
Black,5.8,4.5,60,82,140,52,1,1.9,64
Sandy,8.3,1.9,198,87,119,16,4,3.2,0
Loamy,8.1,6.6,55,74,154,51,3,2.5,38
Clayey,5.6,5.3,52,40,88,71,2,2.2,22
Black,7.7,1.9,36,88,217,11,1,3.6,13
Sandy,8.5,3.6,94,133,225,86,5,2.1,0
Loamy,5.5,6.7,167,145,30,55,3,1.2,58
Clayey,6.2,5.0,103,144,149,47,2,3.7,36
Black,6.6,1.8,136,79,242,10,5,0.4,30
Sandy,5.7,3.6,19,104,129,56,5,5.0,0
Loamy,4.6,2.7,140,149,46,22,4,3.0,16
Clayey,5.4,4.6,69,57,213,69,2,1.2,42
Black,5.6,6.9,36,71,35,73,5,1.1,22
Sandy,6.3,4.1,132,14,92,77,5,1.4,23
Loamy,5.2,4.0,182,50,135,64,5,4.4,20
Clayey,8.0,7.3,71,87,220,40,3,4.2,6
Black,7.3,5.0,161,121,152,23,2,0.8,52
Sandy,4.8,5.0,55,8,183,14,4,3.0,0
Loamy,7.1,2.8,135,61,26,63,3,4.6,25
Clayey,7.1,5.3,181,42,80,62,3,3.7,21
Black,8.3,5.0,72,144,139,46,3,3.0,26
Sandy,4.5,3.8,13,35,50,66,4,1.1,1
Loamy,5.5,7.9,25,134,67,12,4,4.7,4
Clayey,8.2,7.2,188,133,110,86,3,4.5,0
Black,8.2,6.2,83,85,25,20,3,1.7,27
Sandy,7.4,4.8,121,29,103,51,1,2.5,38
Loamy,7.6,4.2,110,9,158,64,4,0.5,47
Clayey,4.9,2.3,185,52,294,47,5,3.2,4
Black,6.6,3.1,54,146,152,33,2,0.4,47
Sandy,5.4,6.4,140,56,122,18,2,4.5,3
Loamy,5.2,4.2,26,78,114,22,2,4.4,16
Clayey,7.7,7.2,174,103,37,27,3,1.5,18
Black,5.0,2.0,14,71,40,19,4,3.7,0
Sandy,6.4,4.6,184,123,25,21,1,2.3,40
Loamy,8.3,5.5,53,107,43,56,1,4.2,27
Clayey,5.2,4.6,170,37,244,19,2,0.4,40
Black,8.4,7.2,30,149,79,10,5,2.6,5
Sandy,8.5,7.9,77,38,239,66,5,2.0,13
Loamy,6.7,1.8,41,117,298,80,5,1.4,25
Clayey,5.2,1.9,33,55,65,20,5,1.1,0
Black,5.8,1.9,172,40,161,62,1,3.4,53
Sandy,6.2,5.8,155,17,97,13,1,1.1,43
Loamy,5.7,3.6,76,89,218,70,4,3.2,36
Clayey,5.6,6.1,112,17,134,19,1,2.0,38
Black,8.4,3.8,63,36,55,14,4,1.3,16
Sandy,5.1,5.4,163,137,79,70,4,3.9,9
Loamy,7.4,6.4,197,16,264,85,3,1.9,55
Clayey,4.5,4.8,134,41,98,39,1,0.2,38
Black,6.9,4.8,126,72,210,66,5,4.3,27
Sandy,8.2,1.6,74,110,116,42,2,1.6,10
Loamy,5.7,3.9,188,97,169,46,4,4.1,32
Clayey,5.2,4.8,123,45,62,77,2,2.8,25
Black,7.1,4.2,197,60,237,32,5,4.4,25
Sandy,7.4,7.3,196,73,226,79,4,2.1,24
Loamy,7.3,7.3,85,15,165,16,4,0.9,41
Clayey,5.8,6.8,26,141,278,28,1,0.2,43
Black,5.5,3.6,158,117,73,24,3,3.9,19
Sandy,8.3,6.0,117,32,138,41,2,3.9,9
Loamy,8.2,3.8,37,26,262,88,5,1.1,20
Clayey,6.3,2.6,53,89,161,68,3,4.8,7
Black,7.9,3.4,199,10,146,79,3,4.8,0
Sandy,6.3,1.5,179,30,244,79,1,1.9,39
Loamy,6.2,3.3,103,148,248,15,4,0.8,54
Clayey,5.1,4.2,31,18,260,85,5,1.5,14
Black,6.2,7.7,47,39,276,75,3,4.7,23
Sandy,6.6,3.2,23,46,264,13,3,3.1,1
Loamy,4.6,7.3,120,57,195,79,2,4.6,21
Clayey,6.3,2.6,131,104,29,66,5,0.2,30
Black,7.6,2.3,163,17,102,70,5,5.0,0
Sandy,7.2,4.6,177,15,158,65,3,3.2,25
Loamy,7.0,5.7,63,144,138,23,4,1.0,35
Clayey,8.1,1.3,150,101,146,16,5,2.6,0
Black,4.6,2.5,136,90,118,63,5,4.1,4
Sandy,6.7,4.2,28,57,85,67,2,0.8,26
Loamy,7.6,3.3,51,13,278,70,2,3.1,34
Clayey,6.7,6.0,50,75,162,81,2,3.5,12
Black,5.8,4.6,59,21,78,37,4,2.1,48
Sandy,5.0,2.1,140,14,263,64,4,2.8,18
Loamy,8.1,7.3,168,127,211,83,5,4.2,13
Clayey,6.4,3.1,85,43,149,62,4,4.8,3
Black,8.0,6.1,152,114,177,53,2,2.8,44
Sandy,6.8,6.5,191,93,185,37,4,3.5,17
Loamy,7.2,7.7,190,98,280,55,5,1.7,55
Clayey,7.7,4.5,182,111,152,58,3,1.7,32
Black,7.1,5.3,175,38,31,76,1,4.5,28
Sandy,6.1,3.3,108,37,151,36,4,0.6,36
Loamy,6.6,5.7,59,16,172,88,3,1.1,43
Clayey,7.7,4.2,161,91,74,48,5,1.4,18
Black,6.0,4.1,154,97,275,36,3,0.6,70
Sandy,6.1,7.0,155,111,145,44,3,3.4,29
Loamy,4.9,1.4,51,14,65,56,3,4.5,3
Clayey,8.2,7.2,154,129,193,61,2,0.2,37
Black,4.9,7.0,25,23,40,78,4,1.3,16
Sandy,7.1,4.5,94,27,274,75,3,4.6,0
Loamy,6.2,4.4,61,132,184,50,5,2.4,50
Clayey,6.1,3.5,45,89,287,59,1,4.4,26
Black,7.2,8.0,116,111,120,54,1,4.7,36
Sandy,4.8,1.8,176,103,168,29,1,5.0,0
Loamy,6.9,5.1,90,63,160,80,2,2.0,51
Clayey,7.6,5.8,162,78,52,45,4,1.8,23
Black,7.8,7.5,124,6,255,81,1,3.8,32
Sandy,5.2,6.5,51,52,217,79,2,3.0,16
Loamy,8.1,5.5,158,10,254,33,5,3.3,32
Clayey,7.1,1.8,77,47,139,45,5,2.7,4
Black,8.0,3.6,196,149,177,14,2,2.6,31
Sandy,6.4,2.0,133,131,56,29,4,1.6,19
Loamy,6.7,7.2,39,83,163,62,5,3.0,31
Clayey,8.2,6.2,194,125,64,49,4,1.4,23
Black,8.1,6.3,42,124,218,59,2,1.8,45
Sandy,6.3,5.6,112,33,257,83,5,3.2,18
Loamy,5.6,4.5,62,82,148,76,5,3.2,18
Clayey,6.1,2.0,153,62,200,44,3,2.9,34
Black,6.1,3.3,186,74,47,73,5,3.4,23
Sandy,5.6,2.0,142,13,86,46,1,2.1,33
Loamy,5.6,6.1,115,43,261,54,3,3.0,55
Clayey,7.9,2.1,86,126,263,47,2,0.6,25
Black,4.8,5.9,103,63,186,36,1,2.5,52
Sandy,7.2,5.8,69,48,285,74,1,3.0,22
Loamy,5.2,4.2,120,69,70,82,4,2.2,41
Clayey,5.9,1.9,64,15,128,12,3,0.2,20
Black,4.7,3.2,100,95,153,68,4,3.5,16
Sandy,5.6,3.2,172,88,186,39,3,2.3,28
Loamy,7.6,5.9,51,9,99,25,3,0.9,29
Clayey,8.0,1.8,78,118,118,38,1,4.9,0
Black,5.4,6.8,33,109,172,79,5,4.7,0
Sandy,6.4,6.3,127,20,102,87,4,0.9,28
Loamy,6.4,2.3,192,11,121,83,4,3.6,28
Clayey,8.0,6.0,151,48,250,33,1,2.6,39
Black,7.6,5.7,64,30,271,16,5,1.5,22
Sandy,6.6,6.2,24,40,44,58,3,3.5,6
Loamy,7.2,2.3,14,96,76,72,3,2.3,23
Clayey,7.9,2.1,110,16,119,55,5,4.5,0
Black,4.5,2.7,141,94,138,57,3,3.5,21
Sandy,6.1,3.6,39,72,170,34,4,2.6,20
Loamy,8.1,6.6,62,112,99,52,4,2.3,32
Clayey,7.5,6.2,82,108,169,64,4,0.3,31
Black,6.7,7.5,39,92,145,43,1,0.9,52
Sandy,6.6,1.4,113,99,60,74,3,0.3,12
Loamy,5.9,1.1,114,130,209,37,1,0.4,73
Clayey,6.6,5.9,117,34,82,50,3,0.4,38
Black,7.1,3.0,93,67,224,38,4,0.2,44
Sandy,6.2,3.3,101,7,223,41,4,4.0,19
Loamy,7.4,4.8,198,106,198,78,5,2.4,38
Clayey,7.9,1.7,80,96,124,43,3,3.8,0
Black,5.1,5.5,77,52,105,68,2,0.9,51
Sandy,6.3,3.3,64,12,270,70,1,4.2,24
Loamy,6.1,5.4,108,139,23,61,4,0.6,63
Clayey,7.2,6.8,106,41,203,72,5,1.7,25
Black,5.5,2.2,80,75,200,35,5,1.9,31
Sandy,7.1,7.5,82,86,35,86,4,1.3,12
Loamy,8.0,4.7,179,116,113,21,3,0.8,38
Clayey,6.2,7.5,86,107,298,31,5,3.2,27
Black,8.1,2.5,166,25,175,82,3,0.1,29
Sandy,8.5,5.2,172,38,35,65,5,4.0,0
Loamy,4.9,3.8,182,31,60,15,1,0.3,44
Clayey,5.4,6.4,117,12,156,45,3,4.8,14
Black,8.3,5.2,99,22,277,83,5,4.4,0
Sandy,8.3,4.5,108,144,62,68,4,2.1,17
Loamy,4.9,7.4,166,55,85,68,2,0.8,53
Clayey,4.6,3.6,12,140,227,77,4,4.4,0
Black,5.1,2.5,194,51,264,61,3,3.3,39
Sandy,8.5,5.3,128,60,262,77,4,2.6,9
Loamy,5.2,5.4,159,143,96,86,4,1.7,43
Clayey,6.5,4.1,120,146,238,89,2,2.9,41
Black,7.9,4.4,164,83,242,60,4,2.1,44
Sandy,4.6,7.7,31,18,40,77,5,2.4,0
Loamy,6.9,6.1,125,104,166,35,1,4.2,50
Clayey,5.6,1.8,122,7,96,82,2,4.8,0
Black,7.9,2.5,186,126,54,50,3,4.8,7
Sandy,5.6,7.8,33,11,145,84,5,4.5,0
Loamy,7.2,6.1,36,43,251,14,3,4.0,24
Clayey,7.2,7.4,45,119,106,62,2,2.3,30
Black,5.4,3.1,116,114,207,47,2,0.5,59
Sandy,4.6,6.2,154,69,64,62,4,3.2,5
Loamy,6.1,6.0,65,29,91,65,2,2.1,64
Clayey,5.7,3.1,19,35,235,28,3,3.5,1
Black,7.7,4.9,63,90,117,74,2,1.2,30
Sandy,7.7,5.4,90,142,290,78,1,3.8,6
Loamy,6.3,4.4,117,81,110,62,4,0.9,63
Clayey,6.9,6.8,175,141,161,28,2,4.1,16
Black,6.9,6.8,90,126,136,75,1,4.6,21
Sandy,7.8,7.0,136,12,21,57,3,4.5,0
Loamy,6.2,6.6,107,101,62,75,3,1.8,58
Clayey,5.6,4.4,141,23,90,82,1,2.0,38
Black,5.6,3.7,187,34,163,27,1,4.2,31
Sandy,6.6,6.8,70,13,265,89,2,3.5,12
Loamy,6.3,4.4,158,87,233,48,4,2.7,63
Clayey,6.3,2.7,45,51,126,82,4,4.8,0
Black,4.9,4.6,111,94,282,60,5,2.6,34
Sandy,7.4,2.0,55,5,195,32,1,1.3,29
Loamy,5.4,5.8,104,135,126,42,3,3.4,44
Clayey,5.3,3.4,80,5,105,69,5,2.6,10
Black,6.2,2.8,53,127,246,68,1,1.1,64
Sandy,5.4,7.7,73,141,101,35,1,0.8,36
Loamy,6.8,6.4,155,139,260,26,5,1.8,45
Clayey,6.0,6.5,22,34,21,62,4,4.9,1
Black,6.3,5.4,22,81,270,87,1,0.8,58
Sandy,6.6,6.9,34,85,61,86,5,2.4,0
Loamy,5.3,6.3,14,17,100,52,2,1.7,50
Clayey,5.1,5.2,137,17,281,57,2,4.7,23
Black,8.0,7.7,48,46,216,29,3,1.9,30
Sandy,6.2,2.3,166,128,267,44,4,1.2,36
Loamy,6.1,7.6,117,105,55,42,5,2.4,54
Clayey,4.6,3.8,194,82,122,85,4,0.9,9
Black,6.5,4.7,183,111,117,11,4,2.0,48
Sandy,6.7,1.9,170,40,164,43,5,3.7,0
Loamy,6.7,4.8,147,39,146,85,1,3.0,48
Clayey,7.3,5.3,195,60,86,41,2,0.2,43
Black,5.2,8.0,34,91,166,30,3,2.5,41
Sandy,5.5,7.8,83,9,100,14,1,4.1,6
Loamy,7.7,7.8,48,125,272,37,4,2.9,31
Clayey,8.3,3.4,25,91,261,57,4,2.4,9
Black,5.0,7.9,197,102,84,78,5,2.1,32
Sandy,6.5,4.2,165,139,90,79,2,2.7,31
Loamy,5.4,7.0,181,11,55,49,2,0.5,63
Clayey,4.7,2.5,195,8,86,15,3,4.0,0
Black,5.8,4.5,41,112,102,23,1,4.3,30
Sandy,5.1,7.8,72,132,189,76,3,3.0,10
Loamy,7.3,7.6,102,36,86,20,4,4.9,13
Clayey,6.6,5.8,54,32,117,48,4,2.8,16
Black,5.1,6.6,62,8,269,50,2,0.2,57
Sandy,4.5,2.2,198,113,227,33,4,2.4,12
Loamy,7.7,6.1,59,12,82,52,1,2.1,48
Clayey,5.2,5.3,164,146,97,83,1,1.1,38
Black,6.9,1.6,35,34,49,35,3,2.7,24
Sandy,5.8,1.8,140,135,270,38,1,2.3,47
Loamy,6.8,1.8,99,134,134,11,4,0.9,28
Clayey,5.8,6.1,48,14,238,39,5,2.6,29
Black,4.8,2.0,172,74,173,83,2,4.2,11
Sandy,5.4,4.3,62,123,240,85,2,2.6,21
Loamy,5.3,3.5,183,75,42,66,2,1.2,58
Clayey,6.2,4.9,31,148,233,68,5,3.5,19
Black,7.1,5.9,197,74,167,28,4,4.4,17
Sandy,5.6,5.8,143,95,227,63,1,1.8,50
Loamy,4.5,4.6,61,124,178,79,4,0.4,29
Clayey,6.6,4.3,84,39,186,32,3,4.6,10
Black,6.9,3.8,82,128,82,42,4,3.4,24
Sandy,8.4,7.0,38,116,295,75,4,5.0,0
Loamy,6.9,3.3,180,106,42,88,2,3.5,32
Clayey,6.4,2.8,131,134,243,20,4,0.7,33
Black,6.8,6.2,171,136,220,27,5,2.2,38
Sandy,8.2,3.5,168,86,234,74,2,0.3,20
Loamy,7.8,6.9,95,108,284,41,3,1.8,50
Clayey,5.8,3.3,55,45,248,13,5,3.9,1
Black,5.4,5.9,13,60,246,45,5,2.8,29
Sandy,5.6,1.3,11,59,296,66,3,2.3,12
Loamy,6.5,3.7,142,131,249,42,1,4.3,58
Clayey,7.5,3.4,55,79,234,23,4,1.0,16
Black,6.5,6.7,88,84,176,57,4,2.7,49
Sandy,4.8,7.8,156,132,32,46,1,3.3,20
Loamy,7.4,4.2,175,136,216,14,3,4.6,29
Clayey,7.7,6.8,68,49,130,59,1,0.9,30
Black,5.7,5.9,81,88,122,70,2,3.6,36
Sandy,7.2,7.8,29,12,122,78,2,0.3,16
Loamy,6.2,6.7,62,111,189,47,2,2.9,60
Clayey,8.1,1.5,116,121,128,55,1,3.3,14
Black,7.9,6.0,64,13,145,24,5,4.2,0
Sandy,6.6,4.7,176,35,254,46,2,1.7,45
Loamy,7.3,1.1,130,39,167,36,1,3.5,45
Clayey,8.0,2.8,173,22,190,10,2,0.6,20
Black,6.5,7.5,195,28,20,38,2,1.2,68
Sandy,5.8,7.5,24,90,59,81,4,3.9,0
Loamy,7.5,6.6,10,52,256,16,1,4.5,26
Clayey,5.4,7.9,104,146,26,38,4,0.2,33
Black,6.1,6.6,146,64,182,40,3,0.9,67
Sandy,8.0,1.1,160,97,176,47,2,1.1,20
Loamy,7.4,3.0,189,26,133,17,2,2.6,41
Clayey,6.1,1.2,163,34,131,46,4,0.9,31
Black,5.4,1.7,197,147,276,68,1,4.9,31
Sandy,5.9,2.5,27,25,92,88,5,2.0,3
Loamy,5.6,4.5,114,104,212,63,5,0.8,55
Clayey,5.2,6.9,195,16,292,67,3,3.9,26
Black,7.5,7.0,74,139,243,35,1,2.9,54
Sandy,5.5,5.3,86,107,113,57,1,4.6,11
Loamy,6.3,7.5,125,39,226,20,4,4.7,33
Clayey,6.0,4.5,78,72,189,32,2,4.3,27
Black,8.4,7.2,151,134,175,43,2,2.9,43
Sandy,6.1,4.2,183,24,263,42,1,1.2,60
Loamy,4.8,2.9,84,51,22,11,5,2.2,13
Clayey,4.9,7.4,169,88,239,70,3,2.5,30
Black,6.9,3.7,60,16,24,13,4,4.9,0
Sandy,6.9,4.5,24,57,213,21,1,1.3,28
Loamy,6.2,3.3,190,21,73,38,3,2.2,60
Clayey,6.2,5.6,78,22,228,51,1,2.9,49
Black,4.7,8.0,24,108,95,66,3,2.0,31
Sandy,6.6,1.2,39,76,237,59,3,0.7,17
Loamy,6.5,7.3,87,109,137,75,2,4.5,32
Clayey,5.1,1.0,161,88,299,16,4,4.0,0
Black,4.9,3.5,44,56,99,66,4,1.4,23
Sandy,5.0,2.2,78,41,206,55,2,2.3,26
Loamy,4.9,6.3,149,127,27,31,5,3.7,21
Clayey,6.9,1.4,55,101,110,20,4,4.9,0
Black,5.3,4.9,135,104,229,42,2,0.9,65
Sandy,5.5,3.1,173,124,277,63,3,3.2,22
Loamy,5.2,1.9,94,54,60,29,3,4.1,12
Clayey,8.3,6.4,57,51,234,14,4,0.2,11
Black,7.9,2.5,76,22,203,77,3,4.1,4
Sandy,5.4,2.6,191,126,260,23,4,4.0,0
Loamy,5.8,2.9,98,30,125,12,1,4.6,30
Clayey,5.3,5.1,173,124,41,67,2,0.5,43
Black,6.5,5.6,61,75,264,36,5,0.7,52
Sandy,4.6,1.1,31,47,293,13,4,2.6,0
Loamy,7.2,2.7,175,51,98,76,5,4.4,7
Clayey,6.6,4.0,108,89,42,73,2,4.4,5
Black,8.1,3.3,199,47,130,51,2,3.5,27
Sandy,5.2,7.2,140,132,149,38,1,2.3,40
Loamy,7.7,6.5,97,11,279,89,2,1.2,45
Clayey,7.7,5.4,145,36,173,44,3,2.4,28
Black,5.0,3.4,127,92,38,28,5,1.2,28
Sandy,6.1,5.9,48,69,68,88,2,3.9,9
Loamy,5.2,6.9,27,62,93,78,2,2.2,39
Clayey,5.5,5.2,114,96,233,40,5,2.7,28
Black,5.6,6.5,140,38,72,52,5,3.4,29
Sandy,6.7,6.2,155,94,209,82,1,2.7,33
Loamy,6.1,5.0,89,70,148,86,2,3.8,39
Clayey,8.3,3.2,126,102,163,30,3,4.0,6
Black,5.0,6.2,10,54,267,74,3,1.3,36
Sandy,8.4,2.4,126,28,199,86,1,1.6,19
Loamy,5.4,6.5,137,135,26,43,2,0.4,63
Clayey,7.6,6.6,35,118,225,70,5,0.5,14
Black,5.9,6.8,189,14,87,45,3,4.2,41
Sandy,5.1,4.3,21,138,162,89,2,1.1,20
Loamy,7.9,2.3,47,102,127,83,1,4.2,7
Clayey,5.7,1.7,94,56,204,50,1,4.9,11
Black,7.1,6.2,178,54,259,43,5,1.3,50
Sandy,6.8,7.2,62,114,170,34,1,2.4,35
Loamy,6.4,5.6,22,62,230,66,1,2.7,66
Clayey,6.5,2.0,137,17,97,74,1,4.7,12
Black,7.4,7.5,85,129,247,85,3,1.0,44
Sandy,4.9,7.9,22,63,266,31,5,4.2,0
Loamy,7.2,4.0,155,57,121,69,5,4.8,17
Clayey,8.1,5.2,156,24,233,63,5,2.8,17
Black,4.7,6.4,156,100,158,31,1,0.8,57
Sandy,5.1,6.2,57,14,205,70,1,1.7,41
Loamy,7.4,7.8,80,65,187,75,3,4.8,17
Clayey,6.2,1.8,165,81,77,54,1,0.9,48
Black,6.1,5.1,101,122,138,81,3,2.5,48
Sandy,5.0,5.8,156,88,107,78,5,1.0,13
Loamy,6.5,7.2,95,22,141,73,3,4.5,28
Clayey,5.0,7.1,92,125,263,19,2,3.0,25
Black,6.4,7.8,57,116,86,76,4,4.6,13
Sandy,7.6,4.6,38,76,149,20,1,4.7,0
Loamy,5.5,6.8,185,148,59,37,5,2.5,43
Clayey,6.4,4.0,28,108,231,14,4,4.7,0
Black,8.5,4.0,108,81,75,21,4,0.1,25
Sandy,7.2,2.8,56,30,219,53,5,1.0,14
Loamy,7.9,6.7,98,107,126,38,4,3.7,21
Clayey,6.2,7.9,69,8,214,87,3,2.7,30
Black,7.6,2.8,185,55,141,45,5,5.0,0
Sandy,4.7,1.4,157,135,114,44,5,3.9,0
Loamy,5.0,6.7,156,91,144,17,3,3.4,34
Clayey,5.3,5.3,51,70,145,25,2,4.6,0
Black,6.1,7.7,86,148,55,52,2,1.8,62
Sandy,7.9,2.8,85,32,236,78,4,0.9,2
Loamy,5.9,1.5,186,48,22,25,5,2.8,29
Clayey,7.1,4.4,152,6,49,65,3,1.3,38
Black,7.3,1.6,197,60,274,50,5,1.2,39
Sandy,6.8,2.8,77,124,64,86,3,1.6,9
Loamy,5.9,1.9,88,108,196,17,2,3.4,37
Clayey,6.8,2.6,164,122,241,63,2,0.2,42
Black,5.9,1.7,84,64,132,14,4,4.3,9
Sandy,4.8,7.7,192,51,141,18,3,3.1,2
Loamy,8.5,2.9,96,82,294,75,2,1.6,38
Clayey,5.0,4.1,24,140,251,80,1,0.7,33
Black,4.8,7.3,189,137,268,39,2,4.0,35
Sandy,8.0,5.7,168,27,122,74,5,2.2,0
Loamy,5.7,5.3,99,109,195,39,3,2.2,55
Clayey,7.1,5.9,16,14,255,56,1,2.4,38
Black,5.8,6.8,22,117,264,40,2,2.1,62
Sandy,6.1,7.1,191,31,152,69,2,2.6,46
Loamy,5.5,5.5,22,103,178,84,3,3.2,28
Clayey,5.9,7.2,157,5,299,89,1,2.2,53
Black,6.1,4.7,19,75,41,18,3,4.9,10
Sandy,7.4,2.9,133,119,121,85,2,2.0,21
Loamy,6.5,7.2,189,140,169,63,4,1.2,67
Clayey,8.3,4.8,174,143,76,70,3,4.9,0
Black,4.7,7.3,189,131,177,73,2,1.6,42
Sandy,6.5,1.3,135,120,214,89,3,3.1,17
Loamy,6.8,3.8,36,38,186,15,2,4.2,20
Clayey,8.2,7.6,171,135,213,54,3,0.1,35
Black,4.7,2.7,109,13,279,74,2,1.5,38
Sandy,6.8,7.6,199,93,219,86,1,2.7,33
Loamy,7.9,7.7,25,134,24,46,5,2.3,23
Clayey,5.5,7.2,68,27,110,82,5,0.5,10
Black,8.0,4.9,30,149,43,26,3,2.3,18
Sandy,4.6,5.5,25,24,255,34,2,0.6,23
Loamy,7.4,7.1,22,77,254,59,5,1.3,43
Clayey,8.2,6.4,42,33,245,80,5,3.8,0
Black,7.1,5.4,191,124,47,40,3,1.0,53
Sandy,6.3,7.9,78,62,171,41,3,3.4,26
Loamy,4.7,5.8,164,122,265,57,3,4.9,25
Clayey,8.2,7.8,61,36,24,26,4,1.3,5
Black,6.4,1.4,74,144,32,70,1,1.4,55
Sandy,4.6,2.0,53,64,74,66,1,4.8,0
Loamy,7.3,4.2,167,143,121,66,1,3.4,54
Clayey,6.4,3.7,160,105,233,79,2,3.9,27
Black,5.0,6.5,88,143,132,42,2,4.0,32
Sandy,5.4,2.1,25,116,109,28,1,3.7,0
Loamy,4.8,7.8,192,115,290,24,3,4.9,15
Clayey,6.8,3.2,27,84,266,44,4,1.4,22
Black,7.0,4.0,26,103,49,58,1,2.6,42
Sandy,6.5,2.9,61,5,47,45,3,3.4,14
Loamy,7.8,5.1,182,93,87,63,5,3.6,22
Clayey,7.9,1.4,65,117,162,45,4,1.0,8
Black,7.0,2.0,102,31,53,62,2,4.4,24
Sandy,4.6,6.2,191,120,246,69,5,4.1,0
Loamy,7.3,2.3,18,36,222,83,5,1.4,23
Clayey,6.2,2.6,154,10,80,53,5,2.8,22
Black,6.8,6.6,36,45,210,42,3,1.5,49
Sandy,7.1,1.7,46,91,21,53,1,1.9,23
Loamy,5.9,4.1,31,61,137,64,5,2.7,40
Clayey,8.2,1.2,81,143,71,83,1,2.7,3
Black,5.0,3.4,175,94,34,53,5,2.7,31
Sandy,7.2,5.9,108,135,115,60,3,2.8,25
Loamy,4.5,1.6,81,52,117,60,1,3.2,29
Clayey,8.2,7.2,181,138,74,16,2,0.2,23
Black,5.0,7.4,132,11,297,10,4,0.8,45
Sandy,4.9,1.7,100,48,264,22,5,2.4,0
Loamy,5.8,7.9,45,65,57,82,5,3.6,22
Clayey,6.0,3.1,107,90,139,57,3,2.6,36
Black,5.4,1.6,162,52,277,56,4,3.2,32
Sandy,6.8,1.0,51,65,159,56,1,4.9,0
Loamy,6.3,3.9,120,101,202,19,5,3.7,34
Clayey,4.6,5.4,22,135,232,35,2,4.7,1
Black,5.8,3.3,193,6,145,59,2,0.2,62
Sandy,7.7,6.9,88,48,159,56,3,2.3,18
Loamy,7.3,6.0,127,23,128,53,5,1.8,48
Clayey,7.4,3.5,188,54,28,10,3,3.6,7
Black,7.3,6.1,187,24,51,72,4,4.7,11
Sandy,5.7,7.6,61,61,254,26,2,0.3,27
Loamy,4.9,1.7,170,117,92,26,2,0.4,33
Clayey,5.6,3.1,104,54,155,48,3,3.4,22
Black,7.8,4.2,162,99,273,52,4,1.8,45
Sandy,8.4,4.5,121,109,135,85,1,1.1,23
Loamy,6.5,4.8,67,111,175,50,4,4.8,31
Clayey,4.5,3.1,177,97,101,24,3,0.2,12
Black,5.1,5.7,96,8,126,10,3,1.4,38
Sandy,5.8,5.5,175,142,248,67,4,1.7,45
Loamy,6.8,5.0,12,67,136,63,3,3.9,26
Clayey,4.8,1.8,125,61,232,84,2,2.9,11
Black,8.3,4.3,25,109,186,14,3,1.7,25
Sandy,6.0,3.5,139,69,68,71,1,0.9,38
Loamy,8.2,4.4,32,144,240,80,2,1.2,39
Clayey,7.6,7.5,107,66,298,55,5,0.3,25
Black,7.5,4.4,167,134,198,74,2,4.2,30
Sandy,6.9,1.1,19,130,190,37,2,0.7,17
Loamy,7.0,4.1,74,148,23,50,2,4.1,35
Clayey,7.1,6.7,31,33,214,32,4,0.8,29
Black,7.0,6.5,61,55,277,41,5,4.5,17
Sandy,6.7,4.6,120,18,64,67,1,3.4,29
Loamy,8.4,2.7,193,98,227,48,2,1.8,53
Clayey,7.4,4.3,170,62,134,42,4,2.0,33
Black,7.6,4.9,89,141,149,67,3,1.5,37
Sandy,8.0,8.0,167,132,179,41,5,1.1,17
Loamy,5.4,5.5,161,41,20,59,1,4.6,42
Clayey,4.8,5.9,142,107,293,60,5,1.0,25
Black,6.4,4.4,62,16,179,86,1,1.0,59
Sandy,6.6,3.5,192,89,284,28,1,1.9,35
Loamy,7.8,6.7,32,143,267,12,3,4.9,4
Clayey,6.3,4.5,115,31,43,26,1,2.4,44
Black,6.8,8.0,100,92,286,52,3,1.8,55
Sandy,6.6,4.2,128,102,175,38,2,5.0,12
Loamy,4.7,1.5,147,24,291,53,5,3.7,17
Clayey,7.0,5.8,129,145,112,61,1,4.7,21
Black,7.8,1.3,170,51,31,37,3,1.3,31
Sandy,5.1,2.8,102,12,257,43,2,3.8,20
Loamy,6.9,3.5,71,75,140,89,5,4.5,1
Clayey,6.9,6.2,91,68,109,63,2,2.7,31
Black,5.2,4.5,164,48,94,11,4,2.2,36
Sandy,5.0,1.2,16,16,50,26,5,1.6,0
Loamy,8.4,5.3,109,109,214,27,3,2.9,36
Clayey,6.1,3.9,164,8,108,37,1,1.0,54
Black,5.4,7.5,83,44,117,37,3,2.2,45
Sandy,5.2,4.5,147,5,148,61,3,3.4,19
Loamy,7.2,6.0,66,123,114,25,3,3.3,27
Clayey,6.9,2.5,39,145,183,42,5,3.5,0
Black,7.1,6.3,12,54,249,14,5,3.0,17
Sandy,4.9,6.0,166,113,159,54,4,0.1,22
Loamy,8.1,7.3,23,48,128,46,2,0.2,41
Clayey,6.1,1.2,86,113,33,61,3,2.9,21
Black,5.8,4.1,92,102,180,73,4,4.8,19
Sandy,6.3,5.8,162,85,151,71,4,1.1,32
Loamy,6.1,1.7,147,80,132,14,5,3.6,22
Clayey,8.0,3.9,88,84,113,20,2,2.2,11
Black,8.2,7.6,186,56,108,12,4,0.8,28
Sandy,5.7,4.1,47,67,153,60,1,0.3,37
Loamy,8.0,7.9,151,88,280,69,4,3.6,34
Clayey,7.6,1.4,167,142,225,75,5,0.8,4
Black,8.2,6.0,49,91,53,66,3,1.6,33
Sandy,5.5,5.1,149,115,188,26,5,2.1,16
Loamy,6.8,4.5,151,63,165,12,5,3.6,26
Clayey,5.6,7.8,138,12,39,12,2,2.0,33
Black,7.8,1.9,77,55,126,49,1,2.0,36
Sandy,4.5,7.3,58,137,155,89,1,4.0,0
Loamy,6.8,5.8,27,80,45,85,2,0.1,41
Clayey,5.9,2.8,173,82,265,72,2,3.8,25
Black,5.8,7.3,73,128,174,60,4,2.7,48
Sandy,7.1,4.0,105,16,61,10,1,2.8,22
Loamy,7.9,6.7,37,28,197,60,5,1.8,31
Clayey,6.9,3.7,169,49,100,13,4,0.6,19
Black,7.9,7.0,34,57,196,13,1,0.5,36
Sandy,5.6,5.5,184,149,212,56,3,1.8,40
Loamy,6.6,2.0,157,122,210,48,5,3.6,30
Clayey,6.3,5.5,170,41,265,58,5,4.5,20
Black,4.5,2.3,39,79,119,66,4,4.1,0
Sandy,6.7,3.9,174,83,54,48,1,4.0,19
Loamy,7.1,2.2,190,27,61,77,2,0.1,44
Clayey,6.9,1.2,111,53,189,26,3,1.0,20
Black,7.4,2.5,126,132,76,24,5,4.7,0
Sandy,6.8,4.8,115,139,73,37,2,4.4,13
Loamy,4.8,4.4,83,41,207,25,2,0.7,44
Clayey,5.0,4.5,78,148,105,15,2,3.2,14
Black,6.9,2.7,17,42,83,41,2,2.2,36
Sandy,5.6,5.8,132,103,100,34,4,0.1,28
Loamy,4.8,5.9,106,33,287,48,5,4.0,25
Clayey,6.2,3.5,110,107,204,26,2,4.7,18
Black,6.7,7.2,10,149,45,55,2,4.6,18
Sandy,5.8,5.5,104,114,257,88,1,2.0,50
Loamy,7.4,6.0,16,64,244,62,5,4.0,22
Clayey,7.1,2.9,71,67,109,60,3,2.5,19
Black,5.8,1.0,120,43,36,27,2,4.9,16
Sandy,7.5,7.1,96,130,107,29,4,4.8,0
Loamy,7.1,6.8,195,87,43,14,2,3.9,34
Clayey,7.0,1.9,96,25,242,71,2,2.4,21
Black,6.7,3.6,132,36,77,21,2,4.5,18
Sandy,4.5,5.6,17,32,208,39,5,1.2,7
Loamy,7.3,5.6,73,107,241,25,5,1.1,38
Clayey,6.0,7.0,145,16,70,11,2,2.8,35
Black,8.3,2.0,140,125,107,85,4,4.1,0
Sandy,7.8,4.0,136,115,241,12,3,0.4,17
Loamy,6.9,1.7,195,83,186,17,1,3.9,33
Clayey,5.5,3.7,136,96,213,46,3,4.8,13
Black,5.3,1.1,169,124,120,62,4,2.8,28
Sandy,5.9,7.3,125,89,221,64,4,1.1,45
Loamy,6.4,4.7,58,84,32,58,3,3.2,47
Clayey,5.7,6.9,175,19,166,68,3,1.1,42
Black,6.6,1.4,139,105,281,69,2,2.0,54
Sandy,5.2,2.6,136,16,165,87,3,3.5,4
Loamy,8.4,2.8,146,136,28,55,3,2.0,41
Clayey,4.9,3.7,55,39,100,72,2,2.5,5
Black,8.2,6.6,74,99,87,88,4,2.8,13
Sandy,8.2,3.7,186,31,145,41,5,1.8,9
Loamy,6.6,2.4,166,129,69,75,2,0.5,45
Clayey,7.4,1.5,99,17,89,13,3,2.6,6
Black,6.2,1.6,38,6,158,38,1,2.5,50
Sandy,7.0,6.3,42,41,189,58,3,2.2,25
Loamy,5.9,4.1,37,118,109,32,1,1.0,67
Clayey,5.7,6.1,104,124,158,12,2,0.4,37
Black,6.8,5.8,92,73,91,63,5,4.2,16
Sandy,6.5,1.9,121,22,264,30,5,2.7,23
Loamy,6.8,2.0,163,52,86,89,1,4.9,19
Clayey,5.6,6.3,123,85,149,53,4,4.9,3
Black,6.0,6.0,38,70,229,29,1,2.9,50
Sandy,4.8,3.6,148,110,213,66,1,2.5,30
Loamy,4.7,1.5,111,62,45,78,2,1.0,32
Clayey,5.5,1.1,171,82,237,80,3,2.0,23
Black,4.8,3.0,113,11,55,61,4,3.9,13
Sandy,4.9,1.1,57,107,35,89,1,4.8,0
Loamy,7.8,2.6,164,113,97,26,2,3.0,25
Clayey,4.7,3.9,133,13,40,75,4,3.1,0
Black,7.1,1.8,177,73,154,21,5,4.7,0
Sandy,5.6,1.7,168,136,264,67,5,0.7,20
Loamy,8.0,7.3,176,137,203,86,2,3.1,39
Clayey,6.4,5.1,120,60,191,14,4,3.0,27
Black,5.7,7.5,33,60,73,89,3,1.1,32
Sandy,6.6,3.4,32,48,112,81,2,3.9,0
Loamy,6.0,5.7,198,76,195,65,3,0.7,72
Clayey,6.8,2.4,164,145,209,55,1,0.4,47
Black,5.0,5.3,25,136,265,81,3,2.5,33
Sandy,8.5,1.9,182,19,211,27,2,1.6,15
Loamy,6.2,1.0,36,124,123,53,4,2.2,38
Clayey,5.9,7.5,142,114,87,52,3,0.7,48
Black,7.3,4.9,196,86,174,89,1,2.3,54
Sandy,6.0,7.5,44,88,245,88,4,2.3,22
Loamy,7.8,3.3,183,5,252,86,5,4.8,1
Clayey,6.3,3.3,65,143,123,31,5,3.6,8
Black,7.4,3.8,136,97,259,69,4,4.6,25
Sandy,4.9,5.9,161,92,231,72,2,3.9,6
Loamy,7.9,5.0,147,88,145,33,3,4.0,28
Clayey,7.4,7.5,47,49,142,74,3,4.3,0
Black,5.3,1.2,185,78,55,38,4,1.4,36
Sandy,5.1,6.0,18,72,257,10,3,2.2,15
Loamy,5.8,3.3,187,8,261,10,5,4.4,25
Clayey,8.4,2.3,78,52,152,82,4,0.4,1
Black,5.5,4.6,185,101,246,30,3,0.4,60
Sandy,6.3,4.5,176,141,109,87,1,3.3,30
Loamy,4.6,2.0,14,94,274,37,2,4.6,12
Clayey,6.1,2.4,93,64,102,27,1,4.0,15
Black,6.8,3.9,148,56,158,61,1,4.0,43
Sandy,8.3,3.9,69,128,39,75,3,1.9,1
Loamy,6.6,3.2,164,90,103,71,4,3.0,27
Clayey,7.8,2.0,144,101,46,28,5,3.9,0
Black,6.7,1.0,197,52,77,11,4,4.0,6
Sandy,4.7,7.8,187,137,236,79,3,2.9,11
Loamy,5.8,7.6,76,31,144,64,3,4.0,41
Clayey,6.8,4.4,78,5,219,88,5,0.2,18
Black,8.3,8.0,192,55,233,66,1,4.7,33
Sandy,7.9,5.7,86,148,175,20,1,4.4,0
Loamy,5.4,1.5,153,103,37,25,4,0.4,32
Clayey,5.4,1.8,127,104,124,71,2,2.2,21
Black,5.3,7.4,21,107,178,36,3,4.6,19
Sandy,8.2,5.4,36,51,60,31,5,2.6,0
Loamy,7.9,6.9,170,19,26,12,4,0.5,33
Clayey,7.6,7.3,94,41,24,12,5,4.8,0
Black,6.1,4.1,117,134,40,30,1,1.9,73
Sandy,6.5,1.3,64,80,153,52,1,2.6,31
Loamy,6.4,2.3,61,36,139,79,4,3.2,24
Clayey,5.5,1.5,46,59,261,46,2,4.2,7
Black,6.5,2.3,122,103,125,65,1,4.4,40
Sandy,4.6,3.9,129,60,150,48,5,3.3,0
Loamy,5.0,1.8,24,33,57,29,3,4.7,0
Clayey,8.0,2.2,93,113,106,74,3,1.2,4
Black,7.5,4.1,92,88,132,44,2,4.5,28
Sandy,6.2,3.4,74,120,270,52,4,1.0,33
Loamy,6.6,4.3,12,75,90,30,2,4.5,25
Clayey,6.0,4.0,114,86,283,19,5,1.2,32
Black,7.5,5.5,142,57,88,54,2,3.6,42
Sandy,7.6,7.6,146,89,274,12,3,4.1,0
Loamy,7.6,1.8,138,90,294,52,1,2.0,55
Clayey,7.4,1.7,39,80,105,61,1,0.7,27
Black,5.3,7.0,80,15,237,50,4,1.9,48
Sandy,5.9,4.5,157,80,69,50,5,0.4,33
Loamy,6.4,6.4,102,34,153,86,4,3.3,44
Clayey,5.8,2.5,36,83,249,18,2,3.5,16
Black,7.5,6.8,72,111,80,55,2,1.4,51
Sandy,5.8,7.5,90,86,271,25,2,3.3,26
Loamy,5.1,5.4,40,140,249,56,5,0.4,44
Clayey,6.1,1.7,156,24,77,37,1,0.3,48
Black,8.4,7.3,123,16,204,37,3,2.1,49
Sandy,5.4,6.5,111,71,222,84,3,2.5,25
Loamy,6.9,6.3,102,130,51,20,2,0.2,53
Clayey,6.2,1.3,199,144,164,38,2,3.0,35
Black,4.8,6.6,144,58,188,65,2,4.2,30
Sandy,6.5,2.0,174,84,41,85,5,2.1,13
Loamy,7.3,2.6,80,128,98,81,3,3.8,15
Clayey,6.6,5.0,95,78,155,66,4,0.8,32
Black,8.0,2.9,145,146,195,62,1,2.7,43
Sandy,5.7,5.6,194,136,96,83,4,4.0,0
Loamy,4.8,5.3,37,120,49,68,1,3.4,33
Clayey,8.2,1.8,91,63,172,44,5,3.9,0
Black,6.0,5.6,104,68,232,61,1,3.6,64
Sandy,6.8,7.5,26,132,198,45,5,0.7,15
Loamy,7.7,2.1,148,22,102,86,3,0.6,29
Clayey,5.8,5.2,152,86,219,67,1,4.9,36
Black,7.4,3.4,167,35,148,11,2,2.5,38
Sandy,5.0,4.2,104,88,210,37,2,3.7,28
Loamy,5.7,3.0,130,46,71,79,5,3.4,18
Clayey,5.1,3.5,15,135,102,72,3,0.3,10
Black,7.7,1.2,21,89,207,61,5,2.5,11
Sandy,5.4,7.9,96,14,32,69,4,2.7,15
Loamy,7.4,5.4,198,75,238,45,4,4.1,39
Clayey,8.3,4.5,112,26,36,71,4,4.8,0
Black,6.6,3.7,113,80,261,52,2,1.5,61
Sandy,6.7,4.8,173,17,177,48,4,0.4,32
Loamy,6.3,3.7,44,127,185,14,1,2.4,54
Clayey,5.8,3.5,76,145,158,84,4,0.2,25
Black,6.4,4.2,115,101,47,59,2,2.0,68
Sandy,6.9,2.9,101,99,180,25,1,1.4,30
Loamy,8.4,2.3,72,55,201,61,3,1.3,39
Clayey,8.3,4.9,92,87,299,78,5,0.1,10
Black,7.9,6.9,177,100,174,80,5,1.3,27
Sandy,8.1,2.1,91,94,233,12,1,1.7,16
Loamy,6.4,1.2,40,130,88,19,1,4.6,19
Clayey,7.1,2.7,46,17,228,60,5,0.5,18
Black,8.1,7.9,142,122,176,78,5,3.9,8
Sandy,6.1,6.8,124,79,94,41,1,3.7,36
Loamy,8.3,5.2,130,23,250,14,5,1.7,35
Clayey,6.2,7.5,141,102,84,52,3,4.5,23
Black,6.9,4.1,127,115,290,21,4,3.3,32
Sandy,7.3,7.9,163,112,102,40,4,0.6,28
Loamy,8.3,3.1,161,39,93,31,3,1.1,42
Clayey,5.5,2.7,176,97,284,68,4,2.1,32
Black,7.5,5.5,193,104,288,61,4,4.8,27
Sandy,6.6,3.6,191,100,109,56,4,1.4,23
Loamy,5.6,5.4,47,88,21,58,2,2.2,51
Clayey,7.6,3.1,119,71,195,65,3,2.8,18
Black,6.7,5.3,191,140,144,40,5,1.8,43
Sandy,7.1,2.9,156,23,287,68,1,3.5,28
Loamy,5.8,1.4,35,35,234,79,3,3.3,30
Clayey,6.4,7.4,136,36,86,85,3,0.4,38
Black,7.0,7.2,61,59,197,52,2,2.2,52
Sandy,6.1,7.8,127,107,286,83,2,3.9,26
Loamy,5.3,6.0,70,55,24,14,4,3.2,23
Clayey,8.3,5.8,159,126,221,13,2,2.4,26
Black,6.5,4.9,154,96,136,24,5,3.7,26
Sandy,7.4,1.9,148,114,251,11,5,3.4,0
Loamy,6.1,2.3,120,47,103,58,4,4.2,32
Clayey,5.9,3.0,176,79,108,65,2,0.3,47
Black,6.1,7.2,198,75,246,17,4,2.7,48
Sandy,6.1,2.2,58,76,130,25,1,3.3,12
Loamy,6.7,7.5,116,107,31,73,2,3.4,39
Clayey,6.7,4.7,102,45,46,33,2,4.6,17
Black,6.5,6.0,133,82,124,64,2,2.1,67
Sandy,5.0,1.8,70,28,105,63,2,4.0,0
Loamy,6.5,2.9,149,34,175,78,5,4.0,25
Clayey,5.2,7.7,150,56,218,87,4,1.4,30
Black,5.0,2.9,67,61,156,87,5,1.4,22
Sandy,8.2,3.1,20,83,50,69,4,4.7,0
Loamy,6.9,2.4,168,121,183,40,1,1.7,64
Clayey,7.1,1.9,148,35,132,29,2,2.1,22
Black,6.1,2.6,131,80,290,86,3,3.1,41
Sandy,8.1,5.5,114,34,277,63,5,1.7,20
Loamy,7.1,4.2,180,117,220,18,3,3.3,42
Clayey,7.6,4.9,45,142,20,43,1,1.5,28
Black,6.0,1.9,139,138,230,85,3,2.7,43
Sandy,8.3,6.6,96,24,284,89,1,2.8,17
Loamy,7.8,6.5,70,24,207,74,5,4.0,7
Clayey,7.9,1.2,173,16,260,25,1,4.3,0
Black,5.2,3.7,87,89,212,79,5,3.4,16
Sandy,5.6,1.5,58,53,129,15,5,1.4,0
Loamy,5.6,6.5,164,14,130,44,3,2.4,54
Clayey,5.6,6.2,149,9,84,12,4,2.9,14
Black,7.9,7.3,195,68,84,30,4,1.6,38
Sandy,4.6,2.7,15,140,254,16,4,4.7,0
Loamy,4.8,4.2,53,21,114,87,2,0.6,34
Clayey,5.6,2.3,184,71,216,39,3,4.2,14
Black,5.3,3.6,32,25,215,31,1,2.2,52
Sandy,5.4,4.7,124,20,57,23,4,4.7,0
Loamy,7.7,1.4,107,31,58,64,3,2.7,30
Clayey,6.8,6.0,117,119,168,76,2,3.7,20
Black,4.5,4.8,105,10,183,14,3,3.7,20
Sandy,6.2,6.8,35,46,239,78,1,3.5,24
Loamy,6.1,2.9,144,148,295,68,4,0.3,63
Clayey,5.0,7.3,169,7,62,18,1,3.1,27
Black,7.2,8.0,42,44,257,57,2,4.5,30
Sandy,7.3,7.4,91,24,182,46,1,4.2,20
Loamy,7.4,6.4,157,11,126,77,2,4.6,27
Clayey,7.4,6.7,104,63,124,29,1,2.3,35
Black,4.5,5.0,189,143,88,59,2,2.3,45
Sandy,8.3,2.3,179,97,128,33,3,4.1,0
Loamy,7.8,5.7,138,56,199,80,3,1.6,42
Clayey,8.1,6.0,16,135,151,58,3,3.8,1
Black,4.6,7.9,133,25,26,17,3,2.6,27
Sandy,8.2,4.8,67,15,168,84,1,1.4,19
Loamy,7.7,2.9,95,54,204,82,5,3.3,10
Clayey,7.8,5.8,187,13,175,15,2,1.5,27
Black,4.9,7.9,43,49,264,49,2,3.4,31
Sandy,7.5,2.2,60,33,291,63,5,2.9,3
Loamy,8.3,3.3,129,66,57,86,2,3.6,21
Clayey,7.2,4.8,147,19,134,26,2,3.0,23
Black,6.8,2.2,120,23,138,60,3,3.8,26
Sandy,8.3,1.2,115,147,151,11,2,5.0,0
Loamy,6.3,3.4,35,39,75,39,2,2.4,53
Clayey,6.9,7.1,41,145,139,41,4,3.0,13
Black,6.4,1.3,133,148,69,59,2,0.6,56
Sandy,8.2,4.0,179,71,101,80,5,4.8,0
Loamy,4.8,6.3,199,99,68,25,2,3.0,33
Clayey,6.5,7.7,21,59,67,88,5,0.6,16
Black,7.2,7.9,177,39,153,64,2,2.1,61
Sandy,7.7,4.0,96,20,257,66,5,0.5,12
Loamy,6.8,7.7,87,133,192,87,2,2.5,46
Clayey,8.1,1.2,43,18,164,54,2,1.5,15
Black,8.3,6.2,79,66,206,61,4,1.8,38
Sandy,4.8,5.5,164,139,139,80,4,0.4,8
Loamy,6.1,2.7,17,103,203,56,2,3.8,42
Clayey,4.6,4.6,184,33,98,42,4,4.2,1
Black,5.8,1.9,90,97,182,33,1,0.8,61
Sandy,6.6,7.1,35,10,27,44,1,3.8,14
Loamy,8.1,3.5,66,93,118,73,3,0.7,25
Clayey,7.9,5.4,144,6,46,89,3,0.5,18
Black,5.0,2.1,35,100,295,69,1,0.7,50
Sandy,4.9,2.4,196,40,298,38,3,0.3,22
Loamy,6.9,7.9,123,100,223,27,2,1.9,60
Clayey,6.6,6.3,127,41,179,67,2,4.8,19
Black,5.6,7.7,125,106,197,57,3,4.5,32
Sandy,8.1,3.1,56,73,211,20,1,1.7,15
Loamy,8.2,2.2,111,74,59,12,5,4.0,0
Clayey,6.1,4.5,133,111,255,51,2,4.1,39
Black,8.1,4.5,172,19,52,27,4,0.8,28
Sandy,6.0,2.2,167,102,48,25,5,1.2,14
Loamy,7.4,6.1,187,51,52,50,4,3.5,38
Clayey,6.4,3.5,33,112,119,74,2,1.4,27
Black,5.0,2.3,39,112,164,52,3,4.7,10
Sandy,8.2,3.3,63,73,84,52,4,1.2,4
Loamy,6.3,4.9,76,56,141,40,1,4.0,51
Clayey,7.4,6.1,41,6,62,37,4,3.8,5
Black,6.0,4.4,17,49,228,60,1,2.6,61
Sandy,4.6,4.7,187,115,249,36,5,1.4,20
Loamy,4.9,2.0,184,96,146,18,5,0.3,19
Clayey,6.5,7.4,55,126,205,47,3,4.2,24
Black,7.3,7.5,89,69,256,45,1,2.0,64
Sandy,5.8,5.8,44,120,110,69,3,1.8,33
Loamy,7.3,1.1,198,131,62,66,4,0.3,41
Clayey,7.3,4.8,98,71,65,56,3,0.8,33
Black,7.3,5.4,88,98,44,77,4,1.9,32
Sandy,6.5,8.0,188,133,214,60,5,3.5,25
Loamy,8.2,8.0,145,63,118,67,3,1.1,48
Clayey,6.5,7.0,43,119,275,57,5,0.9,35
Black,6.3,1.4,34,120,265,68,4,1.4,43
Sandy,5.3,7.7,122,51,185,85,1,1.5,37
Loamy,5.7,5.3,181,113,276,56,2,2.1,69
Clayey,4.7,6.6,92,22,297,24,4,1.9,15
Black,7.0,3.9,52,117,208,87,4,0.5,32
Sandy,5.5,3.2,135,37,205,81,2,3.1,18
Loamy,5.7,4.2,187,147,201,11,2,0.7,60
Clayey,7.6,2.0,22,28,294,88,5,4.4,0
Black,5.8,3.5,183,40,246,70,4,4.3,37
Sandy,5.5,7.0,134,64,53,49,4,0.5,28
Loamy,5.2,1.3,85,94,226,52,3,2.1,46
Clayey,7.6,2.1,96,55,63,57,2,2.4,15
Black,5.0,1.9,190,148,264,81,1,5.0,20
Sandy,6.3,3.8,113,108,273,78,4,1.3,31
Loamy,6.5,8.0,139,20,128,66,3,3.2,56
Clayey,7.2,2.2,49,137,133,77,1,2.3,16
Black,7.0,2.0,32,138,297,21,5,3.9,1
Sandy,7.7,7.4,196,34,256,83,3,1.3,20
Loamy,4.7,7.2,78,55,48,77,1,3.4,27
Clayey,5.7,1.2,43,76,241,60,4,0.7,18
Black,5.6,6.3,164,132,290,83,3,0.2,50
Sandy,5.1,5.6,64,111,261,38,2,0.2,37
Loamy,5.7,6.4,115,131,116,38,1,2.5,63
Clayey,5.7,4.5,13,133,282,22,4,3.9,0
Black,6.6,7.9,79,98,26,66,3,2.9,37
Sandy,7.2,1.3,164,62,292,55,1,0.3,38
Loamy,6.0,2.6,56,17,224,29,5,2.8,30
Clayey,7.4,3.8,123,31,203,68,5,0.7,31
Black,5.8,4.1,126,125,77,45,2,4.8,40
Sandy,5.7,7.4,127,144,130,10,3,1.8,23
Loamy,6.7,4.9,177,22,205,12,3,2.6,49
Clayey,4.6,1.3,164,123,150,53,2,1.8,21
Black,4.8,3.9,16,19,108,64,3,2.4,22
Sandy,6.2,3.9,160,148,137,69,5,4.8,1
Loamy,8.3,7.8,122,101,276,12,5,1.4,35
Clayey,7.4,5.2,107,78,129,72,2,3.6,17
Black,4.9,5.4,38,51,86,40,4,3.8,9
Sandy,7.9,6.0,198,23,167,70,2,1.0,32
Loamy,7.4,6.4,181,95,239,58,5,3.7,38
Clayey,6.9,5.4,124,35,233,53,2,3.3,37
Black,7.8,2.7,164,20,81,61,5,1.5,26
Sandy,6.1,7.1,149,82,75,40,4,2.7,31
Loamy,5.4,6.1,154,27,115,81,5,3.0,28
Clayey,6.5,6.2,46,45,165,58,3,4.2,20
Black,6.7,8.0,43,16,67,55,1,0.7,53
Sandy,6.7,6.6,173,79,297,63,4,4.9,5
Loamy,6.8,6.8,143,89,222,20,1,3.9,46
Clayey,8.3,7.7,105,75,218,74,4,2.7,13
Black,8.1,2.1,169,130,143,26,4,3.9,0
Sandy,8.0,4.5,82,74,219,37,4,3.7,2
Loamy,7.7,5.1,131,8,94,83,4,2.4,29
Clayey,8.3,3.3,159,67,176,18,5,1.7,6
Black,4.9,6.9,19,54,153,43,3,4.9,4
Sandy,5.6,6.3,38,34,139,29,5,4.4,0
Loamy,6.5,6.0,148,20,31,12,5,4.8,20
Clayey,7.9,8.0,101,8,254,10,3,0.3,25
Black,6.5,2.8,65,30,127,69,4,4.1,22
Sandy,7.5,6.1,94,143,52,59,3,4.5,3
Loamy,5.1,4.9,104,96,139,17,1,2.4,54
Clayey,5.5,3.2,67,112,275,27,3,4.5,0
Black,7.4,2.1,61,55,102,39,5,0.6,26
Sandy,5.2,7.3,70,46,200,31,4,0.4,24
Loamy,5.9,5.2,26,139,247,18,5,1.5,43
Clayey,5.6,6.8,39,22,294,31,1,0.2,44
Black,5.9,4.8,81,7,205,19,4,3.5,34
Sandy,7.3,2.5,46,24,230,76,2,4.6,0
Loamy,6.0,3.4,142,102,268,18,5,1.5,50
Clayey,6.7,3.7,163,77,62,56,5,3.3,11
Black,4.9,7.8,89,78,92,49,3,2.4,33
Sandy,7.7,1.0,138,127,38,45,4,1.3,6
Loamy,6.0,7.9,146,74,184,28,5,4.6,26
Clayey,7.1,7.9,80,149,286,11,1,4.8,10
Black,7.4,8.0,116,83,147,54,4,0.8,48
Sandy,5.3,4.3,161,145,161,42,4,3.9,13
Loamy,8.0,7.7,142,46,53,73,3,1.0,38
Clayey,7.0,3.8,188,48,117,35,5,2.5,19
Black,6.2,1.2,175,84,229,43,5,1.9,48
Sandy,5.2,2.6,166,71,217,72,2,1.3,27
Loamy,8.3,7.6,183,24,275,37,2,3.4,46
Clayey,7.5,1.1,189,51,61,89,4,4.3,0
Black,5.3,4.8,130,28,123,87,5,3.9,14
Sandy,5.9,1.5,183,27,208,15,3,3.6,13
Loamy,7.7,3.0,84,133,81,20,5,0.4,16
Clayey,7.3,1.6,77,127,162,55,3,0.6,24
Black,7.6,7.0,196,119,241,29,2,2.4,41
Sandy,6.3,5.1,147,70,39,45,1,2.8,45
Loamy,7.4,7.3,107,137,299,25,5,3.6,29
Clayey,6.0,5.8,141,22,284,79,2,1.8,50
Black,5.3,7.8,61,121,267,81,1,0.2,52
Sandy,7.0,4.6,83,39,135,54,1,0.3,37
Loamy,8.4,5.5,27,110,274,57,2,4.3,25
Clayey,5.7,5.0,85,145,32,13,2,0.7,27
Black,6.3,4.4,188,43,65,57,2,4.7,41
Sandy,7.2,6.9,160,95,261,76,3,1.7,30
Loamy,6.7,5.5,117,118,90,37,4,3.0,43
Clayey,7.9,6.6,162,143,78,39,4,0.9,23
Black,7.5,6.5,69,39,223,38,4,2.3,44
Sandy,4.7,2.3,46,88,70,30,3,4.4,0
Loamy,8.5,5.6,86,80,35,51,2,4.9,17
Clayey,7.5,2.4,155,61,70,59,4,3.9,6
Black,8.0,5.1,135,32,243,12,3,3.8,22
Sandy,7.1,5.7,38,70,147,74,3,4.4,0
Loamy,7.9,8.0,117,69,189,32,2,1.3,57
Clayey,4.9,1.2,39,55,286,14,1,3.7,0
Black,5.9,1.6,128,95,87,34,3,2.8,44
Sandy,8.0,1.5,111,141,140,44,5,1.4,2
Loamy,5.3,3.8,16,70,199,74,3,0.4,35
Clayey,4.8,6.8,178,137,245,88,1,1.1,35
Black,7.7,6.9,83,85,210,48,1,3.3,41
Sandy,7.8,6.2,46,67,270,27,5,2.9,0
Loamy,5.2,7.3,36,103,25,34,4,0.4,42
Clayey,7.9,3.3,30,55,281,10,3,2.9,0
Black,7.2,1.6,52,76,110,71,2,2.0,28
Sandy,6.6,1.4,60,47,213,18,2,0.2,15
Loamy,7.8,7.0,102,71,83,50,5,4.6,12
Clayey,6.2,6.1,80,69,245,31,1,1.4,58
Black,5.3,5.9,22,66,82,75,4,2.8,18
Sandy,5.6,3.4,118,94,90,54,3,3.0,18
Loamy,6.5,3.7,190,108,39,61,3,2.5,59
Clayey,6.6,7.7,123,55,264,29,3,1.3,35
Black,7.7,1.4,194,111,83,21,2,2.1,26
Sandy,7.7,6.4,162,42,244,83,4,1.5,15
Loamy,6.8,3.2,134,71,285,73,5,2.2,37
Clayey,7.6,1.3,114,81,181,41,2,0.5,25
Black,5.3,6.2,150,104,64,71,1,0.9,53
Sandy,4.7,3.3,46,109,288,14,4,0.8,0
Loamy,8.0,6.1,167,52,44,53,1,3.0,48
Clayey,4.8,6.0,149,144,244,38,3,3.3,22
Black,5.5,4.7,27,24,93,42,2,4.6,20
Sandy,7.3,6.4,131,107,135,22,4,1.4,18
Loamy,6.1,5.1,94,76,171,59,2,2.0,72
Clayey,8.0,3.0,126,121,88,11,4,3.1,0
Black,5.7,6.1,127,115,221,84,3,4.9,20
Sandy,4.5,5.1,71,134,110,37,4,2.0,11
Loamy,5.7,1.1,33,124,69,27,3,1.5,25
Clayey,6.8,7.3,69,138,111,82,2,2.0,25
Black,6.0,4.8,154,87,254,75,2,1.6,65
Sandy,6.6,7.1,115,132,48,55,2,0.5,38
Loamy,8.0,7.2,69,112,191,26,3,1.8,34
Clayey,8.1,4.1,18,88,192,42,1,3.0,19
Black,5.6,4.6,189,142,255,42,1,1.0,70
Sandy,6.3,3.9,152,123,61,39,4,4.2,12
Loamy,6.7,4.1,86,98,168,31,2,3.7,44
Clayey,8.3,7.3,165,113,232,62,1,2.8,37
Black,8.5,6.5,90,138,194,55,5,3.7,14
Sandy,5.4,1.9,135,82,118,53,2,1.7,28
Loamy,7.4,5.3,146,135,139,84,5,1.1,38
Clayey,6.0,8.0,65,28,36,43,1,4.2,28
Black,4.5,5.2,103,13,48,37,3,4.1,22
Sandy,4.5,6.5,136,100,67,44,5,3.7,0
Loamy,6.3,6.4,45,81,147,77,5,1.4,38
Clayey,6.5,3.5,137,86,87,18,2,1.8,38
Black,4.6,3.6,193,90,58,31,4,2.0,33
Sandy,7.2,6.1,29,64,152,70,3,1.0,25
Loamy,5.7,4.5,64,65,138,34,2,3.8,37
Clayey,6.7,5.0,69,139,71,88,2,1.0,25
Black,5.7,6.0,172,79,155,50,1,1.2,67
Sandy,5.2,6.4,138,43,266,16,4,0.3,25
Loamy,6.1,2.9,54,126,188,68,4,3.4,37
Clayey,5.4,2.0,177,110,89,81,3,4.7,0
Black,6.6,3.0,175,102,55,76,3,2.5,32
Sandy,5.3,4.6,33,137,24,42,4,4.5,0
Loamy,6.5,3.4,13,96,167,74,5,4.2,12
Clayey,5.1,5.0,100,18,256,69,5,4.0,10
Black,7.2,1.4,116,20,87,67,2,0.9,47
Sandy,7.5,4.6,22,134,250,53,4,1.9,23
Loamy,4.9,3.6,158,18,169,57,2,3.4,38
Clayey,6.4,4.7,110,67,240,46,5,1.8,45
Black,4.8,4.0,169,12,280,34,3,3.6,31
Sandy,6.9,3.0,175,31,285,34,4,1.5,29
Loamy,5.6,7.3,104,115,133,66,1,2.0,68
Clayey,6.6,2.3,169,44,184,22,2,3.7,11
Black,6.6,5.8,66,72,75,86,4,0.7,30
Sandy,8.2,7.5,185,127,269,21,1,4.0,10
Loamy,6.7,4.8,167,65,262,72,2,3.6,44
Clayey,6.8,7.1,80,132,21,71,5,2.3,8
Black,6.1,1.9,175,112,162,37,2,2.2,60
Sandy,8.3,4.5,181,53,188,64,3,4.5,2
Loamy,7.6,4.2,163,7,82,84,2,3.6,27
Clayey,5.6,1.1,109,81,173,51,2,3.1,24
Black,7.9,4.1,116,146,274,70,4,4.3,22
Sandy,6.2,3.6,99,133,85,89,4,1.7,18
Loamy,7.8,5.7,117,96,207,47,5,1.5,45
Clayey,7.8,7.6,139,127,212,14,3,1.1,25
Black,5.3,1.6,52,122,30,57,3,2.6,27
Sandy,7.3,3.3,52,15,199,44,5,4.9,0
Loamy,5.7,4.1,72,8,109,57,1,4.6,35
Clayey,5.7,4.2,82,14,242,23,2,2.3,31
Black,5.7,6.4,195,85,245,63,4,0.6,55
Sandy,7.4,4.1,126,75,122,35,5,4.4,0
Loamy,5.4,1.2,57,107,251,52,5,4.6,8
Clayey,4.5,6.0,14,145,286,51,4,0.9,17
Black,7.4,7.2,85,26,209,27,4,4.4,14
Sandy,5.2,4.6,44,60,67,64,1,2.3,30
Loamy,4.9,5.1,102,126,74,59,3,0.2,48
Clayey,5.5,2.1,153,96,138,30,4,4.7,0
Black,6.0,2.5,92,101,21,43,5,0.3,40
Sandy,6.4,2.6,186,145,243,49,2,0.3,47
Loamy,4.7,4.0,69,5,255,39,1,4.8,26
Clayey,8.4,7.5,116,42,222,79,2,1.2,30
Black,7.4,4.7,126,46,163,34,2,2.8,54
Sandy,5.8,2.3,60,89,30,78,3,4.7,0
Loamy,5.8,2.9,136,41,278,38,2,4.7,46
Clayey,6.3,3.7,100,102,176,76,5,1.0,23
Black,7.0,5.4,91,66,216,66,5,2.6,39
Sandy,5.1,4.1,68,135,111,56,4,0.1,20
Loamy,5.3,3.7,73,34,172,26,3,0.5,41
Clayey,7.9,5.0,114,86,153,58,4,4.7,0
Black,5.5,2.7,150,27,135,59,2,2.1,50
Sandy,6.0,1.6,163,70,86,14,5,0.8,12
Loamy,8.0,1.2,79,6,169,22,4,3.2,6
Clayey,7.2,2.8,140,67,275,72,5,0.9,18
Black,5.9,1.6,21,9,60,48,4,4.9,6
Sandy,7.2,3.4,50,133,200,77,1,3.4,8
Loamy,4.6,6.4,114,78,207,54,3,1.9,55
Clayey,7.4,6.0,74,113,58,26,4,2.0,16
Black,6.4,5.3,72,28,236,68,2,4.6,42
Sandy,7.8,7.0,187,63,149,89,5,4.5,0
Loamy,8.3,3.0,184,27,283,68,5,4.8,11
Clayey,8.2,7.2,17,93,133,17,3,2.3,2
Black,8.1,3.8,168,26,82,39,3,4.3,16
Sandy,6.5,3.8,20,48,116,12,1,2.5,21
Loamy,5.9,3.8,26,48,37,26,4,3.2,25
Clayey,6.4,1.7,164,41,224,60,1,2.6,49
Black,7.3,7.8,133,11,232,33,4,3.1,44
Sandy,8.0,2.0,104,28,116,89,4,2.6,0
Loamy,5.3,3.4,164,74,298,73,3,0.9,50
Clayey,8.2,3.2,124,75,255,83,3,0.6,19
Black,7.8,1.5,132,76,187,80,4,4.7,0
Sandy,8.4,2.1,96,64,79,58,3,2.6,3
Loamy,8.0,1.3,65,49,104,29,4,4.7,0
Clayey,5.6,3.0,103,141,280,86,3,3.5,14
Black,4.9,7.1,107,120,185,38,2,0.5,52
Sandy,4.9,3.4,184,34,247,19,4,1.1,10
Loamy,5.7,1.9,28,31,79,18,5,3.9,0
Clayey,7.0,5.5,66,136,183,80,2,1.0,29
Black,7.7,8.0,168,87,249,72,1,0.1,50
Sandy,8.1,2.6,25,102,101,42,3,0.6,3
Loamy,7.0,3.0,54,74,176,33,1,2.4,53
Clayey,4.5,7.8,164,83,210,89,5,0.9,15
Black,5.2,2.3,198,142,263,41,3,0.3,51
Sandy,4.9,4.6,163,122,261,13,1,3.7,13
Loamy,6.0,2.7,166,110,241,71,2,4.9,34
Clayey,6.5,7.5,122,40,187,87,1,4.9,22
Black,4.7,7.9,130,50,140,31,3,4.5,18
Sandy,5.9,6.7,112,108,21,32,2,0.2,48
Loamy,5.2,3.2,136,138,137,35,5,1.3,42
Clayey,7.1,3.8,53,112,155,58,1,0.8,39
Black,6.4,2.7,118,108,146,53,4,3.2,39
Sandy,6.5,7.2,166,74,260,31,3,4.3,27
Loamy,6.2,7.4,118,93,127,76,4,2.9,44
Clayey,8.3,3.9,119,7,131,51,4,1.8,19
Black,5.4,5.6,120,46,182,61,1,4.6,41
Sandy,6.6,2.2,139,114,294,26,4,2.6,10
Loamy,7.4,4.0,143,122,38,23,2,1.0,50
Clayey,6.7,5.4,18,59,252,73,5,2.7,4
Black,8.2,3.7,24,143,39,54,5,0.2,17
Sandy,6.0,3.5,67,118,260,73,4,0.3,22
Loamy,6.4,1.0,11,34,279,39,3,3.2,38
Clayey,4.9,6.6,140,112,68,22,4,3.6,0
Black,6.9,7.2,189,85,173,35,3,0.8,57
Sandy,5.7,7.8,64,21,22,41,5,2.7,7
Loamy,5.1,6.0,62,37,188,55,2,3.9,40
Clayey,6.7,4.8,103,106,217,60,3,4.4,20
Black,6.6,2.9,81,25,198,43,5,2.4,30
Sandy,4.8,8.0,49,115,122,85,1,0.7,13
Loamy,7.3,5.1,48,14,238,37,4,0.4,50
Clayey,7.0,5.8,180,107,35,28,3,4.3,5
Black,5.3,5.8,150,43,66,57,2,0.5,58
Sandy,6.4,6.9,113,82,65,81,4,4.1,7
Loamy,7.4,1.1,114,90,119,43,5,2.2,34
Clayey,6.6,2.5,174,56,202,25,5,2.2,15
Black,6.1,5.7,64,45,235,80,5,2.6,36
Sandy,5.8,7.3,169,91,153,36,3,0.8,47
Loamy,6.9,5.8,151,92,28,60,1,3.7,51
Clayey,8.3,3.9,74,41,232,63,1,1.6,34
Black,7.2,3.5,164,127,158,26,5,3.0,22
Sandy,4.8,6.2,33,68,241,81,4,0.1,4
Loamy,6.3,6.2,124,123,110,77,2,1.5,63
Clayey,8.1,5.2,122,128,131,10,4,0.3,13
Black,4.9,3.0,31,40,132,23,3,1.6,16
Sandy,8.5,7.5,87,50,217,16,1,0.7,24
Loamy,8.3,4.9,54,26,282,73,2,0.4,41
Clayey,4.8,6.5,145,39,181,81,5,4.3,0
Black,8.2,2.5,73,117,103,17,5,1.9,8
Sandy,6.0,3.4,106,37,64,63,3,4.1,17
Loamy,7.9,7.1,124,145,64,33,3,4.5,23
Clayey,6.2,1.4,184,60,290,64,3,2.6,38
Black,6.3,4.6,30,71,229,10,3,2.9,39
Sandy,7.0,4.4,169,17,193,81,5,3.3,4
Loamy,7.6,6.3,114,54,266,78,5,3.3,22
Clayey,4.6,3.0,54,32,193,41,3,2.7,9
Black,6.9,2.5,53,108,55,10,5,3.0,6
Sandy,5.2,7.5,50,102,177,75,3,2.3,14
Loamy,5.9,5.0,105,100,158,51,2,4.6,51
Clayey,5.9,1.7,189,91,52,88,3,3.6,12
Black,6.4,2.4,148,92,270,18,3,1.6,52
Sandy,5.8,8.0,110,129,190,85,2,1.7,42
Loamy,4.9,2.4,124,85,129,83,1,2.3,37
Clayey,5.1,5.3,27,11,186,33,4,0.3,25
Black,4.6,3.9,148,78,144,28,3,5.0,0
Sandy,6.4,7.2,36,87,233,60,2,2.4,40
Loamy,8.3,6.3,180,28,200,11,2,3.9,28
Clayey,5.0,5.2,111,141,102,19,5,0.9,18
Black,8.3,1.1,191,118,44,78,3,3.1,10
Sandy,7.4,7.2,38,19,265,15,2,2.0,24
Loamy,7.0,4.1,158,117,60,71,1,4.5,33
Clayey,7.1,7.5,38,126,78,75,1,4.7,0
Black,7.8,4.5,146,90,196,17,4,3.2,20
Sandy,4.9,5.9,198,149,49,77,5,0.4,3
Loamy,6.5,1.5,199,23,64,68,5,2.4,43
Clayey,7.3,6.2,111,13,173,59,5,0.2,32
Black,6.8,3.4,100,68,59,45,3,2.6,37
Sandy,7.8,3.5,14,42,159,17,1,2.6,3
Loamy,4.8,1.8,106,140,276,26,3,2.1,34
Clayey,7.3,2.0,24,138,89,68,2,1.8,22
Black,6.6,2.3,194,106,155,87,4,2.9,24
Sandy,6.0,3.3,14,97,255,17,4,1.0,16
Loamy,5.9,7.2,157,38,131,87,3,0.2,58
Clayey,7.0,3.6,110,144,52,52,4,4.0,8
Black,8.1,6.1,90,43,215,72,3,3.9,15
Sandy,6.5,1.6,123,100,197,21,5,2.9,7
Loamy,7.8,5.1,13,10,153,65,2,4.2,22
Clayey,6.1,4.4,193,85,210,58,5,2.6,39
Black,4.9,7.8,43,36,25,61,4,0.1,28
Sandy,4.7,6.9,49,140,198,20,2,0.8,12
Loamy,4.7,4.2,159,13,125,36,1,2.4,54
Clayey,6.0,6.4,136,66,265,71,3,4.3,22
Black,5.8,2.4,151,118,250,18,2,1.2,57
Sandy,7.4,4.9,145,23,234,45,3,0.3,40
Loamy,7.5,1.5,137,37,292,55,2,2.1,58
Clayey,4.7,3.4,76,68,124,38,4,0.4,11
Black,5.4,2.6,183,30,42,77,5,2.8,17
Sandy,5.6,6.0,166,5,180,88,4,0.4,22
Loamy,6.7,4.4,123,81,213,50,1,0.2,75
Clayey,5.1,6.3,128,107,285,37,4,4.7,13
Black,5.0,4.6,103,100,102,73,2,3.4,34
Sandy,8.3,1.6,21,80,187,33,1,0.7,14
Loamy,7.7,6.1,61,37,162,25,2,2.8,31
Clayey,5.2,6.8,195,86,62,31,5,1.4,28
Black,6.1,7.3,11,73,31,56,3,3.8,32
Sandy,5.9,5.0,10,87,41,26,5,4.1,0
Loamy,7.7,6.3,64,110,37,10,5,2.6,14
Clayey,6.5,6.3,113,106,81,40,5,2.1,37
Black,5.0,2.1,108,118,208,21,2,1.7,46
Sandy,7.5,2.1,171,147,98,29,3,0.3,14
Loamy,6.1,1.5,77,50,186,28,2,2.8,41
Clayey,5.6,3.2,91,124,169,14,1,2.6,25
Black,6.0,4.3,149,52,242,24,2,1.1,65
Sandy,6.5,8.0,59,72,124,34,5,2.7,17
Loamy,5.9,4.0,30,87,273,44,4,2.4,51
Clayey,5.5,6.1,19,89,26,64,4,1.4,20
Black,6.1,5.9,94,130,182,72,2,3.7,40
Sandy,4.6,2.4,113,125,214,56,5,1.3,12
Loamy,7.6,1.4,98,133,149,76,5,2.3,9
Clayey,5.2,4.8,123,24,128,73,4,2.7,16
Black,4.7,5.9,124,69,238,31,3,4.1,29
Sandy,7.1,8.0,23,147,149,89,3,2.2,8
Loamy,7.6,3.5,177,65,263,88,5,1.1,30
Clayey,7.8,7.3,113,83,104,78,1,0.2,28
Black,6.5,3.7,91,18,274,86,1,1.3,61
Sandy,5.3,5.8,39,73,256,83,1,3.8,11
Loamy,7.4,5.2,23,126,20,89,1,4.1,25
Clayey,7.3,1.4,189,53,284,11,1,3.0,24
Black,5.5,1.5,119,138,213,34,4,4.7,17
Sandy,8.1,1.1,154,120,141,70,5,2.7,0
Loamy,4.9,3.6,71,94,23,14,2,2.4,27
Clayey,8.4,6.2,119,93,168,37,4,4.2,5
Black,7.9,2.2,159,121,80,75,4,0.9,19
Sandy,7.3,5.2,62,126,136,24,5,0.2,5
Loamy,8.3,3.0,169,19,191,64,3,4.4,21
Clayey,7.4,6.6,85,11,257,47,4,2.7,27
Black,5.3,6.6,64,58,157,32,4,3.7,27
Sandy,6.3,6.4,31,8,237,23,2,3.2,22
Loamy,4.8,4.7,175,5,101,41,1,3.4,44
Clayey,6.1,3.0,187,109,238,53,4,3.0,34
Black,7.5,6.7,112,70,221,79,1,3.7,43
Sandy,6.0,2.3,54,85,94,67,5,0.7,15
Loamy,5.8,3.0,128,142,66,13,4,1.3,47
Clayey,6.9,2.3,17,72,255,71,2,2.4,14
Black,8.0,5.7,74,106,170,69,2,3.6,29
Sandy,4.7,5.8,177,55,142,84,5,1.6,3
Loamy,6.0,5.6,14,34,265,68,1,4.1,51
Clayey,5.1,3.9,54,43,273,84,3,0.4,22
Black,7.3,1.7,55,142,73,38,5,4.0,4
Sandy,4.9,7.4,173,67,206,28,3,3.5,5
Loamy,7.2,4.6,154,65,86,26,2,0.4,53
Clayey,5.6,3.8,178,69,160,13,2,0.3,33
Black,5.3,5.1,167,85,40,53,4,4.2,26
Sandy,8.2,2.3,189,16,41,13,2,0.8,9
Loamy,4.6,1.9,88,128,194,68,1,1.3,46
Clayey,6.3,3.8,157,6,210,21,2,4.5,21
Black,4.6,2.6,173,77,280,56,4,1.8,37
Sandy,6.4,2.7,75,80,176,16,5,2.7,6
Loamy,6.5,7.2,182,29,280,21,4,0.3,60
Clayey,5.8,4.7,13,122,58,80,5,2.9,6
Black,5.0,4.4,187,112,49,63,4,3.6,32
Sandy,6.0,5.8,97,103,277,67,2,2.9,41
Loamy,7.2,7.7,64,26,290,72,3,4.1,26
Clayey,7.6,1.8,68,60,70,24,1,3.9,0
Black,6.6,6.8,179,59,298,46,3,2.4,56
Sandy,6.9,5.1,11,44,253,65,1,3.3,24
Loamy,5.3,2.0,55,125,45,82,2,1.5,35
Clayey,5.6,3.1,11,8,30,89,4,1.9,4
Black,5.1,4.4,187,30,43,40,4,3.1,37
Sandy,5.5,5.8,138,116,235,24,5,3.3,7
Loamy,5.4,2.7,22,117,157,11,3,0.5,33
Clayey,6.6,4.7,79,27,244,22,1,4.1,17
Black,6.8,5.8,31,62,129,14,4,3.2,15
Sandy,8.3,4.1,26,12,225,57,2,1.7,23
Loamy,5.3,7.0,196,120,90,42,4,1.2,53
Clayey,7.1,7.1,95,55,229,41,5,3.1,19
Black,7.8,4.3,79,5,204,62,4,3.5,23
Sandy,6.7,7.8,125,124,109,30,2,4.6,12
Loamy,5.5,1.5,12,34,266,75,4,1.0,26
Clayey,5.6,1.0,119,21,252,70,1,2.6,37
Black,4.7,3.7,90,106,52,63,1,4.8,15
Sandy,5.7,5.2,186,126,166,84,4,4.6,0
Loamy,7.5,5.4,187,90,189,50,2,2.4,63
Clayey,4.7,4.3,110,73,233,47,2,2.8,32
Black,5.4,1.9,44,93,247,42,4,4.6,9
Sandy,7.3,2.2,160,75,165,17,2,0.3,23
Loamy,7.6,7.0,144,62,165,45,1,4.9,33
Clayey,6.3,7.1,59,63,41,42,1,4.9,19
Black,7.3,5.7,19,41,108,38,1,4.7,23
Sandy,6.1,5.6,192,104,199,66,5,4.8,9
Loamy,5.1,5.2,28,117,284,81,3,1.6,43
Clayey,6.1,2.4,32,24,69,70,1,0.3,39
Black,6.8,4.0,104,21,249,64,4,1.5,52
Sandy,8.3,5.9,73,8,80,61,5,1.8,6
Loamy,4.8,4.8,170,54,38,52,4,1.8,43
Clayey,6.5,1.1,105,86,44,35,2,3.4,27
Black,5.8,7.7,106,54,226,11,3,4.3,37
Sandy,6.5,6.9,18,20,94,64,5,1.2,20
Loamy,4.6,2.8,134,76,160,27,2,2.3,37
Clayey,5.8,5.3,166,65,110,59,2,2.0,53
Black,7.8,7.5,27,48,94,54,1,3.8,23
Sandy,6.7,1.7,91,54,83,24,4,1.7,3
Loamy,6.3,4.5,38,84,101,16,2,0.4,52
Clayey,5.6,4.2,125,34,269,36,2,1.7,50
Black,5.7,3.9,92,53,157,49,2,1.8,53
Sandy,6.0,6.8,70,102,116,26,3,4.1,4
Loamy,7.8,3.7,142,29,119,41,5,2.8,26
Clayey,8.4,1.4,114,60,292,25,1,2.7,17
Black,6.3,1.5,123,8,260,72,5,3.0,29
Sandy,6.1,1.3,78,16,24,87,2,2.9,10
Loamy,7.9,3.9,193,149,234,69,3,3.4,37
Clayey,6.2,6.0,127,40,86,61,2,4.5,28
Black,6.7,2.4,189,20,174,89,4,4.4,10
Sandy,5.4,5.5,24,125,48,58,5,2.5,6
Loamy,7.5,5.8,99,141,28,58,1,4.2,41
Clayey,6.6,2.8,97,82,219,89,3,4.3,0
Black,7.7,5.2,92,59,249,35,5,4.0,15
Sandy,7.6,5.8,29,77,286,60,2,0.3,23
Loamy,5.4,4.3,116,68,182,52,1,3.3,59
Clayey,7.4,3.4,82,94,94,79,3,1.6,17
Black,7.7,5.3,101,142,202,80,2,4.4,20
Sandy,5.9,7.8,25,93,128,18,2,1.5,26
Loamy,5.2,4.0,84,8,219,53,5,4.6,20
Clayey,4.5,3.7,107,34,200,73,2,3.1,12
Black,6.3,4.2,162,143,47,11,2,3.3,45
Sandy,5.9,1.5,128,55,72,45,3,4.4,8
Loamy,6.7,4.9,66,145,267,12,2,4.9,22
Clayey,5.3,3.3,158,135,59,63,4,1.6,27
Black,7.9,1.8,142,116,241,30,4,0.5,35
Sandy,5.5,4.3,146,82,185,76,1,3.6,21
Loamy,5.4,1.0,20,31,48,18,4,0.4,18
Clayey,6.4,3.8,114,92,208,21,4,2.7,29
Black,6.5,1.7,74,142,221,81,5,1.8,33
Sandy,5.4,1.2,35,122,149,46,4,2.0,5
Loamy,5.6,6.8,28,11,67,46,2,1.3,51
Clayey,5.2,7.4,25,119,276,76,5,3.5,0
Black,7.4,2.5,65,96,107,65,4,2.9,23
Sandy,7.6,4.8,110,94,277,72,2,4.8,0
Loamy,6.3,2.9,123,86,78,35,1,1.8,71
Clayey,7.4,4.5,77,17,68,55,5,2.0,21
Black,7.4,4.1,87,76,235,62,2,0.9,59
Sandy,5.1,2.9,39,95,95,69,5,3.1,0
Loamy,8.4,5.9,16,146,53,41,1,0.6,45
Clayey,7.8,1.9,149,109,267,71,1,4.8,0
Black,5.3,1.4,161,48,42,56,5,4.6,6
Sandy,5.2,6.4,116,88,38,70,2,3.5,23
Loamy,5.0,5.7,31,32,115,13,3,1.7,37
Clayey,5.1,4.5,184,27,270,11,5,1.8,25
Black,7.5,4.3,39,16,260,32,3,0.5,49
Sandy,6.4,4.5,197,55,64,64,2,1.3,48
Loamy,7.6,4.1,176,112,95,50,4,1.8,43
Clayey,7.5,3.8,157,66,126,77,5,2.3,11
Black,6.9,4.5,163,30,79,46,1,2.4,59
Sandy,7.2,4.7,58,62,151,20,4,4.4,0
Loamy,4.6,5.8,78,147,176,45,2,2.3,47
Clayey,5.7,6.0,51,72,74,24,1,4.8,1
Black,7.1,3.6,15,10,205,76,5,0.5,22
Sandy,4.5,3.9,190,115,194,39,2,1.1,28
Loamy,4.6,3.6,43,134,50,66,5,2.0,23
Clayey,7.9,4.8,131,28,174,71,4,4.5,0
Black,7.2,4.2,133,39,264,42,5,0.7,50
Sandy,5.6,7.2,19,51,49,74,1,1.8,20
Loamy,7.3,5.9,37,35,68,10,5,0.6,27
Clayey,7.7,7.3,12,93,189,12,4,3.9,0
Black,5.7,6.0,86,80,94,18,4,1.5,32
Sandy,4.6,7.8,185,122,225,41,1,2.2,38
Loamy,8.2,5.5,120,134,180,86,3,4.1,21
Clayey,5.9,7.7,135,108,168,54,3,0.9,52
Black,4.9,2.1,44,63,107,66,5,4.7,0
Sandy,6.5,1.4,189,100,187,30,4,2.0,31
Loamy,7.6,5.1,123,67,208,32,2,1.7,60
Clayey,5.4,7.9,71,149,133,86,2,1.0,26
Black,5.6,3.9,61,58,32,35,4,2.4,32
Sandy,5.5,2.5,125,129,185,81,2,4.9,0
Loamy,8.5,4.7,56,26,176,39,1,2.5,48
Clayey,5.3,5.5,191,129,200,78,5,2.3,19
Black,6.8,3.2,165,101,123,33,4,0.1,42
Sandy,8.2,6.0,110,120,130,83,5,1.5,3
Loamy,5.1,7.8,32,33,280,73,1,1.2,54
Clayey,8.4,7.3,116,6,167,44,2,0.3,37
Black,8.3,3.0,44,46,158,31,4,2.3,23
Sandy,8.0,3.3,112,56,188,48,1,0.8,31
Loamy,5.4,3.6,128,42,177,64,1,2.6,61
Clayey,7.0,3.8,41,135,75,16,5,2.3,1
Black,7.5,1.7,11,81,92,71,4,1.2,15
Sandy,8.4,6.3,121,147,267,48,5,4.0,0
Loamy,5.2,3.6,131,109,199,29,5,4.6,11
Clayey,7.6,7.2,25,14,110,65,1,0.8,26
Black,5.9,7.5,153,124,213,75,5,0.6,50
Sandy,5.2,1.2,188,131,214,24,2,1.8,23
Loamy,6.2,7.9,101,118,267,83,2,3.1,59
Clayey,7.7,6.0,63,73,248,30,1,3.2,25
Black,6.4,4.6,157,113,182,88,5,3.2,35
Sandy,6.7,3.7,42,48,110,43,2,2.9,15
Loamy,8.5,4.6,145,24,230,44,3,2.0,55
Clayey,6.1,3.3,161,111,285,14,3,3.9,20
Black,7.0,5.4,62,123,146,65,5,4.8,7
Sandy,6.0,1.7,73,113,90,16,1,3.0,16
Loamy,6.1,5.3,67,12,110,62,2,1.2,65
Clayey,7.3,2.9,127,47,113,53,4,2.9,17
Black,8.3,1.1,46,142,95,67,4,3.8,0
Sandy,6.7,4.9,21,45,123,51,2,4.2,4
Loamy,7.6,5.0,93,136,216,27,5,3.6,14
Clayey,4.9,4.0,141,136,203,15,3,4.5,0
Black,5.3,1.5,103,28,96,13,3,4.8,4
Sandy,6.5,7.3,168,25,53,78,2,2.5,33
Loamy,4.6,5.3,95,142,141,23,3,2.8,25
Clayey,5.5,1.8,47,50,222,50,2,1.8,30
Black,6.6,4.6,174,125,148,56,1,3.3,50
Sandy,4.6,4.5,101,48,232,62,3,3.0,20
Loamy,5.6,1.4,23,104,157,30,5,1.0,29
Clayey,6.6,5.2,84,37,280,22,3,3.5,14
Black,6.8,6.7,137,98,191,75,2,4.0,32
Sandy,8.2,6.2,82,40,166,24,4,1.0,6
Loamy,7.1,2.4,161,17,168,89,3,0.9,44
Clayey,6.2,7.0,19,18,48,54,2,3.2,28
Black,8.2,3.4,47,54,121,74,3,0.7,18
Sandy,7.6,7.6,180,72,273,55,3,4.1,9
Loamy,5.3,1.5,114,5,293,12,3,3.3,31
Clayey,5.0,4.4,174,7,68,26,4,0.3,23
Black,7.2,5.2,179,136,208,26,2,3.9,36
Sandy,6.7,2.7,41,18,84,29,1,2.6,10
Loamy,7.7,6.4,23,93,183,13,5,2.5,15
Clayey,7.5,5.4,141,107,243,84,4,1.6,30
Black,7.0,1.1,161,129,26,24,5,1.5,21
Sandy,8.4,5.3,105,71,80,66,5,2.6,6
Loamy,6.6,4.4,19,11,211,54,1,0.1,62
Clayey,5.0,2.4,127,12,107,36,3,4.0,10
Black,7.8,8.0,116,48,177,29,1,3.9,28
Sandy,5.5,7.3,25,139,292,88,5,3.7,0
Loamy,7.6,3.0,176,52,164,15,4,3.1,20
Clayey,8.3,4.8,105,66,182,27,5,1.5,12
Black,7.3,3.2,27,29,193,58,5,3.3,16
Sandy,6.9,6.4,162,122,127,33,1,0.7,43
Loamy,6.3,7.5,16,117,163,20,2,1.4,54
Clayey,6.0,3.5,193,126,77,27,5,0.3,23
Black,5.9,6.6,135,8,207,44,2,4.3,52
Sandy,7.0,4.5,184,149,39,64,3,4.2,11
Loamy,7.5,3.8,124,51,231,37,5,2.3,48
Clayey,7.2,7.6,120,122,43,45,1,2.2,46
Black,5.3,4.6,91,49,110,33,3,4.6,22
Sandy,6.5,4.3,140,93,235,42,4,3.4,31
Loamy,7.7,5.7,138,7,71,46,5,3.6,22
Clayey,6.4,2.8,42,144,157,22,1,1.9,35
Black,6.6,3.3,83,149,172,25,5,1.5,25
Sandy,7.6,7.5,117,122,239,52,1,0.7,40
Loamy,7.1,5.7,68,26,192,82,1,0.5,54
Clayey,6.1,6.8,81,43,20,59,2,4.5,22
Black,8.1,2.9,169,43,44,22,5,4.5,0
Sandy,5.2,4.8,96,111,223,80,1,1.2,35
Loamy,8.5,7.8,154,104,220,44,1,0.3,65
Clayey,5.0,3.2,26,20,210,82,3,1.8,17
Black,4.6,2.1,98,122,251,44,5,4.8,0
Sandy,8.1,4.6,158,33,239,33,3,1.6,30
Loamy,5.5,3.7,64,75,85,62,2,4.3,28
Clayey,7.4,2.1,15,81,43,48,2,4.1,0
Black,7.7,7.2,93,136,101,28,1,4.7,11
Sandy,7.9,7.9,186,130,110,53,1,2.5,28
Loamy,8.5,5.0,93,103,191,55,1,4.6,31
Clayey,5.7,6.4,163,120,54,54,5,3.7,11
Black,7.3,7.0,169,19,53,41,5,4.4,18
Sandy,5.0,5.9,81,94,281,14,4,3.7,2
Loamy,6.1,1.3,118,139,196,85,1,2.4,56
Clayey,7.9,2.1,121,93,163,15,3,4.6,0
Black,6.0,1.5,181,120,234,16,4,4.0,24
Sandy,6.9,1.1,196,140,160,24,5,3.2,0
Loamy,6.5,3.1,38,24,287,82,5,2.5,33
Clayey,7.1,3.7,26,86,158,29,1,0.6,26
Black,8.4,2.7,27,121,66,68,3,4.1,3
Sandy,4.7,1.5,177,71,79,13,3,2.1,1
Loamy,6.8,4.7,72,66,68,83,2,1.9,46
Clayey,8.0,2.9,91,22,71,49,1,1.2,26
Black,6.4,6.6,84,95,80,74,5,2.8,29
Sandy,4.8,1.1,182,114,233,44,1,4.2,6
Loamy,6.7,6.9,88,60,114,53,1,1.5,62
Clayey,5.8,7.7,99,89,139,16,2,4.6,12
Black,5.1,6.0,140,12,238,31,2,2.0,65
Sandy,7.9,6.1,140,143,59,32,4,4.9,0
Loamy,6.6,7.5,175,111,251,74,1,3.4,51
Clayey,8.2,2.5,108,16,230,29,5,1.9,7
Black,7.7,8.0,116,107,57,41,2,4.9,18
Sandy,7.3,6.4,49,67,230,45,4,3.0,15
Loamy,4.5,6.1,77,31,102,27,4,3.9,7
Clayey,6.2,3.5,191,39,137,42,4,2.3,35
Black,5.3,4.8,29,134,46,78,5,0.7,21
Sandy,8.1,5.6,24,140,228,18,2,4.8,0
Loamy,5.2,5.3,102,24,144,51,3,1.7,58
Clayey,5.6,5.9,142,12,295,80,5,4.6,0
Black,6.6,1.6,48,72,91,88,1,4.5,7
Sandy,5.6,3.5,49,145,77,13,3,0.6,8
Loamy,5.3,4.0,144,90,138,55,5,0.7,45
Clayey,6.9,2.8,105,30,81,81,2,3.1,15
Black,4.9,2.2,109,85,106,33,4,0.3,29
Sandy,4.7,2.0,42,124,118,81,5,2.2,0
Loamy,6.0,3.6,127,22,143,78,1,2.7,56
Clayey,7.4,4.5,46,73,26,32,1,1.1,38
Black,6.7,1.4,41,144,153,64,1,3.9,27
Sandy,6.2,7.6,52,134,21,24,3,2.2,22
Loamy,6.8,6.4,45,139,179,60,4,2.2,45
Clayey,6.0,6.1,107,51,176,59,5,1.2,42
Black,8.2,2.2,58,127,245,56,3,4.5,7
Sandy,4.7,5.2,34,58,162,34,5,0.2,6
Loamy,7.2,4.7,117,19,285,48,2,0.1,70
Clayey,8.1,7.9,105,70,285,77,2,5.0,0
Black,7.7,6.2,75,85,56,55,5,0.2,26
Sandy,5.2,5.0,18,40,92,81,3,0.9,10
Loamy,5.7,7.0,111,21,35,22,1,4.4,34
Clayey,7.4,2.1,155,6,102,47,3,3.1,18
Black,4.8,1.1,31,37,193,45,3,3.2,12
Sandy,7.7,5.8,108,97,95,46,5,2.4,9
Loamy,7.4,1.7,24,128,70,51,3,0.8,36
Clayey,7.4,1.8,16,138,205,28,2,1.9,17
Black,4.9,6.2,150,104,24,46,5,3.6,17
Sandy,7.4,2.9,115,92,281,74,5,2.5,8
Loamy,7.2,5.4,173,15,198,48,5,3.7,35
Clayey,7.8,7.4,25,9,161,35,3,0.1,20
Black,4.7,3.2,178,34,287,51,4,3.3,26
Sandy,4.6,2.5,30,142,133,71,1,3.0,0
Loamy,6.0,1.7,37,95,199,62,1,4.9,32
Clayey,5.1,1.9,83,95,87,76,2,4.5,0
Black,6.7,1.4,92,126,126,59,5,3.0,17
Sandy,8.2,1.6,26,122,78,78,1,2.9,0
Loamy,6.1,4.0,74,65,293,38,3,0.6,65
Clayey,7.9,3.2,150,106,50,11,3,4.7,0
Black,4.5,5.9,45,30,54,27,3,3.6,7
Sandy,5.2,7.1,67,113,279,69,2,2.6,31
Loamy,4.6,6.5,29,116,28,23,5,4.3,0
Clayey,5.8,4.7,113,43,128,49,1,3.7,41
Black,8.1,1.7,189,7,162,73,5,2.9,8
Sandy,4.9,6.0,15,42,61,39,5,2.7,0
Loamy,6.9,3.5,32,46,206,38,3,4.6,23
Clayey,6.3,1.6,179,52,104,38,1,4.0,27
Black,8.3,6.9,161,17,220,28,2,2.1,44
Sandy,5.0,3.4,14,93,280,67,5,3.2,0
Loamy,5.3,2.5,169,92,178,49,4,1.1,49
Clayey,4.6,7.1,55,60,172,18,3,4.7,0
Black,6.2,7.3,26,67,203,86,4,3.5,28
Sandy,5.6,3.4,84,84,276,40,2,4.8,6
Loamy,8.0,3.5,36,47,86,87,2,1.5,27
Clayey,6.9,5.1,32,79,232,24,2,1.6,29
Black,7.0,6.1,96,61,239,43,2,4.2,38
Sandy,6.6,1.4,122,67,243,71,1,1.4,29
Loamy,4.9,5.2,130,130,113,83,4,1.9,33
Clayey,6.3,7.7,171,129,78,66,3,4.4,23
Black,8.5,2.8,158,5,197,30,4,2.6,29
Sandy,7.8,7.4,159,96,131,63,1,1.6,33
Loamy,8.1,7.7,74,123,201,46,5,2.1,37
Clayey,7.8,2.9,169,36,243,49,2,3.6,17
Black,4.9,6.3,199,130,179,29,5,0.9,27
Sandy,5.4,2.7,37,30,283,80,2,4.8,0
Loamy,4.5,6.2,91,65,182,27,3,2.5,32
Clayey,5.7,6.6,16,116,299,53,2,3.8,19
Black,4.9,2.7,191,149,22,65,2,3.5,26
Sandy,6.4,6.0,111,73,100,26,5,3.4,9
Loamy,7.2,6.7,23,33,198,51,5,2.2,38
Clayey,8.0,3.5,192,67,113,80,5,0.3,3
Black,7.5,2.2,67,138,236,37,1,3.7,36
Sandy,8.3,1.6,53,109,41,30,2,4.8,0
Loamy,4.7,5.0,183,119,145,46,5,2.6,32
Clayey,4.5,7.8,23,25,287,32,1,4.8,5
Black,7.1,6.8,53,91,162,57,3,2.7,41
Sandy,5.7,4.1,178,39,287,68,3,0.9,40
Loamy,5.5,4.8,82,56,122,83,2,1.3,47
Clayey,5.8,3.0,11,50,75,61,5,4.3,0
Black,5.6,2.1,14,61,246,26,2,3.1,22
Sandy,6.5,4.4,99,46,125,47,2,2.1,42
Loamy,6.3,4.2,96,81,163,10,2,4.0,42
Clayey,6.5,4.7,149,102,52,84,1,3.2,36
Black,7.2,7.7,87,20,136,42,2,4.4,27
Sandy,6.0,5.2,136,137,190,53,3,4.9,17
Loamy,5.5,5.2,86,5,37,29,5,3.3,19
Clayey,5.2,1.9,108,52,255,56,4,4.9,1
Black,5.9,8.0,56,126,187,78,4,2.4,39
Sandy,7.5,6.4,88,30,174,51,4,4.2,4
Loamy,7.5,7.1,172,38,259,35,5,4.5,30
Clayey,7.2,3.9,125,118,137,58,2,0.3,39
Black,5.4,4.5,156,62,100,80,5,4.3,10
Sandy,6.9,4.7,88,139,187,27,5,2.1,10
Loamy,6.8,2.4,124,29,192,18,1,2.1,53
Clayey,6.4,5.8,17,144,237,75,5,3.9,3
Black,6.7,7.3,32,31,247,69,1,1.3,59
Sandy,6.5,2.1,22,90,210,46,3,0.3,29
Loamy,6.8,1.6,32,122,245,56,1,1.4,53
Clayey,7.4,6.2,40,85,187,38,4,3.3,13
Black,4.9,2.9,167,79,208,72,1,4.8,15
Sandy,7.5,5.4,179,97,212,24,3,2.0,30
Loamy,5.0,5.9,139,38,20,18,5,4.0,18
Clayey,4.8,3.3,148,119,28,89,4,1.1,7
Black,8.4,6.7,162,117,94,75,1,4.3,20
Sandy,8.3,4.8,166,116,162,10,2,3.9,3
Loamy,4.7,7.1,31,64,213,18,5,2.3,21
Clayey,6.3,6.3,135,30,29,66,4,4.5,18
Black,5.2,7.1,156,130,158,65,4,0.3,52
Sandy,6.4,1.1,178,49,49,29,1,4.0,11
Loamy,7.8,2.7,175,36,298,11,5,0.3,28
Clayey,8.3,1.6,166,75,297,10,5,4.3,0
Black,7.0,4.1,83,27,61,83,2,1.0,42
Sandy,5.9,7.2,31,67,247,63,2,0.3,44
Loamy,6.9,4.3,17,74,220,28,4,1.6,37
Clayey,5.7,6.9,56,58,229,27,4,1.0,21
Black,8.1,3.3,143,31,197,33,3,3.3,28
Sandy,8.0,3.4,16,97,105,61,4,2.4,0
Loamy,6.7,7.3,173,83,67,29,2,0.7,53
Clayey,5.8,4.0,145,40,225,20,1,4.6,26
Black,5.7,6.5,97,137,210,82,3,1.9,45
Sandy,4.6,2.7,55,36,35,88,4,1.5,0
Loamy,7.8,7.6,73,21,147,69,2,3.5,31
Clayey,6.3,5.0,168,26,204,25,3,2.0,45
Black,5.8,6.3,32,45,149,22,1,0.8,52
Sandy,6.4,1.6,70,63,184,62,1,3.0,28
Loamy,7.8,4.4,59,79,112,15,2,0.2,34
Clayey,5.0,7.3,55,126,298,34,5,3.2,13
Black,7.9,7.1,52,14,232,72,2,4.4,11
Sandy,8.1,1.3,147,91,160,56,2,1.4,20
Loamy,8.3,3.1,104,9,134,24,2,4.3,14
Clayey,6.1,4.1,157,59,26,63,5,1.3,38
Black,5.4,2.2,153,30,75,52,4,1.1,39
