Variete,Temp_Air_Moy,Temp_Sol,Humidite_Sol,N,P,K,Prevision_Gelee,Indice_Succes
Marmande,21.9,23.5,65,124,81,139,1,98
Noire de Crimée,22.7,25.7,65,103,89,167,0,54
Cerise,26.5,24.1,56,110,70,136,1,51
Marmande,21.4,19.7,70,137,88,132,0,94
Marmande,26.7,20.7,58,127,62,156,1,57
Noire de Crimée,18.9,21.0,83,90,72,143,0,99
Cerise,25.8,21.3,59,109,62,159,0,85
Cerise,26.5,24.1,62,94,69,163,0,55
Marmande,19.8,23.5,64,129,63,152,1,90
Cœur de Bœuf,22.3,20.8,67,133,73,146,0,59
Marmande,19.7,19.6,76,121,82,144,1,85
Marmande,25.1,20.5,51,90,76,136,0,53
Marmande,23.4,27.9,87,134,60,132,1,88
Marmande,24.4,23.2,40,130,74,138,0,63
Noire de Crimée,20.0,26.8,41,129,61,132,1,61
Cerise,20.1,26.6,49,134,77,164,1,96
Noire de Crimée,18.4,23.6,73,91,98,169,0,66
Noire de Crimée,21.2,25.4,71,120,81,137,0,70
Noire de Crimée,23.6,20.7,64,136,87,155,1,62
Marmande,26.6,25.2,49,135,89,144,1,82
Cœur de Bœuf,24.7,21.5,89,115,72,134,0,62
Cerise,22.4,26.5,40,98,62,142,0,97
Cœur de Bœuf,27.5,19.8,71,119,62,144,0,94
Noire de Crimée,25.2,26.0,76,135,85,168,1,58
Noire de Crimée,27.3,19.9,51,97,63,141,0,99
Cœur de Bœuf,23.3,26.9,88,94,75,164,0,97
Cœur de Bœuf,20.6,21.7,57,128,87,137,1,69
Cœur de Bœuf,18.5,24.9,69,93,67,139,0,93
Noire de Crimée,25.3,23.4,52,129,99,163,0,89
Noire de Crimée,19.2,22.3,42,125,75,137,1,50
Cerise,21.0,24.8,60,110,90,151,1,62
Cerise,23.3,27.5,81,122,82,141,1,71
Noire de Crimée,23.6,19.4,53,115,61,151,0,62
Cœur de Bœuf,24.0,27.3,79,129,68,156,0,84
Cœur de Bœuf,19.7,24.5,49,128,86,147,0,50
Cerise,21.8,26.3,41,100,81,148,1,95
Noire de Crimée,24.2,22.5,84,110,93,134,0,82
Cerise,27.7,23.2,76,137,68,145,0,54
Cerise,25.3,26.8,50,111,92,139,1,79
Marmande,27.2,22.7,40,138,97,148,0,54
Marmande,25.6,23.8,65,126,93,130,1,92
Marmande,23.9,19.2,81,96,94,151,0,74
Cœur de Bœuf,19.9,20.4,52,131,85,146,0,75
Noire de Crimée,24.7,24.8,67,102,66,164,0,68
Noire de Crimée,24.2,25.5,75,109,86,168,0,61
Noire de Crimée,24.0,24.2,60,104,71,138,0,57
Noire de Crimée,22.9,20.3,49,127,76,134,1,59
Marmande,23.3,23.0,51,123,80,138,0,67
Cœur de Bœuf,21.3,22.2,85,125,81,140,1,90
Cœur de Bœuf,23.2,23.5,66,135,85,143,1,60
Marmande,20.0,26.8,42,114,98,169,0,79
Cœur de Bœuf,26.1,26.0,67,118,72,153,0,54
Marmande,19.9,19.8,41,136,82,149,1,73
Noire de Crimée,18.8,27.0,67,117,89,162,0,94
Marmande,22.4,23.2,70,103,76,133,0,62
Noire de Crimée,24.6,25.7,82,93,86,145,0,85
Noire de Crimée,22.4,20.3,60,127,79,154,1,98
Cerise,20.8,25.0,46,96,66,130,0,76
Marmande,23.6,21.1,89,102,63,153,0,81
Cerise,21.5,22.9,70,106,90,132,0,63
Marmande,27.3,19.2,53,118,89,161,0,90
Marmande,27.2,20.4,78,106,90,163,0,51
Cerise,23.0,19.8,78,125,63,154,0,53
Cerise,21.3,21.2,48,108,77,132,1,60
Marmande,25.4,19.9,62,115,79,136,0,91
Cœur de Bœuf,18.4,25.2,51,134,99,164,0,86
Noire de Crimée,22.7,19.3,68,98,99,158,1,97
Cerise,21.4,24.6,77,91,82,169,0,87
Noire de Crimée,27.2,20.3,78,109,97,154,0,86
Cœur de Bœuf,18.1,27.5,61,112,68,157,0,62
Cœur de Bœuf,23.5,27.4,43,107,75,153,1,58
Cœur de Bœuf,25.4,21.0,87,115,80,134,0,91
Cerise,22.9,24.5,46,114,68,156,1,76
Cœur de Bœuf,18.9,19.3,79,106,84,139,1,51
Cerise,27.7,27.4,47,128,95,141,0,96
Cœur de Bœuf,23.2,23.7,74,138,73,147,0,76
Noire de Crimée,24.1,19.4,48,99,76,167,1,61
Noire de Crimée,20.4,22.1,52,114,87,137,0,61
Marmande,22.8,19.7,78,135,67,167,0,52
Noire de Crimée,22.3,22.5,59,117,73,159,1,75
Marmande,18.7,25.0,60,115,74,138,0,64
Noire de Crimée,19.1,23.2,86,101,98,154,0,76
Cerise,26.4,22.5,58,133,84,159,0,94
Noire de Crimée,20.4,20.1,41,138,70,131,0,84
Marmande,19.9,21.2,83,108,88,146,0,62
Marmande,23.0,19.9,79,112,62,136,0,54
Cœur de Bœuf,25.7,26.3,69,103,98,151,0,92
Cerise,18.6,20.2,62,106,81,139,0,66
Noire de Crimée,23.8,24.4,79,104,96,155,0,68
Cœur de Bœuf,19.2,22.1,52,110,79,142,0,69
Noire de Crimée,18.4,21.0,72,127,78,157,0,72
Noire de Crimée,18.5,24.8,71,119,72,165,0,61
Cœur de Bœuf,26.3,23.1,67,108,86,140,0,81
Cœur de Bœuf,19.2,22.6,63,121,78,138,0,78
Cœur de Bœuf,18.5,24.3,81,118,75,145,0,54
Cœur de Bœuf,22.4,23.4,67,111,61,146,0,98
Cœur de Bœuf,26.4,21.7,69,109,60,134,0,92
Noire de Crimée,20.6,24.0,80,127,62,134,1,51
Cœur de Bœuf,22.2,25.0,68,127,83,167,0,55
Cerise,18.4,19.2,73,125,97,160,1,70
Marmande,22.5,23.2,61,90,61,131,0,84
Cœur de Bœuf,23.8,19.5,64,108,75,156,0,64
Cœur de Bœuf,23.7,20.7,53,132,88,148,0,67
Noire de Crimée,21.3,24.0,49,115,96,154,0,98
Cœur de Bœuf,21.2,26.8,49,96,63,167,0,96
Cœur de Bœuf,19.1,26.9,47,123,73,142,1,51
Cœur de Bœuf,21.7,19.6,53,125,76,158,1,54
Noire de Crimée,19.0,22.8,84,95,76,148,0,86
Cœur de Bœuf,25.7,24.2,77,126,79,164,1,90
Marmande,27.7,20.3,71,111,88,154,0,55
Noire de Crimée,27.7,25.9,84,98,85,138,0,91
Marmande,26.7,25.7,71,132,97,164,1,68
Noire de Crimée,24.0,27.1,42,118,76,144,0,65
Cœur de Bœuf,25.0,19.1,59,139,71,151,0,61
Marmande,20.9,21.0,52,106,87,142,0,73
Noire de Crimée,24.3,26.4,62,102,68,159,0,58
Cerise,22.6,25.0,58,106,91,150,0,52
Cœur de Bœuf,22.8,27.0,55,99,93,154,0,66
Noire de Crimée,25.6,19.5,75,114,75,154,0,79
Cerise,20.8,24.4,74,107,90,169,0,76
Noire de Crimée,21.2,24.1,86,138,86,151,0,73
Cerise,27.2,19.3,86,133,88,132,0,91
Cœur de Bœuf,18.6,23.6,89,104,60,138,0,99
Marmande,22.9,24.5,46,116,86,153,0,88
Cerise,27.1,20.7,76,108,91,161,0,56
Noire de Crimée,24.1,21.5,47,104,70,146,0,58
Cœur de Bœuf,23.5,24.8,64,134,94,153,1,65
Cerise,20.5,23.2,62,96,61,137,0,60
Noire de Crimée,21.4,26.7,49,132,60,135,1,58
Noire de Crimée,26.5,22.1,69,129,65,138,1,50
Noire de Crimée,23.6,21.4,72,105,66,144,1,93
Cerise,23.1,27.9,50,113,61,153,1,84
Cerise,19.0,27.2,74,112,61,140,1,69
Cerise,18.2,19.3,66,100,64,160,0,57
Marmande,27.6,25.9,42,113,72,142,1,56
Cerise,21.8,20.0,86,94,78,159,0,86
Cerise,24.0,19.2,88,128,78,154,0,86
Cerise,18.8,21.5,89,137,60,141,0,69
Marmande,24.8,21.4,47,119,94,150,0,54
Cerise,27.3,26.4,52,105,77,153,0,61
Noire de Crimée,23.8,25.4,81,109,91,155,1,70
Cerise,19.3,27.8,42,118,91,141,0,69
Noire de Crimée,23.8,25.4,59,106,67,166,0,54
Noire de Crimée,25.7,22.8,85,108,70,150,0,72
Noire de Crimée,22.1,25.3,84,115,79,152,0,56
Marmande,26.8,28.0,74,104,67,130,0,50
Marmande,24.5,25.4,52,114,87,139,0,74
Marmande,27.0,25.9,59,104,80,164,0,68
Cerise,24.2,27.4,63,109,97,167,0,51
Noire de Crimée,19.3,20.0,48,119,97,157,0,61
Marmande,21.1,25.3,69,110,65,130,1,91
Marmande,20.0,26.7,64,136,61,137,0,74
Cerise,27.1,27.6,55,124,69,152,0,81
Marmande,25.6,20.9,47,133,68,149,0,97
Cerise,24.8,23.5,83,95,62,161,0,92
Cœur de Bœuf,21.0,25.1,67,126,61,152,0,67
Marmande,19.8,21.2,51,100,95,136,0,80
Cœur de Bœuf,25.6,24.4,63,112,67,140,0,93
Cerise,22.7,21.3,88,133,68,137,0,58
Noire de Crimée,20.3,22.0,68,128,85,143,0,70
Marmande,24.2,23.0,54,98,93,143,0,88
Cerise,18.4,23.8,57,107,89,165,1,56
Noire de Crimée,21.3,23.0,46,135,97,169,0,62
Noire de Crimée,22.7,23.4,52,125,67,156,1,69
Cœur de Bœuf,19.5,21.7,58,129,62,149,0,62
Cerise,27.8,20.4,87,137,70,167,0,77
Noire de Crimée,20.1,19.4,82,125,84,154,0,86
Marmande,19.3,20.8,44,117,64,158,0,74
Marmande,20.0,24.2,65,108,71,143,0,95
Cœur de Bœuf,25.7,26.1,41,119,89,157,1,97
Noire de Crimée,22.3,20.5,72,127,86,159,1,94
Cerise,23.7,20.0,87,104,64,144,1,75
Marmande,18.2,25.7,76,133,79,150,0,93
Noire de Crimée,18.3,21.7,64,101,80,141,0,82
Noire de Crimée,22.5,27.6,64,91,62,140,0,89
Cœur de Bœuf,26.2,25.4,78,98,63,168,0,89
Marmande,26.9,21.9,69,124,83,135,0,76
Marmande,18.9,21.6,80,90,66,132,1,64
Cerise,23.4,23.7,43,135,83,144,0,52
Marmande,27.1,19.7,58,120,70,163,0,78
Cerise,21.9,20.1,66,117,61,133,0,80
Marmande,26.3,20.6,86,134,65,163,0,89
Cœur de Bœuf,19.3,26.0,78,126,66,167,0,67
Marmande,27.4,23.6,63,96,97,168,0,73
Cerise,25.5,19.1,89,135,77,135,0,88
Cerise,27.4,25.1,76,105,68,151,1,93
Cœur de Bœuf,24.8,22.8,64,139,87,166,0,96
Marmande,21.6,23.6,68,103,78,161,0,57
Marmande,27.4,20.9,70,122,63,157,0,78
Cœur de Bœuf,20.8,24.0,84,95,63,155,1,97
Marmande,21.3,27.8,74,110,72,133,1,86
Marmande,25.0,19.7,67,99,87,139,0,86
Cerise,25.7,21.6,77,121,70,156,1,58
Marmande,27.3,21.2,83,95,61,149,0,94
Marmande,20.0,21.2,89,91,65,165,1,79
Cœur de Bœuf,26.0,22.4,89,128,71,134,1,64
Cœur de Bœuf,25.4,26.4,43,138,99,146,1,89
Noire de Crimée,18.6,27.2,67,116,96,161,0,61
Cerise,21.9,20.8,70,103,83,164,0,90
Marmande,20.8,23.9,62,112,68,152,0,76
Marmande,21.0,24.7,53,128,85,142,0,96
Noire de Crimée,27.8,23.7,67,110,63,130,0,96
Marmande,24.4,22.9,53,130,63,160,0,80
Cerise,25.2,20.7,40,119,93,148,0,62
Noire de Crimée,27.8,23.4,82,114,81,152,1,64
Cerise,21.8,22.6,71,113,72,163,1,54
Noire de Crimée,26.0,26.2,80,100,74,133,1,91
Noire de Crimée,22.3,25.9,57,124,99,163,0,74
Cœur de Bœuf,26.7,20.2,44,93,97,159,0,61
Cerise,19.8,19.8,81,126,61,139,0,98
Marmande,27.5,27.2,54,125,61,135,0,58
Marmande,20.2,23.8,81,102,67,141,1,75
Cerise,21.3,26.7,55,98,97,141,0,86
Marmande,25.6,19.5,75,117,77,147,0,58
Marmande,21.9,23.7,75,135,88,165,1,54
Cerise,24.1,23.9,79,105,70,164,0,95
Noire de Crimée,22.4,26.7,69,95,65,154,0,56
Cerise,25.4,19.9,77,116,68,151,0,90
Noire de Crimée,20.3,21.2,62,99,81,159,0,80
Marmande,18.6,22.7,50,112,84,158,1,93
Marmande,21.0,26.8,64,110,90,136,1,86
Marmande,22.7,27.4,84,115,80,169,0,56
Cœur de Bœuf,19.7,27.9,82,134,97,132,0,54
Noire de Crimée,21.5,27.6,41,92,78,150,0,66
Cœur de Bœuf,22.0,19.1,74,132,69,149,1,60
Cœur de Bœuf,18.6,19.4,86,124,96,138,0,86
Cerise,23.8,20.3,63,96,71,165,1,85
Cœur de Bœuf,26.8,22.1,52,116,78,143,0,76
Cerise,19.5,26.5,81,131,61,147,1,50
Cerise,24.0,27.0,76,122,74,162,1,50
Cœur de Bœuf,24.6,20.7,69,93,97,131,1,63
Noire de Crimée,22.2,24.6,50,115,67,166,1,77
Noire de Crimée,25.0,27.3,62,97,94,160,0,90
Noire de Crimée,22.1,23.2,85,109,97,151,1,50
Noire de Crimée,23.0,19.9,67,106,89,138,0,57
Noire de Crimée,18.1,23.1,68,94,68,149,1,94
Cœur de Bœuf,24.9,22.4,54,138,89,149,0,90
Cœur de Bœuf,24.6,24.2,84,98,78,130,0,96
Marmande,18.4,22.9,42,97,88,159,1,92
Noire de Crimée,21.7,19.2,48,96,61,148,0,75
Cœur de Bœuf,27.8,27.9,47,126,87,165,1,85
Marmande,22.2,23.9,86,125,67,143,0,78
Noire de Crimée,23.0,23.3,72,92,84,130,0,89
Cerise,27.1,27.6,73,97,69,134,0,94
Marmande,25.2,20.4,48,94,81,139,1,98
Cœur de Bœuf,23.8,20.7,56,94,94,138,0,53
Cerise,26.0,26.3,80,106,83,143,1,91
Cerise,26.6,21.3,40,136,85,168,0,51
Cerise,22.6,26.2,79,116,90,147,0,79
Marmande,22.8,21.4,44,129,82,154,0,96
Cœur de Bœuf,21.9,19.3,69,128,61,165,0,69
Cerise,27.7,23.7,50,138,98,160,0,79
Noire de Crimée,25.0,20.8,67,101,92,164,0,67
Cerise,18.8,25.8,77,117,83,156,0,79
Cerise,26.6,24.8,56,93,71,151,1,95
Marmande,22.8,27.3,89,117,96,140,1,84
Marmande,18.7,26.0,62,114,68,139,0,50
Cœur de Bœuf,23.5,20.6,57,139,62,137,0,52
Noire de Crimée,22.2,26.2,76,125,82,157,0,72
Marmande,26.8,24.8,66,131,83,152,0,94
Cerise,20.0,25.0,64,92,92,135,0,89
Cœur de Bœuf,26.3,26.5,44,120,89,143,0,71
Cerise,23.6,24.2,58,126,97,153,0,98
Cerise,18.5,23.2,66,101,61,138,1,97
Marmande,27.7,24.7,52,126,99,169,0,97
Cœur de Bœuf,23.1,21.7,46,126,81,167,0,93
Noire de Crimée,20.9,20.6,65,93,70,154,0,97
Noire de Crimée,22.7,24.5,53,119,71,167,0,64
Marmande,26.6,21.1,66,127,78,159,0,90
Marmande,21.0,19.7,47,131,79,151,0,65
Cœur de Bœuf,19.9,19.0,70,127,68,131,0,76
Noire de Crimée,19.3,24.5,74,116,77,154,0,81
Noire de Crimée,21.0,22.3,66,111,77,153,0,83
Noire de Crimée,25.8,25.8,43,90,99,166,0,91
Cerise,22.7,22.4,81,137,95,132,1,61
Noire de Crimée,20.3,23.4,43,132,86,155,0,67
Cerise,19.7,22.7,57,127,72,159,1,67
Cœur de Bœuf,21.3,24.9,62,109,67,158,0,53
Cerise,27.4,22.2,71,107,82,136,0,83
Cœur de Bœuf,21.4,27.7,51,95,72,138,0,88
Noire de Crimée,27.9,27.4,59,138,66,159,0,68
Noire de Crimée,22.9,26.6,86,101,99,145,1,92
Cœur de Bœuf,19.8,27.3,84,106,61,169,0,94
Marmande,26.9,23.0,51,111,62,143,0,80
Cœur de Bœuf,22.6,23.8,47,107,98,155,1,98
Marmande,25.1,25.7,61,99,82,166,0,80
Cerise,27.8,25.3,66,113,66,139,0,91
Cerise,18.5,27.0,80,109,63,159,1,97
Cerise,19.0,25.4,80,101,67,151,0,69
Noire de Crimée,25.2,28.0,56,93,91,159,1,97
Cerise,20.8,22.1,71,131,78,161,0,69
Marmande,19.8,26.5,72,94,71,143,0,81
Cerise,18.4,25.3,70,115,69,152,1,69
Cœur de Bœuf,18.2,25.2,45,125,73,146,1,65
Cœur de Bœuf,25.7,21.9,78,105,86,165,1,68
Noire de Crimée,19.3,26.1,48,94,80,158,0,80
Cœur de Bœuf,22.7,27.1,81,115,79,153,0,62
Marmande,24.1,21.0,71,108,63,140,1,69
Cerise,22.3,24.6,75,95,78,144,0,92
Noire de Crimée,18.3,22.5,55,113,88,151,1,61
Cerise,25.8,27.9,51,120,66,156,1,98
Cerise,18.1,23.3,80,120,92,163,1,96
Marmande,25.6,21.1,42,96,67,162,0,75
Cœur de Bœuf,26.9,22.4,66,99,70,150,0,84
Cœur de Bœuf,22.3,24.9,66,128,92,153,1,90
Cerise,23.4,19.7,48,111,84,149,1,59
Noire de Crimée,22.8,24.4,56,103,92,133,1,61
Cœur de Bœuf,21.9,27.4,85,117,95,166,1,73
Noire de Crimée,26.9,26.7,44,131,85,166,0,58
Cœur de Bœuf,26.9,19.6,65,111,95,162,0,54
Noire de Crimée,21.4,27.9,60,121,70,160,1,80
Marmande,24.2,25.3,40,100,89,163,0,83
Noire de Crimée,27.3,20.5,40,103,92,151,0,94
Marmande,27.6,19.1,74,120,69,159,1,60
Marmande,23.1,20.5,48,133,88,134,1,58
Noire de Crimée,22.5,26.5,62,93,84,152,0,71
Marmande,20.8,19.2,77,134,91,142,0,89
Cerise,27.6,21.1,80,111,63,138,1,96
Marmande,19.4,25.8,43,118,98,143,1,77
Cœur de Bœuf,23.8,24.3,58,124,93,146,0,65
Noire de Crimée,20.8,26.0,76,102,81,164,1,59
Cerise,20.8,25.7,44,109,72,147,0,83
Noire de Crimée,22.0,19.5,67,108,95,141,0,64
Cœur de Bœuf,28.0,27.0,85,104,65,145,1,67
Cœur de Bœuf,18.5,21.0,81,115,76,159,0,94
Cœur de Bœuf,23.8,24.0,87,109,85,142,0,80
Marmande,18.8,24.8,62,125,83,147,0,54
Marmande,19.5,20.5,77,95,68,141,0,82
Noire de Crimée,22.4,27.8,62,104,61,163,0,78
Noire de Crimée,23.1,23.4,85,93,79,162,0,52
Cerise,20.6,19.5,57,95,86,135,1,72
Cerise,21.2,27.4,68,91,65,147,0,59
Noire de Crimée,18.9,24.3,67,125,86,132,1,96
Marmande,21.0,25.3,48,139,83,135,0,81
Cœur de Bœuf,27.7,23.7,78,104,74,165,0,97
Noire de Crimée,27.4,26.5,89,101,92,151,1,76
Cerise,21.3,19.3,49,129,69,136,0,85
Marmande,23.7,21.4,41,133,80,159,0,73
Noire de Crimée,27.1,23.2,52,130,65,131,1,69
Noire de Crimée,18.1,19.7,77,96,89,161,1,52
Marmande,26.1,25.4,66,111,82,144,0,54
Noire de Crimée,27.5,22.5,80,97,95,151,0,52
Marmande,18.9,21.5,59,131,62,167,1,89
Cœur de Bœuf,19.6,19.0,79,100,85,137,0,55
Marmande,27.6,25.5,49,91,93,137,0,64
Marmande,23.4,26.5,55,119,89,168,0,55
Marmande,18.1,22.6,54,93,77,165,0,72
Noire de Crimée,20.6,24.1,52,114,76,149,1,79
Noire de Crimée,22.5,21.0,89,110,80,166,0,88
Marmande,24.9,24.6,77,114,83,137,0,89
Noire de Crimée,25.3,19.1,59,98,63,143,0,97
Cerise,28.0,23.4,63,97,84,149,0,70
Cerise,20.9,24.8,80,94,83,164,0,94
Noire de Crimée,23.4,27.3,89,135,86,154,1,86
Noire de Crimée,23.3,22.4,46,117,90,147,1,71
Marmande,22.1,25.9,62,91,94,150,1,51
Cœur de Bœuf,19.7,24.4,63,110,79,166,0,63
Noire de Crimée,27.8,27.3,68,138,75,160,0,67
Cerise,26.5,22.6,44,97,90,135,0,99
Marmande,23.0,21.9,82,123,66,149,1,99
Noire de Crimée,24.0,27.0,84,112,77,157,0,64
Cerise,20.3,19.4,74,104,67,165,1,86
Cerise,23.4,20.2,40,116,86,169,1,51
Cœur de Bœuf,24.9,19.7,75,91,73,155,1,92
Marmande,23.2,26.6,57,117,77,142,0,69
Marmande,27.9,19.1,45,100,60,133,0,59
Cœur de Bœuf,24.1,26.8,62,135,90,163,1,54
Cœur de Bœuf,21.7,23.1,49,110,79,166,0,81
Marmande,25.7,19.0,46,131,65,163,1,51
Marmande,19.7,22.6,83,121,60,145,1,93
Noire de Crimée,21.8,20.7,47,121,78,152,0,98
Noire de Crimée,21.5,24.6,52,96,98,152,0,54
Cœur de Bœuf,22.3,25.1,69,111,86,144,1,70
Noire de Crimée,25.8,23.4,57,103,75,154,1,67
Cerise,22.8,19.4,53,102,73,158,0,97
Noire de Crimée,25.9,24.9,50,110,93,165,1,89
Noire de Crimée,23.8,26.6,81,111,66,144,0,53
Cerise,21.4,25.5,77,123,79,166,0,81
Cœur de Bœuf,26.1,26.5,52,99,90,164,0,85
Cerise,20.4,20.8,81,90,81,168,0,53
Noire de Crimée,20.2,27.0,83,90,79,166,1,66
Cœur de Bœuf,23.0,21.9,72,113,74,157,1,91
Noire de Crimée,20.6,19.1,89,92,84,159,0,82
Cerise,18.1,26.6,52,120,60,136,1,71
Cerise,24.5,27.5,64,132,76,133,0,67
Noire de Crimée,23.1,24.9,63,130,75,136,0,76
Marmande,22.5,21.1,68,102,96,162,1,64
Marmande,27.7,21.3,75,93,80,147,0,74
Cerise,23.7,23.2,45,112,86,144,0,59
Cerise,26.6,27.1,57,95,94,164,1,65
Marmande,19.4,20.3,67,123,83,166,0,53
Marmande,23.7,26.4,44,130,61,134,0,80
Noire de Crimée,26.7,21.6,57,107,84,152,0,81
Noire de Crimée,23.8,26.3,76,125,78,139,1,73
Marmande,25.2,27.3,46,115,72,154,1,67
Noire de Crimée,21.7,22.8,48,122,88,151,0,81
Noire de Crimée,18.9,22.3,74,122,91,160,1,77
Cœur de Bœuf,22.6,26.2,51,114,65,152,1,60
Noire de Crimée,21.9,23.8,85,106,68,157,0,57
Cerise,26.7,25.2,79,92,60,144,0,50
Noire de Crimée,20.4,24.6,83,111,83,169,0,51
Noire de Crimée,27.7,20.4,78,138,69,136,0,70
Marmande,27.6,26.6,63,124,94,167,0,98
Cerise,20.5,20.8,48,93,65,169,0,68
Noire de Crimée,21.5,27.4,51,117,79,144,1,91
Noire de Crimée,27.0,21.3,75,102,97,134,0,79
Cœur de Bœuf,27.7,25.6,76,119,71,141,1,89
Noire de Crimée,22.4,21.6,48,136,62,142,0,74
Noire de Crimée,21.2,21.9,78,101,77,132,0,58
Cœur de Bœuf,23.3,21.8,85,92,80,148,1,91
Marmande,24.9,25.7,61,110,94,155,0,77
Noire de Crimée,20.7,24.0,56,129,96,159,1,86
Cœur de Bœuf,25.4,26.9,72,90,78,157,1,81
Cerise,18.5,21.8,86,107,84,144,1,90
Marmande,18.5,25.2,63,102,77,147,0,60
Cerise,21.9,25.8,54,96,99,136,1,99
Cerise,21.5,20.4,68,102,89,143,0,70
Cœur de Bœuf,21.2,22.6,71,106,93,153,1,73
Noire de Crimée,22.9,23.3,72,134,69,153,0,50
Cœur de Bœuf,21.2,22.2,68,121,81,140,0,65
Cœur de Bœuf,19.9,21.9,54,118,63,168,1,73
Cœur de Bœuf,21.1,25.2,66,134,62,169,0,59
Cœur de Bœuf,27.7,20.9,73,119,87,139,1,81
Marmande,22.1,25.4,43,100,81,162,0,77
Noire de Crimée,22.4,27.4,88,103,71,149,0,99
Cerise,23.8,24.1,87,99,72,168,0,82
Cerise,27.8,24.5,57,97,92,151,0,87
Noire de Crimée,20.4,19.6,60,120,78,164,0,71
Cerise,24.8,26.8,87,95,76,157,0,50
Noire de Crimée,25.2,21.6,47,108,93,165,0,84
Cerise,24.1,24.5,45,108,63,159,0,94
Cœur de Bœuf,18.9,27.8,59,101,98,135,0,61
Cerise,24.8,24.4,41,128,67,130,0,95
Noire de Crimée,18.6,25.5,84,139,92,133,1,74
Noire de Crimée,24.0,23.0,61,107,60,154,1,77
Noire de Crimée,25.4,19.5,60,92,64,168,1,66
Noire de Crimée,20.1,26.2,45,98,91,140,0,65
Noire de Crimée,26.4,19.3,71,95,99,167,0,81
Marmande,18.3,25.3,45,90,60,166,0,94
Marmande,26.4,19.2,52,131,94,141,1,53
Cerise,22.6,26.8,40,129,81,158,0,96
Noire de Crimée,20.2,20.4,61,118,88,163,0,90
Cerise,19.3,23.6,63,138,76,147,1,98
Noire de Crimée,27.5,24.4,80,124,89,138,1,60
Noire de Crimée,18.7,23.1,69,124,94,141,1,69
Marmande,20.0,22.1,61,119,60,138,0,75
Marmande,21.5,23.2,83,124,63,130,0,56
Cœur de Bœuf,24.2,21.8,51,128,68,136,0,80
Marmande,23.4,22.9,65,111,91,168,0,56
Cœur de Bœuf,19.3,22.2,43,132,64,163,0,53
Cœur de Bœuf,20.9,24.1,58,117,73,161,0,57
Cœur de Bœuf,20.4,21.1,55,107,85,157,0,63
Cœur de Bœuf,20.1,27.9,51,121,82,155,1,71
Cœur de Bœuf,22.1,23.5,72,94,81,165,0,72
Cerise,25.0,20.7,60,123,86,169,1,74
Marmande,20.2,23.3,75,120,84,143,1,85
Cœur de Bœuf,21.7,26.8,48,135,95,160,1,98
Noire de Crimée,21.9,19.2,78,122,63,145,0,75
Marmande,27.8,25.1,81,93,91,168,0,73
Marmande,27.5,23.9,84,103,68,140,0,67
Cœur de Bœuf,26.0,20.5,47,104,61,140,0,70
Cerise,20.4,26.4,59,109,98,167,0,96
Cœur de Bœuf,18.7,22.3,49,109,84,141,0,54
Cerise,21.2,21.6,71,138,69,138,1,64
Noire de Crimée,20.7,26.5,67,124,96,151,0,80
Marmande,23.1,24.7,49,93,84,167,1,75
Noire de Crimée,25.8,27.1,47,107,99,138,1,53
Cerise,26.6,24.7,86,113,88,132,1,53
Cerise,26.4,25.7,72,116,96,168,0,93
Noire de Crimée,21.6,26.5,86,122,64,164,0,99
Cerise,24.9,19.5,88,114,73,159,0,68
Noire de Crimée,21.1,26.0,52,94,92,155,0,75
Marmande,18.6,24.5,83,107,86,137,0,99
Noire de Crimée,25.0,19.6,74,134,64,161,1,82
Marmande,18.1,23.6,68,135,74,151,1,53
Noire de Crimée,22.1,19.7,44,109,62,137,0,96
Cerise,21.3,25.6,42,124,60,131,1,87
Noire de Crimée,24.9,23.9,76,95,83,143,0,73
Cerise,25.7,27.6,80,116,71,134,0,80
Noire de Crimée,21.0,20.6,45,117,73,142,1,83
Noire de Crimée,26.1,24.5,87,100,79,152,0,83
Cœur de Bœuf,20.9,20.9,81,98,73,142,1,51
Cerise,22.5,24.5,55,117,73,148,1,92
Cœur de Bœuf,25.3,25.5,74,108,94,153,0,57
Cerise,24.9,25.5,57,128,78,164,1,98
Cœur de Bœuf,27.9,26.3,50,110,79,143,0,70
Marmande,20.3,26.7,62,120,82,133,0,61
Noire de Crimée,24.6,19.7,86,131,93,155,0,85
Cerise,24.1,22.1,50,96,60,139,1,50
Cerise,27.2,25.2,68,126,63,167,1,91
Noire de Crimée,19.6,23.5,81,114,99,167,1,88
Cerise,25.5,20.7,66,117,76,163,0,65
Cerise,23.7,24.0,48,125,85,163,0,98
Cœur de Bœuf,20.7,22.7,74,106,73,148,0,55
Cerise,22.7,22.5,48,115,91,132,0,82
Marmande,21.3,26.3,57,117,95,165,0,92
Marmande,23.8,22.7,83,126,79,133,0,62
Noire de Crimée,26.9,19.2,60,106,75,155,0,94
Cerise,23.7,19.5,87,138,78,140,0,58
Noire de Crimée,24.3,26.7,75,106,98,132,0,84
Marmande,23.2,27.6,40,122,83,138,0,77
Cerise,18.5,25.2,66,123,73,131,1,83
Cerise,20.3,22.3,84,112,88,143,1,81
Noire de Crimée,22.9,27.4,79,119,73,132,1,50
Marmande,21.1,25.0,77,116,70,131,1,88
Cerise,19.8,26.6,68,98,70,151,0,74
Noire de Crimée,23.0,25.9,79,109,99,158,0,59
Marmande,21.2,22.4,58,112,83,162,0,51
Noire de Crimée,20.6,23.3,63,136,81,165,0,53
Cœur de Bœuf,22.6,20.7,83,108,80,139,1,74
Cerise,19.3,21.6,40,126,65,167,1,65
Cœur de Bœuf,27.3,26.0,75,134,73,150,0,89
Marmande,26.7,27.0,62,93,68,160,0,93
Cœur de Bœuf,25.1,25.5,52,102,94,164,0,54
Cœur de Bœuf,19.1,23.2,69,127,95,132,0,72
Marmande,25.8,19.8,88,101,84,148,1,69
Noire de Crimée,26.1,19.5,76,98,74,151,1,52
Cœur de Bœuf,25.7,22.4,50,104,87,149,0,50
Noire de Crimée,19.1,23.2,46,110,73,165,1,95
Cœur de Bœuf,24.4,24.5,74,104,72,148,0,74
Noire de Crimée,26.3,19.1,50,138,90,133,0,65
Marmande,23.8,27.9,88,94,64,161,1,90
Cœur de Bœuf,24.5,22.3,82,94,78,137,1,54
Marmande,22.6,26.6,86,114,67,155,1,85
Cœur de Bœuf,23.3,23.8,79,113,72,130,0,55
Marmande,18.3,20.2,87,126,76,155,0,61
Marmande,24.4,26.2,60,120,91,138,0,95
Cœur de Bœuf,18.8,25.4,86,135,64,164,1,72
Cœur de Bœuf,22.4,23.7,42,123,68,147,1,95
Cœur de Bœuf,20.9,23.6,69,130,93,148,1,87
Cerise,23.5,19.8,63,103,60,145,0,54
Noire de Crimée,19.3,24.9,77,116,99,157,1,51
Cerise,24.9,27.2,42,136,74,132,1,52
Cerise,26.0,19.8,76,93,91,147,0,90
Marmande,19.6,21.4,72,112,93,142,0,56
Cœur de Bœuf,19.0,27.1,61,127,94,156,0,75
Noire de Crimée,19.5,21.6,70,135,87,169,0,61
Marmande,26.8,24.9,85,94,76,168,1,99
Cerise,23.3,23.8,51,116,70,153,0,94
Cœur de Bœuf,22.7,24.4,84,132,82,158,0,50
Marmande,19.1,22.7,53,103,85,151,0,50
Cœur de Bœuf,24.5,21.7,51,96,64,155,0,82
Marmande,26.7,19.4,66,135,85,149,0,88
Cœur de Bœuf,26.3,25.7,52,134,65,153,0,58
Cerise,24.3,25.7,63,107,93,141,1,50
Noire de Crimée,18.8,25.0,77,121,72,147,0,64
Cerise,19.1,24.8,86,91,84,141,1,74
Noire de Crimée,18.5,21.2,87,130,61,167,0,93
Cœur de Bœuf,20.6,19.2,48,132,73,161,0,85
Marmande,19.4,26.3,47,109,76,152,0,59
Cerise,20.6,23.4,76,118,99,133,0,99
Noire de Crimée,21.9,21.8,54,132,99,141,0,80
Cerise,27.4,19.9,46,115,98,146,0,69
Noire de Crimée,24.1,19.6,63,127,84,150,0,54
Cerise,26.3,22.1,88,90,86,166,0,77
Noire de Crimée,25.1,26.2,55,94,83,158,0,83
Noire de Crimée,19.1,27.3,63,103,92,135,0,88
Cœur de Bœuf,25.4,27.1,82,114,86,157,0,87
Noire de Crimée,20.8,27.3,46,137,90,137,1,65
Cœur de Bœuf,24.4,27.2,82,98,97,160,0,64
Noire de Crimée,21.4,23.7,67,119,74,149,0,90
Marmande,28.0,21.0,41,108,99,145,0,88
Marmande,20.6,26.2,73,129,60,142,1,91
Marmande,20.8,20.9,77,97,70,144,0,75
Noire de Crimée,27.3,21.4,42,105,74,142,0,79
Cœur de Bœuf,18.2,21.1,40,139,92,131,1,51
Cœur de Bœuf,25.0,23.6,70,97,91,149,1,52
Noire de Crimée,25.3,21.9,62,112,84,157,0,68
Marmande,26.4,20.4,59,98,98,147,0,73
Marmande,27.7,23.1,55,121,92,136,1,52
Cœur de Bœuf,27.8,26.9,85,126,88,150,0,89
Marmande,18.7,24.1,71,123,93,168,0,54
Cerise,26.2,26.9,56,135,67,138,1,81
Cœur de Bœuf,24.5,20.8,57,107,70,139,1,80
Marmande,24.5,20.5,43,134,72,160,0,61
Cœur de Bœuf,19.3,24.2,74,133,64,142,0,92
Cerise,24.5,23.2,79,104,78,134,0,85
Cœur de Bœuf,27.8,24.9,75,104,80,169,0,85
Cœur de Bœuf,27.1,26.2,62,118,62,167,0,80
Cœur de Bœuf,22.4,25.8,54,112,85,165,1,82
Cœur de Bœuf,18.4,27.5,52,112,92,131,0,56
Cerise,21.6,22.6,53,90,89,135,0,75
Noire de Crimée,26.3,20.9,53,111,81,142,0,75
Cœur de Bœuf,25.0,24.0,76,96,64,158,0,69
Cœur de Bœuf,22.6,20.0,44,134,78,143,0,83
Marmande,18.6,21.6,61,121,68,159,0,82
Cœur de Bœuf,22.3,20.9,67,117,83,154,0,68
Marmande,22.7,22.6,84,139,98,169,0,66
Noire de Crimée,27.3,20.0,43,121,71,164,1,92
Cerise,24.4,19.3,89,122,86,166,0,86
Cerise,21.1,24.9,77,132,80,136,1,55
Noire de Crimée,23.3,24.5,68,102,97,167,0,71
Cerise,18.7,25.4,76,117,94,147,0,87
Noire de Crimée,27.7,24.9,74,98,91,137,0,66
Noire de Crimée,21.6,20.0,59,137,95,136,0,69
Noire de Crimée,22.8,21.6,74,132,92,163,0,91
Cerise,21.6,20.2,74,92,76,165,0,91
Marmande,24.8,26.6,59,106,64,139,0,90
Noire de Crimée,24.6,25.7,41,123,79,169,0,75
Cœur de Bœuf,25.2,20.8,57,121,82,158,1,77
Cerise,20.7,22.1,69,98,98,145,0,99
Noire de Crimée,21.2,27.7,81,130,63,154,1,94
Noire de Crimée,19.3,24.3,68,137,85,158,1,57
Cœur de Bœuf,24.6,26.2,78,90,89,137,0,92
Marmande,18.4,21.4,61,138,88,149,0,56
Marmande,24.0,20.9,68,131,93,165,0,56
Marmande,26.7,26.1,85,109,69,156,1,78
Noire de Crimée,26.9,25.2,49,94,79,142,0,52
Noire de Crimée,22.5,25.1,59,129,83,155,0,65
Noire de Crimée,22.6,24.0,55,134,93,154,0,62
Cerise,18.8,24.1,45,110,96,157,1,99
Cœur de Bœuf,24.7,25.6,56,94,72,138,0,67
Noire de Crimée,26.2,21.4,45,93,82,155,0,93
Cœur de Bœuf,20.4,22.2,61,97,69,141,1,62
Cœur de Bœuf,22.2,26.8,57,114,81,155,1,80
Marmande,26.4,21.8,71,96,73,151,1,52
Cerise,26.8,23.9,67,126,84,130,0,79
Noire de Crimée,20.4,25.3,81,131,77,141,1,52
Marmande,23.5,28.0,49,121,79,153,1,75
Marmande,19.9,22.9,80,106,87,159,0,51
Noire de Crimée,19.0,22.9,61,117,67,143,0,88
Cœur de Bœuf,27.1,26.6,67,95,64,152,0,83
Marmande,26.2,26.2,54,131,80,131,0,87
Cœur de Bœuf,25.6,25.6,82,137,79,132,1,62
Cerise,18.5,23.2,68,131,75,135,1,60
Cœur de Bœuf,26.4,21.9,46,125,79,148,1,86
Cerise,22.4,24.5,89,91,84,150,0,56
Cœur de Bœuf,21.4,26.9,73,120,66,149,1,92
Marmande,23.5,27.0,71,90,84,150,1,76
Marmande,18.9,20.0,41,92,95,169,0,56
Cerise,25.6,22.9,65,102,69,133,1,57
Noire de Crimée,23.8,23.2,84,120,99,154,1,85
Cerise,19.9,27.8,50,118,75,136,1,91
Cerise,19.9,25.1,64,133,63,136,0,78
Cœur de Bœuf,19.8,22.7,58,122,69,162,0,70
Cœur de Bœuf,18.6,19.2,59,99,90,155,1,75
Cerise,23.9,24.1,72,127,71,146,0,69
Marmande,26.4,19.9,56,98,79,137,0,78
Cœur de Bœuf,18.2,26.5,69,90,91,155,0,64
Noire de Crimée,18.5,25.8,57,133,61,144,0,72
Cœur de Bœuf,23.7,23.1,71,126,70,149,0,64
Cœur de Bœuf,26.2,22.9,79,121,79,148,1,59
Noire de Crimée,21.3,27.1,84,122,82,136,0,51
Cerise,21.5,21.6,43,91,72,130,0,97
Noire de Crimée,24.0,21.2,71,135,94,168,1,79
Cerise,20.7,27.5,58,91,76,166,1,86
Cerise,18.3,26.3,42,94,69,147,1,76
Cerise,25.4,26.4,77,99,99,137,0,66
Noire de Crimée,24.3,20.8,67,127,97,144,1,52
Cerise,23.8,20.3,77,126,73,135,0,57
Marmande,25.4,19.2,45,91,78,166,0,92
Noire de Crimée,24.8,21.1,79,130,91,151,1,86
Marmande,20.1,26.0,56,131,92,140,0,98
Cerise,21.5,21.2,81,129,84,155,0,53
Cœur de Bœuf,19.3,25.6,44,114,84,137,1,73
Cerise,19.3,21.3,58,127,73,138,0,78
Marmande,24.8,22.6,82,126,97,142,0,57
Marmande,26.6,27.8,81,107,95,132,0,83
Noire de Crimée,27.6,21.2,74,116,83,132,0,97
Cœur de Bœuf,24.3,22.4,61,109,98,136,0,58
Noire de Crimée,19.8,21.7,63,139,98,132,0,66
Marmande,19.1,20.0,49,123,72,140,0,59
Cerise,26.1,23.4,41,133,61,157,0,73
Cœur de Bœuf,23.8,22.4,67,97,93,160,0,94
Cerise,24.2,25.3,80,93,74,138,1,71
Cerise,25.8,26.4,76,119,61,156,0,66
Cœur de Bœuf,25.0,23.9,56,125,84,141,0,80
Noire de Crimée,26.3,19.3,45,98,64,137,0,93
Cerise,18.6,24.6,82,130,93,151,0,58
Marmande,25.5,19.5,44,101,98,147,1,64
Cerise,26.5,24.5,78,103,64,159,1,91
Cœur de Bœuf,20.9,25.2,46,124,67,140,0,79
Cœur de Bœuf,24.4,20.8,71,95,73,131,0,66
Cœur de Bœuf,21.1,26.4,43,136,88,158,0,56
Noire de Crimée,27.6,27.2,60,112,89,155,0,95
Cerise,18.3,26.3,81,93,96,143,0,94
Noire de Crimée,23.8,21.7,71,90,63,157,0,75
Noire de Crimée,19.7,24.3,57,98,94,164,0,51
Cœur de Bœuf,25.1,27.2,72,137,66,135,0,97
Cœur de Bœuf,19.8,21.9,53,98,85,165,1,78
Noire de Crimée,20.4,26.4,45,133,91,141,0,98
Cerise,22.9,19.1,50,135,92,163,0,55
Marmande,27.1,19.0,85,104,83,135,0,82
Noire de Crimée,20.1,25.8,59,113,60,166,0,87
Cerise,19.4,25.9,68,137,88,166,0,50
Cœur de Bœuf,25.6,26.1,74,97,97,137,0,59
Cœur de Bœuf,23.0,27.4,55,117,97,166,1,80
Cerise,27.1,20.1,87,131,80,169,1,73
Marmande,19.5,21.1,46,135,82,162,0,57
Cœur de Bœuf,24.5,27.1,79,106,64,160,0,77
Cœur de Bœuf,20.3,20.6,75,124,89,163,0,77
Cœur de Bœuf,19.6,25.1,83,120,99,140,0,97
Cerise,24.8,23.8,83,93,77,165,0,93
Noire de Crimée,23.9,19.7,70,137,65,133,0,95
Cœur de Bœuf,25.5,21.6,81,103,64,146,1,57
Noire de Crimée,21.1,23.7,83,114,77,145,0,78
Marmande,22.5,26.7,82,135,72,159,0,68
Cœur de Bœuf,22.1,25.4,82,137,79,168,0,78
Cœur de Bœuf,27.8,24.6,86,129,97,134,1,64
Marmande,20.9,23.5,45,139,80,169,0,80
Cœur de Bœuf,20.9,21.7,68,96,63,166,0,54
Noire de Crimée,21.5,20.1,66,120,72,155,0,98
Cerise,23.6,22.7,82,124,77,157,1,77
Noire de Crimée,20.5,19.3,41,127,72,148,1,95
Cerise,27.2,20.9,61,109,72,150,0,64
Cerise,20.7,22.9,48,105,98,157,0,57
Noire de Crimée,27.0,22.8,50,111,96,148,0,85
Noire de Crimée,19.0,19.4,55,125,94,165,1,81
Noire de Crimée,24.6,24.3,84,108,97,140,1,88
Noire de Crimée,27.1,23.9,52,91,99,148,0,88
Marmande,19.7,19.7,57,93,86,134,1,71
Cœur de Bœuf,27.7,27.5,64,123,85,131,1,54
Cerise,22.5,19.9,72,96,71,154,0,59
Noire de Crimée,27.5,26.7,49,136,61,155,0,80
Noire de Crimée,24.8,19.0,69,138,79,159,0,86
Noire de Crimée,21.0,26.9,88,103,94,146,0,72
Marmande,19.9,19.2,40,132,69,150,0,81
Noire de Crimée,21.0,25.8,72,121,67,149,0,73
Noire de Crimée,18.9,22.3,88,106,99,147,0,53
Noire de Crimée,19.4,25.6,54,126,95,145,0,92
Cœur de Bœuf,19.0,22.6,68,103,90,157,1,87
Marmande,22.2,19.6,41,106,74,141,0,64
Noire de Crimée,26.0,25.9,50,121,77,169,1,60
Cerise,19.4,19.6,73,91,74,135,1,74
Cerise,19.3,27.3,80,128,78,153,0,75
Cerise,24.4,19.5,58,93,83,135,0,88
Marmande,20.0,23.3,41,129,94,146,0,86
Marmande,19.0,25.5,87,119,61,148,0,85
Cerise,19.7,22.5,59,119,72,157,0,82
Noire de Crimée,27.2,21.0,80,122,68,158,0,97
Marmande,26.2,25.8,70,131,94,136,1,93
Cerise,21.5,26.1,43,90,61,148,0,69
Cerise,24.6,27.3,68,122,75,137,1,99
Noire de Crimée,23.4,22.4,69,125,95,137,0,83
Cœur de Bœuf,24.8,23.6,52,138,61,134,0,94
Marmande,24.8,22.3,54,120,75,163,0,61
Noire de Crimée,24.3,21.3,59,126,67,150,0,85
Cerise,20.7,25.8,73,103,60,133,0,53
Cerise,18.4,22.1,67,95,77,165,0,62
Noire de Crimée,22.6,22.9,59,96,85,134,0,52
Marmande,26.9,22.6,89,129,64,152,0,66
Cœur de Bœuf,23.7,25.4,64,113,80,148,0,56
Cœur de Bœuf,26.3,27.3,66,139,94,144,1,94
Cerise,27.9,25.0,69,93,99,143,0,96
Marmande,19.6,23.2,80,114,87,137,1,63
Cœur de Bœuf,24.9,26.0,59,92,85,138,0,81
Marmande,24.7,24.8,40,117,91,169,0,97
Marmande,27.8,19.5,74,112,80,140,0,98
Cerise,27.9,19.9,88,125,63,147,0,75
Cœur de Bœuf,24.9,19.3,82,137,95,161,1,80
Noire de Crimée,20.4,23.1,63,102,83,165,0,97
Cerise,26.0,26.4,64,111,92,150,0,80
Cœur de Bœuf,19.1,21.8,79,114,64,156,0,65
Cœur de Bœuf,25.8,22.5,51,132,62,150,0,50
Cœur de Bœuf,27.1,27.2,50,113,70,140,0,95
Cœur de Bœuf,21.8,26.5,69,132,91,163,0,83
Cœur de Bœuf,24.3,25.0,52,126,81,134,0,75
Marmande,22.3,21.4,86,122,70,157,0,79
Cerise,22.4,20.1,64,103,97,139,0,90
Marmande,21.1,19.1,64,113,81,141,0,54
Noire de Crimée,25.6,20.0,56,111,63,132,0,73
Cœur de Bœuf,27.4,21.6,51,126,98,130,1,59
Cerise,27.4,24.0,50,112,62,166,0,87
Cœur de Bœuf,19.7,19.6,49,95,69,169,0,84
Cerise,26.7,20.2,56,108,96,130,1,51
Marmande,25.4,20.6,84,101,78,142,1,78
Cerise,20.5,24.7,55,115,77,167,0,68
Noire de Crimée,18.7,24.5,59,118,87,144,0,87
Noire de Crimée,20.7,24.0,88,103,90,136,1,91
Cerise,27.1,21.3,44,106,76,159,0,99
Cerise,24.3,22.3,80,119,83,153,0,63
Cerise,25.2,19.9,71,96,60,137,0,77
Cerise,20.6,21.0,66,110,64,132,0,83
Noire de Crimée,25.2,27.1,43,90,91,144,1,53
Cœur de Bœuf,18.3,27.8,80,138,76,165,0,96
Cerise,21.8,24.8,87,127,80,143,1,74
Cerise,24.3,27.3,46,93,81,156,0,55
Noire de Crimée,19.5,24.8,85,135,98,159,0,77
Noire de Crimée,26.2,19.3,53,97,98,166,0,87
Marmande,20.4,28.0,78,107,93,135,1,58
Cerise,24.5,19.9,63,134,73,148,1,67
Marmande,22.1,25.1,87,97,75,166,1,80
Noire de Crimée,24.0,21.3,57,120,64,130,0,71
Noire de Crimée,19.1,22.5,77,120,77,154,0,53
Cœur de Bœuf,18.2,24.8,78,117,63,139,1,82
Cerise,27.1,22.9,79,137,87,155,1,85
Marmande,20.7,21.3,40,126,86,152,1,84
Noire de Crimée,26.2,22.0,56,92,65,146,0,62
Noire de Crimée,28.0,22.1,65,134,70,159,1,64
Marmande,20.1,27.6,61,104,80,156,0,82
Cœur de Bœuf,20.7,26.2,78,93,76,140,0,77
Noire de Crimée,24.6,23.1,57,124,90,133,1,97
Cerise,27.7,20.8,77,123,93,147,0,83
Noire de Crimée,27.2,26.3,67,125,72,148,1,87
Cerise,23.0,20.4,60,95,82,165,0,50
Marmande,26.0,20.9,77,93,60,155,0,80
Cerise,19.4,22.3,72,138,63,130,0,98
Marmande,27.8,26.9,69,119,89,149,0,66
Cerise,27.6,20.2,81,128,90,140,1,71
Marmande,19.6,20.1,47,107,75,154,0,81
Cerise,21.0,23.4,69,111,62,148,1,78
Cœur de Bœuf,19.0,21.5,78,99,71,161,0,50
Cerise,20.7,24.1,48,138,71,130,1,97
Cerise,26.2,23.1,72,118,70,130,0,77
Cœur de Bœuf,21.8,22.9,82,112,75,132,0,90
Noire de Crimée,18.9,20.0,68,93,88,169,1,51
Noire de Crimée,21.4,20.3,70,108,80,161,1,74
Cerise,27.8,26.4,42,115,64,165,0,70
Cœur de Bœuf,24.3,27.0,89,96,72,137,1,86
Cerise,22.2,21.1,77,102,76,159,0,75
Marmande,19.7,20.0,50,92,71,168,1,89
Marmande,27.9,19.5,44,129,76,163,0,50
Cerise,26.2,24.5,70,100,60,137,0,81
Noire de Crimée,20.8,25.4,59,105,67,154,1,58
Noire de Crimée,18.7,22.4,43,109,75,155,1,95
Cerise,18.6,25.1,47,112,74,156,0,98
Cerise,19.2,25.4,81,112,78,148,0,54
Marmande,23.8,27.4,74,121,84,152,1,89
Noire de Crimée,27.3,19.6,52,130,90,145,0,66
Cerise,23.0,20.7,88,131,61,137,1,78
Marmande,26.4,19.6,44,127,84,159,0,93
Noire de Crimée,22.5,26.8,79,92,90,137,1,68
Cœur de Bœuf,25.1,26.1,58,97,63,140,1,89
Marmande,25.3,24.2,57,127,63,136,0,78
Noire de Crimée,19.7,19.8,72,129,71,150,1,61
Noire de Crimée,21.6,21.5,43,103,76,163,1,57
Marmande,24.4,21.7,57,97,80,150,0,92
Cœur de Bœuf,18.7,24.0,85,100,88,134,0,92
Marmande,21.6,21.3,63,131,81,146,1,80
Noire de Crimée,23.3,19.7,82,131,95,150,0,64
Cerise,28.0,25.6,68,132,99,135,0,83
Cerise,22.7,21.7,70,122,75,136,1,75
Marmande,26.2,23.1,67,104,74,140,0,84
Noire de Crimée,22.3,20.1,48,126,89,147,1,78
Cerise,26.0,26.2,84,103,70,167,0,82
Noire de Crimée,24.0,24.1,65,115,72,141,0,82
Marmande,26.9,27.1,88,97,82,151,0,85
Cerise,22.1,23.5,86,138,99,132,0,70
Noire de Crimée,24.0,27.5,41,93,93,148,0,79
Cerise,24.3,27.0,45,125,79,152,1,68
Marmande,22.2,24.2,68,107,61,163,1,81
Noire de Crimée,19.4,27.4,65,116,67,132,1,99
Cerise,18.9,21.9,67,108,77,152,0,50
Marmande,18.2,22.3,46,92,66,134,0,82
Cerise,26.7,19.4,73,98,90,158,0,75
Cerise,20.4,24.3,84,128,81,163,0,91
Cœur de Bœuf,20.1,25.5,49,91,87,134,0,94
Cœur de Bœuf,25.4,26.0,87,98,84,158,1,76
Marmande,21.2,20.3,80,95,60,153,1,77
Cœur de Bœuf,23.1,23.0,79,127,91,168,0,69
Marmande,19.6,20.6,86,117,84,150,0,57
Cœur de Bœuf,27.6,25.0,61,137,75,161,0,75
Cerise,26.5,20.4,66,123,88,134,1,80
Marmande,26.6,27.1,78,118,83,147,1,54
Marmande,22.1,21.1,61,137,76,167,0,60
Cerise,25.6,21.6,58,92,65,164,1,70
Marmande,19.4,26.7,75,105,73,167,0,57
Marmande,18.1,23.1,48,133,85,145,1,75
Cœur de Bœuf,18.2,19.2,58,124,87,164,0,95
Marmande,23.9,23.5,41,100,95,153,1,61
Noire de Crimée,22.6,19.8,67,132,90,165,0,92
Cerise,23.2,27.9,78,112,86,134,1,62
Cœur de Bœuf,18.1,24.3,61,119,61,138,0,59
Cœur de Bœuf,22.2,21.3,45,137,78,133,0,78
Noire de Crimée,25.2,24.1,86,94,87,162,0,57
Cerise,22.4,19.7,46,97,80,156,0,91
Cerise,25.3,26.2,45,132,74,151,0,87
Cœur de Bœuf,20.3,27.3,72,132,93,140,1,50
Marmande,26.1,26.9,53,139,99,134,0,58
Cœur de Bœuf,23.9,22.1,40,99,62,139,1,53
Cerise,20.1,21.9,64,117,60,132,1,82
Noire de Crimée,20.4,19.3,45,125,83,144,0,91
Cœur de Bœuf,24.3,24.9,67,99,86,166,0,70
Cerise,26.3,23.8,57,103,68,169,0,56
Cœur de Bœuf,22.2,23.1,66,127,83,146,0,81
Marmande,20.6,27.2,88,126,76,149,0,88
Cœur de Bœuf,26.7,20.5,41,136,87,133,1,77
Cœur de Bœuf,24.7,19.1,79,94,98,163,0,75
Cerise,22.5,19.7,60,95,63,163,0,86
Cerise,22.9,21.0,62,119,88,160,1,83
Cerise,20.0,19.3,41,108,87,163,0,58
Cœur de Bœuf,24.3,23.5,55,138,96,132,0,55
Marmande,21.6,21.8,43,103,88,157,1,71
Noire de Crimée,28.0,20.6,73,100,88,166,1,58
Noire de Crimée,22.8,25.8,44,135,64,158,1,96
Cerise,22.9,20.8,88,94,70,144,0,94
Cerise,23.7,25.2,73,134,61,165,0,64
Cœur de Bœuf,27.2,22.1,61,120,63,164,1,50
Noire de Crimée,26.0,23.6,85,133,69,139,0,81
Cerise,22.5,27.4,59,121,98,146,0,96
Marmande,25.2,19.3,78,113,67,159,1,67
Marmande,23.9,23.5,86,99,82,137,0,60
Cerise,22.9,26.7,89,102,86,152,1,84
Cerise,19.9,24.3,52,136,82,148,0,82
Noire de Crimée,22.6,21.5,83,102,93,166,0,53
Noire de Crimée,20.5,22.6,73,125,94,165,0,83
Cœur de Bœuf,27.1,25.1,83,111,76,133,1,97
Noire de Crimée,21.4,27.0,45,98,69,155,0,68
Marmande,27.5,19.4,68,108,61,169,1,97
Marmande,23.3,19.6,72,96,76,156,0,61
Cerise,24.3,21.9,40,104,90,142,0,89
Noire de Crimée,23.4,21.1,86,106,75,163,1,85
Cœur de Bœuf,19.3,21.4,87,135,83,162,1,97
Marmande,21.8,21.0,46,103,66,155,0,90
Marmande,19.0,20.8,61,130,78,149,0,71
Cœur de Bœuf,24.2,20.2,71,137,75,137,0,96
Cœur de Bœuf,22.5,27.4,53,91,92,145,0,61
Marmande,25.8,20.3,63,103,95,134,0,98
Marmande,20.2,20.8,58,93,69,163,0,77
Cœur de Bœuf,19.6,21.2,66,92,74,156,0,64
Marmande,22.1,27.4,62,92,62,165,0,53
Cerise,27.3,25.8,84,100,61,133,0,57
Cerise,25.1,26.1,60,94,94,136,0,80
Cœur de Bœuf,22.2,19.9,83,137,86,166,0,75
Noire de Crimée,23.2,26.5,68,118,64,165,0,52
Cœur de Bœuf,18.8,22.7,40,117,74,153,0,88
Cœur de Bœuf,27.8,21.4,70,112,95,144,1,56
Noire de Crimée,24.7,24.2,66,119,92,135,1,64
Noire de Crimée,20.9,26.4,83,112,60,155,0,69
Noire de Crimée,23.9,26.0,75,130,71,155,1,66
Cerise,19.1,27.0,66,111,68,154,0,81
Marmande,27.7,27.4,54,132,79,162,1,59
Cerise,19.7,21.1,64,101,89,132,1,65
Marmande,24.5,22.8,87,116,73,138,0,97
Cerise,20.5,19.1,54,129,82,166,0,75
Marmande,25.2,26.9,79,135,88,167,1,71
Cerise,25.8,20.4,58,138,94,159,0,64
Noire de Crimée,24.7,26.8,86,104,86,156,1,61
Cœur de Bœuf,24.1,22.0,89,136,86,142,0,88
Cerise,26.9,22.3,50,112,89,152,1,52
Marmande,18.8,19.4,80,133,62,132,0,73
Noire de Crimée,21.3,21.9,72,130,71,152,1,51
Cerise,20.5,27.0,80,133,90,164,1,53
Cerise,27.9,19.2,62,108,96,153,1,72
Noire de Crimée,21.9,22.7,51,133,86,166,0,72
Cerise,25.3,19.3,41,100,83,141,0,57
Cœur de Bœuf,24.8,22.3,82,127,99,149,0,91
Cerise,20.1,20.6,60,129,70,147,0,93
Cœur de Bœuf,20.4,21.3,53,132,86,136,1,61
Cœur de Bœuf,20.8,26.9,73,92,68,155,0,58
Noire de Crimée,22.1,22.9,54,105,75,141,0,60
Cerise,20.3,21.5,60,121,73,163,0,94
Noire de Crimée,18.2,24.3,62,127,89,161,0,80
Cerise,26.8,20.3,60,98,83,159,0,50
Cerise,27.7,21.3,89,130,72,131,0,84
Marmande,21.4,23.9,53,127,92,137,0,92
Cerise,21.4,21.1,60,94,68,162,0,64
Noire de Crimée,18.1,25.1,51,90,85,159,0,56
Cœur de Bœuf,24.8,23.4,81,124,72,157,0,77
Cerise,26.3,25.9,85,124,80,142,1,97
Marmande,19.5,27.5,86,101,88,153,0,55
Noire de Crimée,19.6,20.0,44,125,87,162,0,69
Cerise,25.9,22.0,41,110,83,134,0,73
Noire de Crimée,24.2,21.9,61,137,72,135,1,91
Marmande,18.4,20.4,45,132,79,133,0,85
Marmande,24.2,26.3,83,97,98,163,1,87
Noire de Crimée,21.1,25.8,41,116,66,158,0,61
Cerise,21.7,23.4,68,98,74,150,0,52
Cœur de Bœuf,25.7,23.8,75,117,84,155,0,77
Marmande,26.1,19.5,46,119,94,161,1,61
Cerise,22.0,24.0,55,103,72,151,0,65
Cerise,27.5,26.1,72,112,67,143,0,93
Cœur de Bœuf,22.1,24.2,72,118,80,163,0,64
Marmande,25.7,21.4,53,115,65,166,0,80
Marmande,22.8,25.0,82,111,69,130,1,70
Cerise,27.0,22.3,51,104,80,161,1,67
Cerise,27.1,23.9,82,98,73,161,0,97
Cœur de Bœuf,18.9,23.4,45,115,92,153,0,55
Cœur de Bœuf,27.4,22.4,51,106,84,150,0,66
Marmande,26.3,25.5,70,98,78,141,1,72
Noire de Crimée,25.9,27.0,51,92,68,149,0,84
Marmande,20.0,19.0,49,105,96,166,0,67
Cerise,26.1,27.4,79,102,95,149,0,60
Marmande,26.5,23.6,66,115,95,131,0,72
Noire de Crimée,20.9,25.3,46,106,74,143,0,66
Cœur de Bœuf,27.5,26.7,85,121,64,146,1,55
Noire de Crimée,18.5,23.2,75,113,76,153,1,73
Noire de Crimée,19.5,26.5,72,125,89,159,1,99
Noire de Crimée,23.4,20.6,66,111,66,144,0,86
Cœur de Bœuf,23.8,20.4,47,98,65,163,0,65
Noire de Crimée,24.5,24.9,44,111,74,137,0,78
Noire de Crimée,18.2,26.8,47,130,69,132,0,78
Noire de Crimée,27.6,27.0,79,139,65,140,0,91
Cerise,18.4,24.8,60,135,72,156,0,77
Noire de Crimée,19.4,23.7,63,109,73,138,0,65
Cœur de Bœuf,18.1,22.0,46,92,60,144,0,52
Noire de Crimée,23.7,27.8,58,125,92,161,0,91
Noire de Crimée,27.3,21.9,70,122,78,140,1,73
Cœur de Bœuf,24.7,25.7,75,107,68,132,0,67
Noire de Crimée,26.2,23.8,66,125,96,155,0,97
Cœur de Bœuf,18.1,24.5,68,99,71,136,0,66
Noire de Crimée,23.4,22.5,62,125,64,157,0,98
Cœur de Bœuf,22.6,27.7,59,110,65,168,1,59
Noire de Crimée,23.0,24.1,45,114,70,133,0,86
Noire de Crimée,18.7,27.4,51,138,97,159,0,74
Cerise,24.8,19.1,89,129,69,167,0,85
Cerise,23.0,24.2,51,98,74,143,0,96
Noire de Crimée,25.7,25.5,89,137,98,165,0,97
Noire de Crimée,22.9,25.7,42,116,87,160,0,72
Marmande,19.5,27.1,81,104,62,148,0,99
Cœur de Bœuf,24.5,19.0,78,121,75,141,1,68
Marmande,19.7,19.0,74,137,76,144,0,59
Cerise,26.7,23.3,58,133,95,138,0,60
Cerise,24.1,19.3,84,139,78,156,0,90
Cerise,19.6,27.8,43,128,63,149,0,54
Cerise,27.6,21.0,70,105,84,157,1,55
Noire de Crimée,23.2,23.3,81,117,86,154,0,52
Cerise,18.7,19.6,77,95,71,145,0,94
Noire de Crimée,24.3,23.7,72,95,86,147,0,87
Noire de Crimée,20.5,22.4,45,127,63,165,0,60
Cerise,26.0,19.4,47,136,83,133,0,97
Cerise,26.2,22.0,67,91,76,150,1,92
Cœur de Bœuf,27.8,22.5,54,130,85,156,0,91
Marmande,23.0,27.9,70,129,77,130,0,97
Cerise,22.5,20.9,47,96,81,134,0,73
Cœur de Bœuf,25.5,23.9,45,116,65,139,0,95
Cœur de Bœuf,19.3,27.9,68,117,78,150,0,97
Marmande,23.5,26.1,85,105,96,139,0,75
Noire de Crimée,23.5,27.9,73,136,93,155,1,98
Cerise,18.9,27.7,46,98,70,145,0,75
Marmande,22.2,23.4,79,104,83,167,1,73
Cerise,26.5,25.3,49,123,96,132,0,89
Cœur de Bœuf,26.6,20.0,52,109,82,149,0,53
Cœur de Bœuf,19.0,23.0,61,103,99,134,0,98
Noire de Crimée,18.9,26.3,60,100,63,135,0,59
Cœur de Bœuf,20.6,23.5,40,119,77,154,1,83
Cœur de Bœuf,26.7,25.3,80,92,89,154,0,93
Marmande,19.3,25.7,81,91,74,141,1,78
Cerise,25.2,21.3,41,139,96,130,0,75
Cerise,19.0,26.9,68,103,82,132,0,68
Marmande,24.2,23.1,50,118,71,150,0,70
Noire de Crimée,21.6,20.9,76,94,63,134,0,68
Cerise,25.9,26.8,89,133,63,144,0,89
Cœur de Bœuf,20.3,22.8,46,135,73,133,0,87
Cerise,24.4,25.8,74,95,67,148,0,68
Cœur de Bœuf,20.4,23.9,69,97,82,146,1,67
Noire de Crimée,25.1,22.4,55,128,60,137,1,63
Marmande,26.7,26.3,54,128,70,166,1,84
Cerise,19.3,24.3,79,133,86,153,0,67
Marmande,26.7,22.5,59,118,63,133,0,77
Cerise,23.9,20.0,67,128,88,153,0,68
Cœur de Bœuf,19.3,27.1,76,133,76,148,0,74
Marmande,22.3,19.3,42,116,78,153,0,64
Cerise,19.6,26.8,68,105,83,150,0,97
Cœur de Bœuf,25.0,22.2,76,116,91,146,0,98
Marmande,25.6,24.8,48,128,90,137,0,52
Marmande,19.1,27.3,66,129,75,160,0,72
Cerise,23.1,20.4,71,90,91,148,0,99
Cerise,26.1,24.1,87,134,93,140,0,94
Cerise,27.4,25.9,85,122,94,152,0,61
Cœur de Bœuf,23.1,25.8,89,139,96,166,0,81
Cerise,27.5,23.7,78,128,75,157,1,77
Marmande,23.4,24.6,70,116,80,152,0,83
Marmande,21.9,25.8,86,106,72,141,1,50
Cerise,26.5,26.6,65,104,77,145,1,59
Cerise,22.9,25.9,79,111,61,145,1,99
Noire de Crimée,22.7,22.2,42,108,92,143,1,76
Marmande,22.9,28.0,50,117,77,136,0,61
Cœur de Bœuf,26.5,22.9,68,112,87,150,0,94
Noire de Crimée,26.3,19.2,66,125,96,150,1,85
Cerise,22.0,22.3,89,138,94,164,0,82
Cerise,21.3,20.2,86,128,96,153,0,53
Marmande,22.9,20.1,49,137,71,130,1,70
Cerise,23.7,21.5,74,138,99,143,1,69
Cœur de Bœuf,20.4,19.5,86,109,67,149,1,99
Marmande,25.9,25.2,62,136,84,157,0,66
Cerise,22.9,19.7,45,98,66,147,1,95
Marmande,21.3,20.8,50,112,61,132,0,83
Cerise,19.1,19.8,82,134,92,156,0,63
Cerise,20.4,19.6,66,96,92,135,1,59
Cerise,27.5,21.4,70,120,99,133,1,69
Cœur de Bœuf,21.1,24.1,69,100,82,130,0,84
Cœur de Bœuf,19.7,27.7,42,129,64,150,0,64
Marmande,22.6,26.9,52,106,73,164,0,88
Cerise,21.1,26.9,79,125,67,157,0,76
Cerise,18.4,20.6,60,115,79,147,1,64
Cœur de Bœuf,21.2,21.4,82,125,77,164,0,68
Cerise,23.4,19.7,50,107,82,150,1,75
Cœur de Bœuf,23.5,26.0,84,120,88,145,0,61
Cerise,21.6,19.6,42,138,66,155,1,73
Marmande,22.5,24.0,77,124,83,168,0,85
Cerise,27.7,21.2,70,130,84,138,0,82
Cerise,21.8,21.2,63,117,73,152,1,54
Noire de Crimée,20.6,27.9,81,115,97,131,0,58
Cœur de Bœuf,20.4,25.8,51,95,62,132,1,89
Cerise,22.6,26.5,85,123,73,162,0,63
Cerise,25.6,24.1,82,117,62,153,0,95
Noire de Crimée,20.1,26.8,66,133,68,152,0,85
Noire de Crimée,25.1,24.8,60,136,66,135,0,74
Cœur de Bœuf,18.2,27.5,64,98,85,150,0,56
Noire de Crimée,22.2,21.5,69,118,66,134,0,83
Marmande,25.8,24.4,69,123,66,142,1,92
Noire de Crimée,21.4,25.2,49,101,95,169,1,56
Marmande,23.6,22.5,42,105,72,142,1,80
Cœur de Bœuf,20.0,26.9,52,96,62,148,1,81
Cœur de Bœuf,25.4,27.8,66,120,79,138,0,70
Cœur de Bœuf,18.5,23.4,57,122,68,132,0,98
Cœur de Bœuf,26.5,22.5,84,96,81,160,1,64
Cœur de Bœuf,20.0,23.2,63,92,92,168,0,79
Marmande,26.7,26.7,85,109,82,142,0,53
Marmande,21.5,24.8,53,94,82,140,0,83
Cœur de Bœuf,25.2,19.4,78,92,97,140,0,58
Noire de Crimée,21.2,23.9,83,136,85,130,0,61
Cerise,27.1,19.2,43,127,91,164,0,79
Cœur de Bœuf,19.3,26.0,55,104,87,164,0,73
Noire de Crimée,19.8,22.0,49,124,89,132,0,78
Cerise,22.9,23.2,87,112,99,133,1,71
Cœur de Bœuf,18.8,26.2,76,122,76,153,0,84
Cœur de Bœuf,20.0,19.4,66,91,77,159,0,69
Marmande,27.4,20.4,87,125,84,161,1,86
Cerise,27.8,22.6,40,110,63,149,0,90
Cerise,21.8,21.1,44,103,85,165,0,58
Noire de Crimée,27.2,22.0,52,103,90,142,0,71
Marmande,23.4,28.0,84,131,71,168,0,99
Marmande,20.7,26.4,42,100,77,133,0,65
Marmande,25.0,27.0,56,93,69,157,0,51
Marmande,24.6,27.4,58,136,95,169,0,93
Cerise,27.9,22.1,76,119,61,136,1,99
Cerise,20.7,21.7,44,125,84,138,0,72
Cœur de Bœuf,24.7,21.1,86,109,68,151,0,78
Cœur de Bœuf,18.5,26.5,81,105,91,133,1,60
Marmande,19.1,25.1,83,123,64,165,1,84
Marmande,18.0,21.1,63,134,62,162,0,71
Marmande,28.0,22.4,82,97,76,135,1,52
Cœur de Bœuf,26.0,23.6,72,134,72,132,1,96
Noire de Crimée,25.9,23.8,60,109,62,164,0,61
Noire de Crimée,23.1,27.0,42,110,87,162,1,50
Cœur de Bœuf,21.0,22.4,43,129,63,136,0,92
Cœur de Bœuf,19.5,27.2,71,119,77,164,0,75
Cœur de Bœuf,20.8,23.0,63,125,94,132,1,83
Cœur de Bœuf,21.8,25.7,74,94,73,147,1,78
Cœur de Bœuf,25.6,27.4,57,110,75,132,0,95
Cœur de Bœuf,23.4,27.2,42,127,71,168,1,82
Marmande,18.8,19.5,78,112,70,156,1,81
Marmande,18.2,20.9,65,108,61,138,0,74
Marmande,19.0,23.3,63,99,92,146,1,99
Marmande,22.1,22.9,40,116,72,134,1,99
Cœur de Bœuf,27.3,24.8,89,124,89,133,0,96
Noire de Crimée,24.4,27.5,73,102,85,143,0,85
Cerise,26.0,20.0,51,98,77,158,0,51
Cœur de Bœuf,22.7,23.1,56,106,72,140,0,64
Cerise,21.6,20.7,60,120,63,151,0,62
Noire de Crimée,19.1,27.0,60,131,92,134,0,91
Marmande,26.8,27.7,42,133,74,141,0,64
Noire de Crimée,25.8,23.3,83,134,76,150,1,55
Cœur de Bœuf,19.7,19.9,67,113,65,144,1,70
Marmande,23.1,26.1,64,131,64,153,0,91
Cœur de Bœuf,22.9,25.3,83,108,92,142,1,75
Marmande,24.3,22.2,45,138,75,161,0,84
Cerise,27.5,27.0,81,119,83,155,1,94
Cerise,23.8,27.8,69,94,64,169,0,67
Cerise,23.4,24.0,71,97,62,155,0,55
Noire de Crimée,18.5,24.1,61,126,94,165,0,63
Cœur de Bœuf,18.6,21.7,77,136,86,159,0,67
Noire de Crimée,19.9,24.3,53,125,71,138,0,92
Cerise,18.3,23.0,73,114,84,153,1,69
Cœur de Bœuf,25.4,21.7,82,134,76,167,0,64
Cerise,25.2,19.6,86,138,79,147,1,94
Noire de Crimée,19.4,21.3,65,94,87,138,0,97
Noire de Crimée,26.4,20.8,79,122,94,151,0,76
Noire de Crimée,19.5,23.9,52,111,74,167,0,73
Cerise,21.0,24.4,69,136,92,150,0,61
Cœur de Bœuf,20.5,24.5,58,131,62,136,1,50
Cœur de Bœuf,21.7,22.5,81,114,66,141,1,63
Cerise,20.5,22.8,80,132,69,165,1,81
Cœur de Bœuf,22.9,26.5,89,139,85,140,0,52
Cerise,22.1,23.3,78,118,99,132,0,59
Cœur de Bœuf,27.9,27.9,42,134,65,156,0,75
Marmande,18.6,23.0,70,119,92,136,1,80
Marmande,19.4,24.8,51,137,75,131,0,59
Noire de Crimée,18.5,19.5,54,119,83,139,0,50
Marmande,24.3,24.9,84,133,89,132,1,99
Marmande,18.5,26.7,77,135,69,146,0,98
Marmande,26.4,27.5,79,120,70,130,1,81
Cerise,23.1,28.0,53,123,81,163,0,68
Marmande,23.3,21.5,74,117,62,142,0,50
Marmande,23.6,24.2,55,99,97,143,0,75
Noire de Crimée,19.7,23.1,89,93,99,146,1,54
Marmande,20.0,24.1,63,122,82,163,0,75
Marmande,21.2,20.4,56,106,78,146,0,87
Cœur de Bœuf,23.9,26.7,57,100,99,154,0,50
Noire de Crimée,20.1,27.2,81,96,72,159,1,79
Noire de Crimée,19.2,23.0,56,106,95,165,1,98
Noire de Crimée,27.7,21.5,55,117,62,140,0,61
Noire de Crimée,18.2,20.3,60,106,81,150,0,85
Noire de Crimée,26.0,25.2,63,130,84,149,0,85
Noire de Crimée,25.9,21.8,73,99,79,158,1,73
Cerise,21.0,27.2,75,115,87,133,1,91
Marmande,19.4,25.0,82,95,62,163,0,74
Noire de Crimée,19.5,24.8,66,106,81,146,1,57
Marmande,25.0,24.0,78,105,96,141,1,61
Marmande,24.4,19.4,56,128,97,133,0,76
Cerise,25.8,27.4,64,115,77,143,0,61
Noire de Crimée,27.4,24.7,77,93,79,133,1,81
Cœur de Bœuf,24.9,27.9,81,109,64,163,1,84
Cerise,19.6,23.8,60,138,68,147,0,65
Cœur de Bœuf,20.4,25.4,43,130,88,142,0,85
Marmande,26.4,19.5,64,100,76,139,1,79
Marmande,20.1,24.7,69,112,71,143,1,86
Cerise,18.7,25.9,72,122,85,138,1,81
Cerise,25.0,26.0,78,120,92,149,1,64
Cœur de Bœuf,22.0,25.9,65,96,92,130,0,70
Noire de Crimée,27.2,21.0,64,111,95,158,0,89
Cœur de Bœuf,24.5,27.8,55,94,88,146,1,78
Cerise,18.9,28.0,88,126,81,137,1,79
Cœur de Bœuf,27.5,19.7,63,90,77,146,1,74
Cerise,20.6,27.4,44,95,76,150,1,69
Cœur de Bœuf,21.4,21.6,81,134,83,154,0,59
Cerise,22.0,25.2,78,136,81,149,1,80
Cerise,18.5,22.0,52,93,64,154,0,50
Cerise,23.0,27.7,69,119,60,150,1,59
Noire de Crimée,19.2,19.9,46,119,78,142,0,67
Cœur de Bœuf,22.0,23.5,86,106,89,142,1,98
Cœur de Bœuf,21.5,22.9,56,113,98,159,0,85
Cœur de Bœuf,25.7,21.9,66,120,74,142,0,62
Cerise,26.0,24.8,74,117,94,169,0,81
Cœur de Bœuf,19.5,20.2,44,134,64,136,1,71
Cœur de Bœuf,21.7,25.4,81,132,65,141,0,55
Cerise,21.7,27.8,44,93,84,131,1,82
Marmande,19.5,26.2,63,128,70,143,0,50
Cerise,26.0,26.7,46,108,81,146,1,52
Cœur de Bœuf,25.1,22.2,46,113,93,142,0,54
Cerise,19.9,21.9,53,96,73,130,0,99
Marmande,21.7,23.7,54,135,68,130,0,76
Cerise,19.1,19.4,44,137,79,155,1,61
Cœur de Bœuf,24.3,27.5,76,98,75,142,1,82
Marmande,19.2,20.3,43,111,76,163,0,90
Noire de Crimée,27.9,27.1,69,91,76,169,0,76
Cœur de Bœuf,25.8,19.8,59,116,93,138,0,98
Marmande,21.9,26.4,65,105,70,148,0,62
Marmande,23.8,20.4,48,94,94,152,0,95
Noire de Crimée,27.1,19.3,69,101,93,157,0,60
Cerise,23.5,25.5,83,115,95,159,0,60
Cerise,19.7,21.5,87,104,67,136,1,85
Cœur de Bœuf,21.8,25.4,61,92,78,143,1,90
Noire de Crimée,26.4,24.0,79,98,92,131,0,99
Cerise,24.4,20.0,80,117,82,141,0,53
Noire de Crimée,24.5,27.4,83,128,61,131,0,93
Cerise,26.7,23.1,69,125,67,157,0,67
Marmande,26.9,25.6,59,114,88,157,1,67
Cerise,27.2,23.5,67,130,66,141,1,77
Noire de Crimée,18.9,24.4,46,117,88,159,0,55
Marmande,23.4,21.7,43,136,90,169,0,92
Marmande,25.4,20.8,67,110,89,169,0,54
Marmande,25.6,23.9,74,118,94,151,0,97
Noire de Crimée,24.1,23.0,72,114,84,147,0,60
Cœur de Bœuf,19.7,22.5,46,119,63,143,0,54
Cœur de Bœuf,26.0,25.1,48,128,97,154,0,58
Cœur de Bœuf,25.2,25.2,73,100,76,139,0,72
Noire de Crimée,18.9,19.4,78,108,69,165,0,60
Marmande,22.6,22.0,81,100,60,138,0,64
Cœur de Bœuf,19.7,22.7,73,114,77,140,0,74
Noire de Crimée,21.4,19.9,52,90,78,156,1,66
Cœur de Bœuf,18.2,21.1,68,121,91,142,0,99
Cerise,22.0,19.5,74,110,90,130,0,75
Cœur de Bœuf,23.5,28.0,84,134,92,168,0,63
Cœur de Bœuf,24.2,25.6,49,102,81,140,1,88
Marmande,24.6,19.8,69,123,60,132,0,97
Noire de Crimée,26.4,19.2,83,106,94,131,0,58
Marmande,20.2,25.5,65,136,76,153,1,76
Marmande,19.2,23.0,74,108,93,149,1,84
Marmande,26.5,26.1,67,99,88,169,0,76
Marmande,19.6,27.3,68,131,65,144,0,65
Marmande,27.7,24.4,45,98,60,135,1,71
Cœur de Bœuf,26.4,20.7,42,100,86,149,0,79
Marmande,23.0,26.0,68,127,71,151,0,75
Marmande,27.8,27.6,41,120,63,131,1,88
Noire de Crimée,19.0,24.2,61,91,75,144,0,88
Cerise,21.0,25.1,85,113,70,163,1,82
Cœur de Bœuf,24.4,22.0,86,131,79,160,0,89
Cœur de Bœuf,21.5,22.4,89,136,85,159,0,50
Cœur de Bœuf,27.3,25.6,66,94,87,157,1,61
Marmande,18.7,27.3,61,139,67,162,1,66
Marmande,23.5,24.7,49,119,61,150,0,74
Marmande,23.9,26.1,88,128,99,152,0,78
Noire de Crimée,24.5,20.5,88,124,85,142,0,91
Cerise,20.6,20.9,58,137,86,155,0,77
Marmande,21.6,23.8,63,106,92,148,0,68
Cerise,26.4,20.6,66,120,66,156,0,90
Noire de Crimée,19.9,24.7,75,91,95,169,0,59
Cœur de Bœuf,26.3,21.6,82,105,80,136,0,60
Marmande,23.6,26.1,56,110,93,154,0,59
Cerise,25.6,26.3,49,119,82,169,0,79
Cerise,25.1,23.2,56,90,93,165,0,98
Marmande,20.1,20.6,83,103,99,136,0,56
Cœur de Bœuf,23.7,24.8,49,105,66,149,0,54
Cœur de Bœuf,26.7,27.9,49,98,85,153,0,77
Cœur de Bœuf,22.3,24.6,77,138,99,157,1,69
Noire de Crimée,27.7,19.3,56,97,76,134,0,81
Cerise,22.5,19.2,65,98,90,165,0,61
Cerise,19.4,21.9,65,123,98,160,0,54
Cerise,21.9,20.8,73,134,84,162,0,79
Noire de Crimée,27.5,26.3,43,122,96,153,0,82
Cerise,21.2,26.6,89,111,74,139,0,59
Noire de Crimée,26.7,21.3,66,119,61,167,0,88
Cœur de Bœuf,26.8,21.9,60,96,70,134,0,76
Marmande,21.5,21.1,75,107,91,160,0,61
Cerise,18.8,27.2,77,110,89,138,1,51
Cerise,25.2,23.5,85,94,76,161,1,79
Cœur de Bœuf,21.1,24.9,70,96,83,134,0,90
Marmande,25.8,22.7,46,101,63,156,0,54
Noire de Crimée,22.4,24.7,83,106,91,157,0,86
Marmande,22.9,22.5,73,113,78,141,0,63
Cœur de Bœuf,25.8,22.1,57,126,62,134,1,75
Cœur de Bœuf,21.8,24.7,63,133,63,137,0,99
Marmande,22.4,24.3,52,108,84,146,0,57
Noire de Crimée,21.8,21.6,52,134,68,137,0,80
Noire de Crimée,21.7,20.3,64,105,80,163,0,52
Cerise,23.3,22.3,44,114,82,152,1,77
Noire de Crimée,26.1,22.7,78,116,88,147,0,63
Marmande,21.6,24.7,68,131,89,139,0,60
Cœur de Bœuf,23.2,27.2,83,133,84,168,0,78
Cerise,24.7,19.3,85,96,88,134,0,89
Cerise,20.7,21.2,72,135,93,146,0,61
Cœur de Bœuf,20.8,20.7,63,131,73,140,1,92
Noire de Crimée,27.3,23.5,49,97,81,148,0,58
Cœur de Bœuf,25.2,22.9,64,104,75,150,0,85
Noire de Crimée,23.8,25.6,80,105,70,132,1,68
Cœur de Bœuf,24.5,21.2,49,97,73,169,0,56
Marmande,18.3,24.4,78,125,66,130,1,66
Noire de Crimée,24.2,27.0,55,121,64,153,0,97
Marmande,23.1,27.2,67,106,99,165,0,72
Cerise,23.5,27.6,51,125,88,135,0,61
Cœur de Bœuf,21.6,26.0,83,111,76,139,0,56
Cerise,18.8,27.2,71,121,89,169,0,74
Cerise,19.9,21.1,68,100,84,163,0,63
Cerise,27.5,20.8,84,134,73,153,0,80
Cerise,22.1,19.1,89,95,81,152,0,74
Cœur de Bœuf,22.7,25.4,66,111,64,149,0,60
Cerise,18.5,27.4,65,103,99,167,0,60
Cœur de Bœuf,18.4,20.7,42,117,87,164,0,56
Cœur de Bœuf,25.2,24.7,65,128,71,163,0,92
Marmande,23.4,25.7,78,101,95,165,1,52
Noire de Crimée,23.1,27.3,40,116,72,145,1,64
Noire de Crimée,20.4,24.8,74,90,80,152,0,52
Cœur de Bœuf,25.4,27.7,66,99,91,130,0,90
Marmande,19.7,22.1,85,122,80,138,0,66
Cœur de Bœuf,19.9,22.1,43,105,96,141,1,98
Cœur de Bœuf,22.6,23.9,58,128,97,166,1,93
Cœur de Bœuf,20.9,22.5,61,95,68,146,1,56
Marmande,20.5,19.0,45,114,96,132,1,60
Noire de Crimée,24.5,25.6,48,139,61,167,1,95
Marmande,24.5,25.8,50,109,62,158,0,69
Cerise,26.2,25.7,61,125,69,160,0,50
Marmande,22.2,22.1,86,112,94,164,0,81
Marmande,18.7,23.7,48,105,68,167,0,87
Marmande,20.7,22.2,68,90,99,155,1,70
Marmande,27.8,19.1,82,119,91,142,0,80
Noire de Crimée,24.0,24.1,49,116,80,148,0,66
Cerise,25.1,20.1,73,91,93,161,0,74
Noire de Crimée,18.1,19.7,70,137,84,156,0,90
Noire de Crimée,23.2,25.8,61,110,91,168,0,82
Marmande,18.4,19.1,85,98,96,142,0,61
Cœur de Bœuf,23.7,27.6,43,136,81,163,1,77
Cœur de Bœuf,27.2,23.6,41,113,84,148,0,98
Noire de Crimée,27.7,27.8,44,137,60,148,0,75
Noire de Crimée,23.4,19.5,85,130,95,132,0,85
Marmande,22.6,24.3,54,128,80,132,1,57
Noire de Crimée,27.5,22.1,58,131,75,155,1,81
Marmande,24.7,26.6,77,96,91,135,0,75
Cœur de Bœuf,18.6,22.3,54,119,80,142,0,54
Cœur de Bœuf,22.7,21.3,85,134,87,167,1,92
Cerise,20.4,26.7,47,91,78,156,0,87
Cœur de Bœuf,22.7,22.4,59,101,73,153,0,62
Noire de Crimée,22.6,19.2,51,102,82,139,1,68
Cœur de Bœuf,23.8,22.5,43,92,83,145,0,55
Marmande,21.6,24.9,77,132,79,152,1,94
Cœur de Bœuf,19.6,21.3,82,129,91,141,0,55
Cerise,23.0,22.9,78,132,99,157,0,65
Cœur de Bœuf,26.3,19.5,75,107,69,142,1,78
Marmande,24.6,24.3,54,128,60,147,0,67
Marmande,21.4,25.8,40,133,90,131,0,81
Noire de Crimée,27.4,22.7,70,95,96,146,1,78
Cœur de Bœuf,27.1,22.8,48,131,74,152,0,92
Marmande,20.1,19.8,62,116,99,152,0,66
Cerise,18.4,20.8,65,104,90,130,0,91
Noire de Crimée,25.4,20.4,79,104,87,143,0,97
Cerise,26.3,23.3,83,108,69,141,1,54
Cœur de Bœuf,27.7,23.8,78,127,65,143,0,81
Cœur de Bœuf,26.9,27.5,57,136,74,167,1,78
Cœur de Bœuf,24.0,19.7,72,109,86,145,0,78
Noire de Crimée,23.3,24.4,80,109,69,163,0,91
Marmande,18.3,23.7,78,107,80,147,0,52
Noire de Crimée,20.5,23.6,53,123,78,139,1,53
Cerise,22.6,26.9,40,128,63,148,0,93
Noire de Crimée,24.3,20.8,52,126,81,159,1,74
Cerise,23.6,19.4,54,124,97,133,0,71
Noire de Crimée,25.4,25.1,76,127,74,136,0,91
Marmande,20.8,22.1,44,127,65,145,0,60
Cerise,23.6,19.2,53,90,70,166,0,57
Cœur de Bœuf,18.9,21.3,53,101,89,134,0,76
Cœur de Bœuf,22.1,21.8,85,94,99,168,0,93
Noire de Crimée,25.5,24.6,44,116,83,162,0,95
Cœur de Bœuf,24.9,20.6,50,128,81,164,0,71
Cerise,27.9,22.7,71,109,89,163,1,52
Cœur de Bœuf,20.8,23.3,44,129,63,162,1,76
Marmande,23.0,23.1,75,108,65,168,0,60
Marmande,21.3,27.8,54,127,97,139,0,76
Noire de Crimée,22.4,19.4,46,104,85,132,0,56
Cerise,26.6,27.6,44,95,78,158,0,76
Marmande,24.8,24.2,69,98,61,164,0,96
Marmande,26.8,26.2,54,125,63,160,0,60
Cerise,20.0,22.9,69,137,64,168,1,74
Cœur de Bœuf,26.7,23.1,53,112,94,144,0,88
Cœur de Bœuf,18.6,26.9,63,99,88,130,1,65
Noire de Crimée,26.9,27.1,63,90,75,148,0,70
Cœur de Bœuf,21.3,21.1,74,100,71,166,0,75
Cerise,21.1,20.8,44,138,80,156,0,76
Marmande,23.1,23.5,51,139,68,150,1,94
Cœur de Bœuf,27.4,27.1,59,109,70,136,0,66
Noire de Crimée,18.5,21.9,85,117,67,162,0,80
Cœur de Bœuf,21.5,24.9,44,111,85,131,0,63
Cerise,26.6,25.4,75,109,91,143,0,72
Noire de Crimée,22.0,26.0,60,136,98,132,0,51
Cœur de Bœuf,20.0,24.1,87,127,63,143,1,75
Noire de Crimée,22.2,22.6,78,105,93,134,1,75
Cerise,21.9,27.7,42,91,87,146,0,71
Marmande,27.2,24.5,68,114,84,168,0,91
Cerise,25.6,25.6,64,116,94,130,0,77
Cerise,23.1,22.1,66,92,78,157,0,55
Cerise,27.9,25.0,75,112,94,167,0,97
Cerise,22.7,21.3,61,121,98,143,0,88
Marmande,18.6,21.2,77,106,88,146,0,68
Marmande,20.6,25.4,74,129,73,144,0,70
Noire de Crimée,22.4,23.7,40,109,80,136,0,91
Cœur de Bœuf,19.6,25.1,42,119,95,136,1,69
Marmande,27.5,21.4,63,117,97,153,0,80
Marmande,25.7,24.4,47,136,73,155,0,76
Cœur de Bœuf,20.7,23.0,87,134,99,143,0,64
Marmande,23.9,24.4,78,112,74,148,0,93
Cerise,25.2,21.6,57,108,89,155,0,80
Cerise,27.4,25.4,80,114,71,145,0,58
Cœur de Bœuf,26.8,26.3,42,113,64,163,1,99
Noire de Crimée,23.2,21.3,57,90,86,131,0,66
Noire de Crimée,25.7,21.7,55,117,74,130,1,68
Cœur de Bœuf,23.6,25.0,71,118,85,165,0,81
Cœur de Bœuf,23.5,25.3,40,133,68,164,0,59
Cerise,19.1,25.3,65,139,99,153,0,89
Noire de Crimée,19.3,25.1,87,139,99,134,0,54
Marmande,23.3,22.5,51,124,94,158,1,62
Cerise,20.7,22.6,77,139,72,130,1,76
Cœur de Bœuf,18.2,21.3,60,106,92,138,0,51
Noire de Crimée,25.2,20.4,80,100,93,165,0,50
Marmande,18.3,25.2,52,126,63,145,0,57
Marmande,24.0,19.8,51,96,72,144,1,59
Cerise,23.4,27.4,52,115,69,139,0,77
Noire de Crimée,27.7,26.4,57,112,60,166,1,54
Noire de Crimée,22.8,26.7,58,107,70,145,1,99
Cœur de Bœuf,18.6,27.2,58,118,68,167,0,51
Noire de Crimée,23.5,22.7,45,128,97,165,0,90
Noire de Crimée,26.4,26.6,87,139,82,144,0,97
Cerise,28.0,20.4,46,123,72,132,0,66
Noire de Crimée,22.3,19.2,46,127,64,148,0,97
Marmande,21.2,26.1,67,97,84,166,0,82
Cerise,27.1,19.7,67,110,69,132,0,74
Cerise,19.9,27.9,58,110,64,137,0,54
Cœur de Bœuf,24.2,25.1,55,138,81,153,0,77
Noire de Crimée,22.1,25.8,56,125,84,143,1,67
Cœur de Bœuf,18.4,21.2,61,106,96,164,0,72
Marmande,21.5,25.1,58,105,79,145,1,84
Cerise,20.7,19.4,87,104,87,136,1,67
Cerise,24.9,26.5,68,104,80,164,0,60
Cerise,27.5,20.5,87,129,70,137,1,92
Marmande,20.7,25.3,58,106,88,141,0,92
Marmande,26.1,21.0,86,90,64,145,0,59
Cœur de Bœuf,18.6,19.6,74,102,96,133,0,59
Cœur de Bœuf,23.4,23.3,86,127,64,164,0,85
Cœur de Bœuf,18.7,20.5,64,99,92,161,0,58
Noire de Crimée,27.3,25.6,87,122,95,141,1,91
Cerise,25.7,21.1,59,115,67,150,1,62
Cerise,24.6,22.1,76,101,65,144,0,72
Cœur de Bœuf,26.2,24.1,58,108,74,164,0,50
Cerise,24.5,21.6,81,104,74,132,0,65
Cœur de Bœuf,27.7,22.4,52,94,68,131,0,68
Noire de Crimée,25.1,26.3,86,91,64,135,0,61
Noire de Crimée,27.2,20.6,51,103,85,145,1,54
Marmande,23.2,19.7,88,118,82,152,0,54
Noire de Crimée,19.2,22.0,54,130,75,160,0,56
Cœur de Bœuf,23.3,22.8,43,90,98,159,0,93
Noire de Crimée,19.3,23.9,54,102,94,132,1,63
Marmande,23.9,22.4,56,138,69,145,0,82
Cerise,22.8,26.1,66,121,86,133,1,55
Cœur de Bœuf,24.2,19.4,50,123,75,165,0,67
Cerise,18.1,22.9,62,103,80,157,1,55
Marmande,19.9,22.4,54,127,71,157,0,79
Marmande,22.9,24.8,70,127,68,132,0,61
Marmande,27.5,27.7,65,139,75,155,0,99
Cerise,21.8,23.6,46,130,68,168,1,84
Cerise,22.2,27.9,52,104,88,142,0,60
Cerise,25.1,21.7,52,128,82,136,0,53
Cerise,24.0,19.3,59,95,98,142,0,62
Marmande,21.0,20.5,73,118,83,133,0,50
Marmande,22.1,22.6,49,126,81,145,0,87
Cœur de Bœuf,20.2,21.8,89,108,90,157,0,78
Cœur de Bœuf,27.7,19.9,76,90,69,142,0,63
Cerise,19.3,22.9,66,110,86,139,1,70
Noire de Crimée,21.7,22.0,73,128,93,134,0,90
Noire de Crimée,18.3,20.1,75,107,98,165,0,80
Marmande,20.2,21.7,55,116,83,148,0,90
Marmande,25.8,27.0,60,117,80,159,0,56
Marmande,20.0,21.7,55,97,74,157,1,64
Cœur de Bœuf,18.8,25.4,56,120,76,160,0,91
Cœur de Bœuf,22.7,24.5,54,101,78,165,0,58
Marmande,18.1,22.8,52,131,84,130,0,78
Marmande,18.8,21.2,72,95,99,138,1,73
Marmande,26.1,22.3,44,115,81,141,1,64
Noire de Crimée,25.7,24.3,66,105,73,152,0,70
Cœur de Bœuf,27.2,22.2,40,119,87,141,0,90
Noire de Crimée,26.5,20.9,83,108,71,138,1,73
Noire de Crimée,24.8,20.0,69,107,86,155,0,56
Marmande,18.5,26.9,62,113,83,159,0,73
Marmande,25.8,23.0,54,134,81,149,1,72
Cerise,26.5,24.6,75,109,98,145,0,74
Cerise,26.0,23.4,58,96,98,142,0,57
Noire de Crimée,23.1,26.9,69,96,95,164,0,83
Cœur de Bœuf,20.3,23.9,55,105,82,133,0,84
Marmande,26.5,23.3,57,131,67,154,1,71
Marmande,25.3,27.3,65,136,87,142,0,83
Noire de Crimée,27.8,25.5,56,103,88,157,0,77
Cerise,19.6,20.0,50,101,74,141,1,50
Cœur de Bœuf,20.3,20.6,84,118,98,153,0,93
Cerise,20.1,26.1,68,104,67,157,1,86
Cerise,25.9,26.5,48,97,87,130,1,79
Cerise,19.9,23.9,88,128,92,163,0,99
Cerise,18.7,24.0,56,98,70,132,0,74
Marmande,28.0,24.7,66,135,96,151,1,51
Marmande,18.2,23.0,76,117,84,150,0,77
Cerise,26.4,25.1,61,116,93,156,0,97
Cœur de Bœuf,21.7,20.0,47,96,81,150,1,77
Noire de Crimée,26.4,27.7,42,133,61,151,0,72
Cœur de Bœuf,23.5,25.8,77,103,75,142,0,87
Cœur de Bœuf,27.0,24.7,74,100,70,145,1,73
Cœur de Bœuf,27.3,21.8,71,121,73,153,0,84
Cerise,18.1,20.4,47,117,91,146,0,57
Marmande,18.8,22.7,83,95,81,134,1,85
Cœur de Bœuf,20.5,25.0,66,124,64,167,0,67
Cerise,24.7,24.7,71,95,95,156,0,69
Cœur de Bœuf,26.9,22.4,75,113,82,161,0,53
Cœur de Bœuf,22.6,24.5,73,98,78,155,1,57
Cerise,24.1,26.3,64,91,88,136,0,75
Marmande,19.9,19.2,70,127,82,165,0,88
Marmande,26.0,23.1,81,103,68,136,0,69
Noire de Crimée,27.7,25.8,86,120,77,156,0,67
Cerise,20.7,23.9,52,119,90,167,0,82
Noire de Crimée,22.9,24.9,54,116,96,153,0,67
Noire de Crimée,18.9,23.7,89,125,76,153,1,83
Noire de Crimée,23.6,27.9,52,135,77,158,0,68
Marmande,23.0,19.5,72,120,86,156,1,91
Cerise,19.4,23.4,70,131,80,163,0,82
Noire de Crimée,22.4,19.8,64,95,60,150,0,70
Cerise,21.3,20.4,87,132,91,130,1,56
Cerise,23.2,22.4,79,134,73,139,0,63
Marmande,23.9,20.4,62,107,73,159,0,82
Noire de Crimée,18.1,27.7,77,103,92,157,0,53
Noire de Crimée,25.6,27.5,42,109,95,159,1,92
Cerise,25.1,22.0,55,100,98,157,0,51
Cœur de Bœuf,21.7,24.8,41,126,71,158,0,89
Marmande,18.5,23.8,62,129,84,160,0,99
Marmande,25.5,26.3,73,93,74,133,1,80
Marmande,27.6,24.6,69,133,79,148,1,98
Marmande,20.4,19.0,86,95,93,139,0,95
Noire de Crimée,21.2,25.9,49,112,73,160,0,79
Noire de Crimée,19.8,25.7,40,97,89,163,1,99
Cœur de Bœuf,23.8,23.6,61,119,72,168,1,59
Marmande,19.5,27.1,86,125,73,160,0,70
Marmande,21.6,27.2,72,131,88,140,0,99
Cerise,25.0,23.7,64,100,85,165,1,72
Noire de Crimée,23.6,24.5,61,136,62,161,0,86
Marmande,21.9,28.0,55,94,84,152,0,57
Cœur de Bœuf,22.2,21.7,69,92,86,169,0,59
Cœur de Bœuf,23.6,21.9,57,104,99,168,1,74
Noire de Crimée,18.1,20.6,63,91,75,132,0,82
Cœur de Bœuf,18.8,27.1,44,91,97,157,0,66
Cœur de Bœuf,26.8,25.7,76,97,70,154,0,73
Noire de Crimée,18.8,20.0,62,135,88,157,0,98
Marmande,25.1,27.8,81,119,83,148,0,91
Marmande,27.2,25.6,66,130,88,148,0,99
Cœur de Bœuf,20.7,26.7,51,94,93,158,0,79
Cœur de Bœuf,21.7,19.4,49,119,70,148,0,50
Marmande,23.7,23.5,73,133,79,147,0,66
Noire de Crimée,26.8,25.3,72,99,79,153,0,77
Cœur de Bœuf,27.4,23.9,55,122,68,167,1,62
Cerise,25.4,25.0,68,113,82,145,1,59
Noire de Crimée,18.9,26.4,57,108,95,147,0,50
Cœur de Bœuf,24.7,22.4,66,119,86,142,1,69
Cœur de Bœuf,22.1,26.6,46,114,83,133,1,56
Cerise,22.7,20.5,75,100,99,142,1,81
Cerise,18.5,21.4,66,138,84,164,0,70
Marmande,19.9,19.4,49,124,84,133,1,75
Noire de Crimée,25.9,22.3,49,90,92,148,0,94
Noire de Crimée,22.5,22.4,50,106,90,153,0,56
Marmande,21.0,26.2,69,120,69,162,0,87
Noire de Crimée,21.8,24.9,42,95,98,162,0,94
Noire de Crimée,26.5,22.9,68,102,74,138,0,89
Noire de Crimée,25.5,24.9,53,115,60,132,0,97
Noire de Crimée,20.7,19.5,52,125,75,132,1,90
Noire de Crimée,19.2,20.6,58,94,80,159,0,94
Cerise,20.5,24.6,64,136,61,147,0,76
Noire de Crimée,27.2,24.8,49,103,62,131,0,83
Cerise,23.8,26.0,54,104,74,161,0,61
Noire de Crimée,23.3,22.6,67,101,91,138,1,61
Marmande,24.0,25.5,79,139,86,131,0,64
Cœur de Bœuf,21.7,25.2,88,135,95,149,0,69
Cerise,26.1,27.7,77,131,94,156,0,59
Noire de Crimée,23.2,20.9,46,97,98,165,0,95
Marmande,19.2,24.0,53,120,83,148,0,75
Cœur de Bœuf,19.3,24.4,69,115,67,145,0,66
Cerise,23.4,28.0,79,118,66,155,0,59
Cœur de Bœuf,27.4,20.8,51,93,63,143,1,60
Marmande,21.1,23.7,67,139,89,147,1,66
Cerise,26.7,22.1,89,117,69,157,0,60
Cœur de Bœuf,25.6,23.7,53,114,84,148,1,64
Noire de Crimée,20.5,21.1,40,129,91,159,1,53
Cerise,18.4,19.4,43,121,91,150,0,74
Cœur de Bœuf,19.0,24.2,88,125,91,150,1,85
Marmande,25.3,22.0,57,100,69,159,1,96
Marmande,20.0,20.6,75,126,68,166,1,80
Cerise,21.7,21.9,71,99,84,161,0,95
Cœur de Bœuf,23.0,19.4,67,127,84,159,0,78
Cerise,25.3,27.6,67,125,75,151,1,80
Cerise,19.1,24.2,77,139,75,153,0,58
Cœur de Bœuf,22.1,26.3,71,116,89,139,0,97
Cœur de Bœuf,22.9,22.8,47,106,97,153,0,50
Noire de Crimée,23.4,27.1,64,96,64,130,0,52
Cœur de Bœuf,26.2,23.3,86,98,66,164,0,53
Marmande,19.7,24.2,59,124,72,145,0,68
Cerise,26.1,23.4,72,98,67,134,0,90
Cerise,24.9,25.6,69,125,92,160,0,71
Marmande,23.6,24.1,76,119,69,166,0,57
Cœur de Bœuf,25.0,21.4,55,120,79,154,0,74
Marmande,22.1,20.3,64,108,91,154,0,53
Marmande,19.4,24.5,77,130,88,132,0,94
Noire de Crimée,24.7,23.4,81,112,60,167,0,63
Marmande,23.2,19.9,49,109,86,161,0,54
Cerise,24.4,22.6,44,95,79,149,0,99
Marmande,21.4,23.6,47,132,73,159,1,99
Cerise,27.1,26.4,72,113,74,131,1,78
Cerise,23.9,19.7,76,136,65,134,0,70
Cerise,18.9,22.1,40,111,61,148,0,64
Cœur de Bœuf,22.5,26.4,70,95,88,149,1,72
Noire de Crimée,25.6,24.8,46,113,98,151,0,66
Cerise,25.9,21.6,86,131,91,140,0,52
Cerise,22.9,26.6,62,111,64,147,0,82
Cœur de Bœuf,26.9,23.4,63,107,81,156,0,99
Cerise,20.7,23.5,53,105,87,160,0,76
Marmande,22.1,27.8,62,125,91,164,0,65
Marmande,27.0,27.5,48,102,88,150,0,55
Noire de Crimée,27.0,22.2,47,126,99,149,0,90
Cerise,24.9,20.3,47,113,62,138,0,59
Cœur de Bœuf,26.6,21.9,42,108,90,160,0,78
Marmande,18.9,19.3,71,139,72,138,0,66
Cœur de Bœuf,26.6,19.2,43,109,65,136,0,88
Cœur de Bœuf,21.2,22.6,88,116,80,162,0,95
Marmande,19.8,27.5,77,106,73,130,0,63
Cœur de Bœuf,20.4,26.8,41,105,84,148,0,61
Marmande,22.2,23.6,48,90,66,132,1,87
Cœur de Bœuf,20.5,24.1,85,110,81,168,0,78
Marmande,21.2,19.1,40,116,91,141,1,63
Cerise,19.3,20.9,88,90,91,159,0,57
Noire de Crimée,21.0,19.2,50,119,89,145,0,98
Marmande,23.7,25.8,68,109,76,142,0,89
Marmande,22.4,20.3,65,113,99,153,0,89
Noire de Crimée,21.5,26.8,66,135,97,146,0,66
Marmande,25.5,24.8,77,91,80,156,1,92
Marmande,26.9,21.1,68,104,85,158,0,88
Cœur de Bœuf,25.6,20.4,72,118,62,143,0,72
Noire de Crimée,21.3,24.6,67,124,97,134,0,56
Cerise,25.4,27.1,70,102,76,167,0,61
Marmande,19.5,25.5,58,108,98,135,0,65
Noire de Crimée,19.3,22.1,87,90,65,153,0,62
Cœur de Bœuf,21.5,24.3,65,134,80,169,0,96
Cerise,26.1,21.8,89,136,99,162,1,68
Noire de Crimée,20.5,28.0,68,105,72,138,0,52
Cerise,18.6,25.7,50,132,68,132,0,92
Cerise,19.3,24.5,80,92,64,152,0,57
Cerise,26.6,22.8,71,129,66,150,0,89
Marmande,24.3,24.6,60,95,97,151,0,61
Marmande,20.5,22.1,77,120,97,137,1,80
Cœur de Bœuf,23.6,19.3,73,94,90,149,0,84
Cœur de Bœuf,23.3,22.6,79,115,63,143,0,69
Noire de Crimée,24.6,27.4,61,117,72,159,0,77
Cœur de Bœuf,20.3,24.6,87,104,74,137,1,51
Cerise,26.6,19.8,66,98,99,148,0,76
Cerise,21.1,27.0,47,111,72,167,0,52
Marmande,24.9,21.4,79,126,85,165,0,97
Cerise,18.2,21.2,85,110,78,135,0,70
Noire de Crimée,21.7,21.7,70,131,60,163,0,56
Cerise,21.5,24.2,40,118,72,139,0,82
Cerise,23.4,23.9,78,115,84,160,0,94
Noire de Crimée,18.7,23.4,73,95,79,140,0,95
Cœur de Bœuf,25.9,25.5,86,100,82,164,0,82
Cœur de Bœuf,20.2,21.8,63,125,83,140,0,85
Noire de Crimée,24.8,26.0,67,109,98,169,1,66
Marmande,26.0,20.6,89,133,99,161,0,55
Cerise,23.6,26.0,43,109,89,155,1,70
Noire de Crimée,25.4,25.0,57,116,93,151,1,87
Cerise,24.6,25.1,68,95,69,130,0,83
Marmande,21.6,23.3,62,122,60,158,0,98
Cerise,26.1,25.0,76,119,71,168,0,97
Noire de Crimée,20.9,19.7,66,139,88,151,1,61
Cerise,23.7,26.7,55,123,70,161,1,61
Cœur de Bœuf,25.5,19.5,84,94,76,154,0,67
Marmande,21.8,20.3,66,105,79,169,0,97
Marmande,21.0,24.2,48,101,97,158,1,55
Marmande,22.6,25.7,44,101,65,166,0,62
Noire de Crimée,26.2,19.7,47,100,79,161,1,80
Marmande,27.3,27.3,57,110,69,159,0,74
Cœur de Bœuf,23.5,27.8,74,96,69,147,1,97
Noire de Crimée,24.6,24.5,45,123,90,132,0,73
Cœur de Bœuf,27.0,23.3,82,118,85,141,0,91
Cerise,19.0,25.7,62,95,76,149,0,60
Cerise,20.3,22.0,85,125,73,137,1,82
Cerise,25.1,23.4,65,123,64,160,0,70
Cerise,26.2,27.2,78,138,62,153,0,88
Cœur de Bœuf,26.6,27.6,63,97,79,142,1,73
Noire de Crimée,22.2,27.3,49,126,74,137,1,98
Noire de Crimée,18.9,21.4,54,99,62,143,0,93
Marmande,22.4,21.1,77,105,62,144,0,69
Cœur de Bœuf,20.3,21.7,59,91,82,150,0,96
Cerise,20.9,23.0,68,108,68,144,1,58
Cœur de Bœuf,25.7,21.8,45,96,70,155,0,80
Marmande,18.8,22.4,87,91,72,167,0,77
Marmande,26.3,24.6,48,134,67,167,0,87
Cœur de Bœuf,22.3,25.9,89,112,81,162,0,54
Cœur de Bœuf,24.0,25.6,44,120,97,139,0,86
Cœur de Bœuf,18.9,26.3,87,93,86,148,0,90
Noire de Crimée,21.4,19.3,78,105,85,140,0,83
Cerise,18.9,19.4,58,99,82,132,1,59
Cœur de Bœuf,27.6,26.1,44,138,98,152,0,81
Cœur de Bœuf,26.1,23.8,59,110,90,135,0,86
Cœur de Bœuf,22.6,24.2,50,117,88,158,0,66
Marmande,20.2,19.5,89,135,60,133,1,85
Marmande,27.3,21.3,66,101,69,132,1,85
Noire de Crimée,21.4,24.7,68,102,63,149,0,62
Cerise,19.6,26.7,46,129,90,137,1,69
Noire de Crimée,23.6,27.3,89,106,63,135,0,87
Cerise,27.4,23.5,42,107,88,134,1,68
Marmande,18.0,23.9,44,99,68,137,0,71
Marmande,20.4,26.5,52,117,74,137,0,65
Marmande,27.4,23.8,55,102,62,164,0,55
Noire de Crimée,19.7,23.7,51,123,74,148,1,60
Cœur de Bœuf,19.1,27.1,78,138,70,139,1,59
Cœur de Bœuf,23.7,26.1,66,95,65,164,0,80
Marmande,26.6,27.2,84,101,66,138,1,67
Cœur de Bœuf,22.8,21.0,72,118,63,137,0,81
Cœur de Bœuf,27.9,23.7,54,102,80,137,0,90
Noire de Crimée,24.8,26.6,60,115,60,137,1,91
Cerise,18.7,20.0,83,93,82,149,0,96
Marmande,27.9,26.2,56,104,72,136,0,73
Marmande,22.1,20.6,76,105,87,151,1,95
Noire de Crimée,20.9,26.3,88,108,88,146,0,65
Noire de Crimée,23.6,24.5,54,136,77,134,1,78
Cœur de Bœuf,21.0,20.7,59,115,82,163,1,88
Marmande,18.9,23.3,58,121,87,154,0,74
Cerise,18.0,25.1,40,95,68,144,1,89
Noire de Crimée,22.5,24.7,43,95,65,160,0,74
Cerise,26.4,22.8,42,94,75,148,0,89
Cerise,23.7,27.1,47,91,96,160,0,94
Marmande,28.0,23.7,80,91,60,141,0,68
Marmande,20.9,23.6,83,126,81,152,1,59
Noire de Crimée,20.8,19.6,44,92,82,152,0,50
Marmande,19.6,27.3,48,95,80,165,0,76
Marmande,19.6,20.6,40,120,90,140,1,71
Marmande,20.9,23.8,82,132,97,151,0,77
Cerise,25.9,26.2,69,94,87,159,0,97
Noire de Crimée,27.1,20.9,46,139,86,134,1,84
Cœur de Bœuf,27.8,23.7,61,135,98,166,0,52
Cerise,20.3,21.2,59,99,72,149,1,87
Marmande,26.8,25.8,68,116,91,139,0,75
Cerise,21.3,24.1,66,113,66,151,0,93
Marmande,19.1,26.7,64,111,92,159,0,54
Marmande,26.7,27.1,85,114,72,159,1,97
Cerise,24.4,24.8,74,92,91,151,0,98
Noire de Crimée,19.6,25.5,66,105,66,167,1,59
Marmande,22.3,23.9,50,119,71,167,0,56
Noire de Crimée,20.9,22.5,56,137,99,167,0,79
Cœur de Bœuf,25.4,24.8,70,132,74,136,0,74
Marmande,22.5,27.2,57,93,80,165,1,91
Noire de Crimée,27.9,22.8,58,132,71,143,1,83
Noire de Crimée,18.5,21.8,89,129,72,140,1,96
Cœur de Bœuf,21.6,22.5,77,105,99,136,0,70
Noire de Crimée,22.8,22.9,68,129,98,161,0,78
Noire de Crimée,23.0,19.7,54,130,61,147,1,66
Cœur de Bœuf,21.2,23.5,46,135,88,163,0,85
Marmande,25.3,23.4,76,97,88,131,1,89
Noire de Crimée,26.7,24.3,76,113,95,136,1,70
Noire de Crimée,27.4,22.3,46,105,97,160,0,83
Noire de Crimée,26.1,24.5,61,116,66,147,0,65
Cerise,26.5,26.9,51,91,89,149,1,95
Cœur de Bœuf,23.5,27.6,47,109,82,136,1,93
Cerise,26.3,24.3,57,109,87,151,0,58
Cœur de Bœuf,21.0,19.4,67,109,82,166,1,93
Marmande,22.0,27.7,57,108,95,163,1,52
Marmande,21.2,25.4,70,107,88,168,0,72
Noire de Crimée,22.7,22.0,56,102,63,169,0,62
Cœur de Bœuf,20.9,20.3,62,106,79,145,0,87
Marmande,27.6,20.3,50,122,64,143,0,83
Cœur de Bœuf,21.1,20.5,54,117,70,161,0,79
Marmande,19.0,19.4,69,94,61,167,0,88
Cerise,23.3,27.1,70,117,83,168,0,75
Marmande,18.6,23.9,45,114,92,155,0,81
Cerise,19.1,25.3,51,109,81,159,1,69
Marmande,20.2,26.5,62,110,65,168,1,95
Noire de Crimée,22.6,26.1,78,102,83,138,0,87
Cerise,22.3,26.9,79,95,88,161,0,58
Marmande,26.0,27.7,75,118,91,136,1,88
Noire de Crimée,25.4,23.0,74,131,89,141,0,65
Cerise,22.3,27.6,42,98,62,152,0,94
Noire de Crimée,21.3,25.5,81,118,84,146,0,87
Cœur de Bœuf,21.2,19.6,67,127,87,150,0,53
Cœur de Bœuf,25.7,25.1,54,90,74,141,1,61
Cerise,18.5,25.2,52,119,76,151,0,75
Marmande,18.1,27.2,58,139,61,152,1,59
Cerise,26.0,22.4,79,121,86,134,0,65
Noire de Crimée,22.8,24.3,57,112,95,147,0,50
Marmande,19.3,19.1,70,128,73,166,0,61
Cœur de Bœuf,20.4,22.0,76,99,91,166,1,71
Marmande,27.3,19.6,60,133,71,136,1,78
Cœur de Bœuf,26.6,23.7,78,110,82,132,0,68
Marmande,25.1,26.4,44,115,75,130,0,79
Marmande,22.8,20.9,56,104,61,135,0,77
Marmande,23.2,23.7,58,106,66,136,0,70
Noire de Crimée,27.8,20.8,43,124,80,156,1,67
Noire de Crimée,27.7,20.1,65,114,90,160,0,90
Cerise,20.2,23.6,63,104,82,137,0,73
Cerise,26.1,19.7,78,122,84,143,0,75
Cœur de Bœuf,20.0,24.3,77,100,94,144,0,85
Noire de Crimée,20.1,19.3,85,113,94,136,1,92
Cœur de Bœuf,24.8,20.0,58,95,66,136,1,65
Cerise,22.1,23.9,69,117,64,162,1,81
Cœur de Bœuf,27.3,24.3,65,118,91,136,0,51
Cerise,18.9,19.3,50,137,64,149,0,58
Noire de Crimée,23.1,24.2,78,110,84,136,1,67
Marmande,27.2,26.5,42,101,90,143,0,98
Noire de Crimée,27.0,25.5,61,111,79,144,1,98
Cœur de Bœuf,19.6,20.2,56,116,81,147,0,95
Cœur de Bœuf,21.7,24.3,50,110,97,139,0,94
Noire de Crimée,24.2,25.1,86,104,72,164,1,68
Noire de Crimée,19.6,19.3,78,107,98,156,0,87
Cerise,27.7,26.7,86,99,61,130,0,61
Cœur de Bœuf,27.1,27.2,66,111,81,157,0,62
Cœur de Bœuf,19.7,26.7,88,133,68,163,0,84
Noire de Crimée,19.2,26.4,82,109,61,132,0,97
Marmande,18.9,25.7,68,108,91,132,0,59
Cœur de Bœuf,27.1,24.7,51,117,67,140,0,71
Marmande,19.9,25.1,52,126,75,133,0,59
Noire de Crimée,22.2,26.3,50,139,92,159,1,99
Noire de Crimée,22.5,25.0,70,133,70,168,1,84
Cerise,24.0,21.9,50,90,91,161,1,94
Cœur de Bœuf,18.7,22.4,80,123,67,145,0,65
Marmande,20.3,27.1,82,124,91,146,0,85
Cerise,27.3,19.2,75,115,80,140,1,60
Cœur de Bœuf,27.1,25.3,41,119,84,165,0,66
Cerise,25.8,27.6,62,101,79,161,0,74
Noire de Crimée,18.2,25.4,75,103,60,164,0,50
Cœur de Bœuf,21.3,27.9,53,128,80,156,0,61
Cerise,24.3,25.2,76,93,66,163,1,52
Cerise,20.8,19.3,88,101,84,134,1,58
Marmande,27.1,26.4,66,113,68,154,1,68
Cerise,24.3,21.6,51,129,81,157,0,68
Cœur de Bœuf,18.7,23.0,68,120,61,147,0,99
Cœur de Bœuf,27.1,21.8,45,90,78,132,1,69
Marmande,27.6,21.4,83,126,65,157,0,60
Cœur de Bœuf,18.8,22.9,86,90,64,131,0,73
Noire de Crimée,23.3,22.4,62,104,69,163,1,71
Cœur de Bœuf,21.0,24.7,49,102,60,151,0,50
Cœur de Bœuf,21.9,26.3,73,118,85,151,0,93
Cerise,19.8,21.7,83,134,85,159,0,92
Cerise,23.8,20.9,51,93,77,163,1,59
Cœur de Bœuf,27.6,25.0,71,104,80,130,1,60
Marmande,23.0,25.0,65,133,71,158,1,57
Cerise,18.8,27.1,46,129,97,148,0,66
Marmande,24.2,19.1,71,137,73,148,0,55
Cœur de Bœuf,21.4,26.7,72,101,91,158,0,56
Cœur de Bœuf,26.6,23.7,57,114,98,162,0,80
Noire de Crimée,22.3,24.6,74,116,94,146,0,86
Cerise,19.9,19.8,59,95,76,167,0,53
Cœur de Bœuf,19.9,22.9,70,112,69,130,0,56
Noire de Crimée,25.7,21.0,44,104,94,162,1,65
Cerise,20.7,21.3,71,128,75,165,1,74
Cœur de Bœuf,25.7,23.5,86,94,65,151,0,85
Cœur de Bœuf,20.1,26.3,81,112,63,147,0,84
Cerise,21.2,25.7,58,104,68,146,1,63
Cerise,22.7,24.3,40,114,88,161,1,85
Cerise,27.4,23.9,46,119,66,149,0,58
Cœur de Bœuf,27.3,22.8,61,133,75,152,0,60
Cœur de Bœuf,20.1,27.8,89,132,65,157,0,50
Noire de Crimée,21.6,24.0,73,93,62,155,1,58
Marmande,19.5,21.3,49,102,73,136,1,74
Cerise,23.1,21.1,86,139,73,149,1,89
Cœur de Bœuf,22.6,24.5,81,129,68,140,1,64
Cœur de Bœuf,27.0,23.7,65,128,95,136,0,73
Cerise,27.3,19.1,71,112,82,167,0,57
Marmande,21.8,26.5,81,105,74,156,0,78
Cerise,22.9,25.3,66,124,66,138,0,56
Marmande,27.0,25.0,51,105,79,133,1,95
Cœur de Bœuf,26.1,19.6,79,137,78,167,1,67
Marmande,18.0,22.3,62,96,65,158,0,52
Noire de Crimée,21.2,27.4,53,134,98,155,0,96
Cœur de Bœuf,22.2,26.8,73,102,60,154,0,73
Noire de Crimée,20.3,21.6,56,139,66,143,0,69
Cerise,20.0,20.4,45,118,94,166,1,80
Cerise,18.4,23.0,66,128,84,157,0,75
Cerise,24.4,22.2,47,109,97,137,0,87
Marmande,20.6,25.1,72,139,82,140,0,96
Cœur de Bœuf,18.5,27.7,74,118,84,164,0,95
Cerise,20.3,22.3,86,107,97,160,1,92
Cerise,26.0,19.6,56,111,70,163,0,57
Cœur de Bœuf,26.5,27.1,65,125,93,165,0,81
Cerise,22.8,19.3,46,130,90,146,0,57
Noire de Crimée,22.2,27.6,85,137,97,150,0,54
Cœur de Bœuf,27.8,25.0,63,125,71,155,0,65
Cœur de Bœuf,20.0,27.5,64,97,68,157,0,76
Cœur de Bœuf,20.2,20.8,74,92,72,151,0,88
Noire de Crimée,20.9,19.4,65,118,79,132,1,50
Cœur de Bœuf,19.7,23.4,89,98,80,157,0,54
Noire de Crimée,21.8,23.1,44,97,81,165,0,52
Cœur de Bœuf,27.1,22.0,86,119,60,131,1,94
Marmande,24.2,27.6,77,101,99,149,1,66
Cerise,22.1,26.4,74,135,76,169,0,82
Marmande,27.3,25.0,69,117,63,165,1,68
Cerise,18.5,20.5,89,131,65,137,0,53
Noire de Crimée,20.1,25.6,64,138,78,168,0,62
Marmande,23.7,25.5,63,132,89,154,0,99
Cœur de Bœuf,24.2,22.8,69,99,82,144,0,92
Cerise,18.4,27.3,59,102,91,159,0,75
Cerise,22.0,20.5,42,91,88,163,0,90
Marmande,24.5,21.4,71,90,67,133,1,80
Noire de Crimée,25.0,19.6,47,111,80,151,0,84
Marmande,24.4,26.2,89,122,76,154,0,65
Noire de Crimée,21.2,24.6,86,105,76,138,1,73
Noire de Crimée,18.9,21.8,62,131,80,152,0,79
Cerise,22.3,20.5,85,118,74,168,0,66
Marmande,19.3,19.4,55,99,86,141,1,62
Marmande,27.5,20.5,74,128,84,143,0,87
Noire de Crimée,22.8,23.1,64,96,92,136,0,56
Marmande,21.2,21.2,54,90,61,160,1,58
Cœur de Bœuf,25.7,21.3,47,115,75,135,0,70
Cœur de Bœuf,23.0,26.9,73,134,95,152,0,79
Marmande,21.1,23.6,64,94,67,148,0,86
Marmande,26.1,25.6,88,124,75,150,1,86
Noire de Crimée,26.7,19.3,83,102,66,148,0,71
Cœur de Bœuf,24.7,22.3,58,116,64,148,0,96
Cœur de Bœuf,18.5,23.3,82,101,82,163,0,80
Cerise,23.7,20.7,89,119,67,142,0,53
Noire de Crimée,25.6,20.1,52,139,62,165,1,59
Cerise,19.4,26.8,85,121,94,154,0,79
Cœur de Bœuf,20.3,27.5,51,120,95,162,1,79
Noire de Crimée,26.8,19.7,54,94,95,150,0,90
Marmande,18.2,22.1,62,126,74,163,0,56
Noire de Crimée,25.5,27.6,79,91,89,154,0,64
Marmande,22.7,19.7,41,127,74,147,0,68
Marmande,22.5,24.8,79,96,88,140,0,59
Noire de Crimée,18.1,27.7,62,90,63,148,1,88
Marmande,26.2,27.8,44,92,93,163,1,76
Cerise,21.6,23.2,73,109,82,131,0,52
Cœur de Bœuf,23.4,20.5,49,91,94,159,0,84
Marmande,24.8,20.8,66,131,87,167,1,67
Cerise,25.0,27.0,81,132,90,144,1,73
Marmande,27.6,27.2,43,110,92,140,0,62
Cœur de Bœuf,23.3,24.5,43,134,77,153,1,93
Cerise,22.0,25.9,47,121,64,133,1,66
Cœur de Bœuf,27.5,25.7,45,137,68,148,0,66
Cœur de Bœuf,24.4,25.0,64,109,79,158,1,60
Cerise,21.0,26.4,66,132,97,143,0,66
Cerise,19.3,25.2,86,139,68,146,0,98
Cerise,26.4,23.8,89,120,77,137,0,68
Noire de Crimée,21.6,21.1,79,132,74,142,0,56
Cerise,24.6,25.7,59,122,74,152,0,68
Cerise,22.7,23.3,66,113,73,158,1,83
Cerise,20.0,21.7,46,107,94,140,0,78
Cerise,24.0,26.2,62,109,99,145,0,79
Marmande,18.6,25.3,59,121,95,152,0,91
Noire de Crimée,22.1,27.4,88,94,79,141,1,78
Cœur de Bœuf,23.5,20.5,73,91,70,167,1,87
Cerise,22.4,24.8,68,115,76,153,0,97
Marmande,25.5,21.2,83,114,84,160,0,57
Marmande,26.3,27.1,44,139,88,167,0,53
Marmande,25.7,19.9,66,111,82,165,0,77
Cœur de Bœuf,18.4,24.9,51,128,68,130,0,60
Cerise,19.9,26.1,56,111,84,155,0,67
Noire de Crimée,23.4,22.2,76,100,82,146,1,70
Noire de Crimée,27.3,27.6,73,100,61,165,1,96
Marmande,26.3,26.7,69,134,60,146,0,97
Cœur de Bœuf,26.4,21.7,75,93,97,166,0,89
Cœur de Bœuf,21.0,19.1,45,122,65,156,1,81
Cœur de Bœuf,22.3,21.7,71,107,74,154,0,66
Noire de Crimée,22.7,21.5,71,120,66,159,0,83
Marmande,19.6,27.0,48,133,61,154,0,66
Cerise,18.3,27.7,61,117,89,167,0,64
Noire de Crimée,27.5,19.6,49,131,88,161,1,69
Marmande,20.4,23.2,68,111,71,141,0,88
Marmande,20.4,23.9,50,129,93,150,0,60
Cerise,18.8,19.8,67,92,89,163,1,68
Cerise,27.3,22.4,41,96,95,130,1,81
Cerise,23.8,21.9,60,109,94,142,0,73
Cœur de Bœuf,24.7,23.8,70,132,61,150,0,55
Cerise,27.1,25.0,80,96,62,130,0,67
Marmande,21.5,25.3,56,96,71,142,1,90
Cerise,24.2,20.2,66,118,63,160,0,97
Marmande,18.4,26.3,69,115,66,152,1,62
Noire de Crimée,19.9,25.1,80,130,79,132,1,75
Cœur de Bœuf,26.3,27.0,47,92,78,140,0,57
Noire de Crimée,25.7,23.0,76,132,67,158,1,75
Noire de Crimée,21.5,27.0,44,106,62,147,0,98
Marmande,21.8,26.8,65,129,86,154,1,63
Noire de Crimée,23.3,22.9,45,109,74,163,0,90
Marmande,18.0,22.4,55,123,67,147,0,55
Cerise,20.4,27.4,40,122,77,130,1,65
Cerise,20.1,25.4,48,105,88,157,1,84
Marmande,20.5,27.4,60,112,95,133,0,83
Cerise,26.1,26.2,46,93,62,150,1,89
Cœur de Bœuf,20.8,24.5,82,130,68,135,1,76
Noire de Crimée,19.9,20.0,54,129,69,150,1,85
Cœur de Bœuf,23.0,21.6,63,122,99,166,0,61
Noire de Crimée,26.7,27.7,44,97,79,159,1,50
Cerise,20.4,21.9,77,94,61,149,0,78
Cœur de Bœuf,18.8,19.8,68,122,60,161,0,66
Cerise,21.6,25.4,85,114,86,160,0,67
Noire de Crimée,25.5,25.6,85,96,63,165,1,98
Marmande,23.5,21.6,50,136,96,154,0,65
Marmande,26.2,21.7,43,96,91,134,0,84
Cœur de Bœuf,27.6,23.2,49,122,77,137,0,58
Cerise,25.9,19.2,73,130,73,146,0,93
Cerise,24.0,26.1,43,122,74,144,0,88
Cœur de Bœuf,22.9,21.9,49,118,63,149,0,87
Marmande,18.4,26.7,72,133,78,158,1,92
Noire de Crimée,27.8,26.2,85,128,83,165,0,55
Cœur de Bœuf,21.8,25.0,57,130,89,157,1,75
Noire de Crimée,19.5,21.9,51,121,72,137,0,66
Marmande,24.7,23.6,62,126,70,143,1,73
Cerise,20.8,23.0,83,133,87,162,1,59
Marmande,23.9,22.0,64,118,70,163,1,81
Cœur de Bœuf,23.9,26.6,76,111,60,158,0,52
Cerise,22.5,23.4,43,91,63,151,1,68
Cœur de Bœuf,26.4,26.5,52,139,97,132,0,84
Cœur de Bœuf,20.6,19.9,57,98,93,152,0,76
Marmande,22.5,20.3,68,118,71,132,0,74
Cœur de Bœuf,23.4,27.8,83,122,83,135,0,70
Marmande,24.6,24.3,69,99,96,169,0,51
Cerise,25.8,23.6,87,117,91,152,1,69
Marmande,21.9,23.7,77,135,78,141,1,72
Cerise,24.5,20.9,67,135,88,134,0,82
Marmande,19.5,25.5,46,128,97,134,0,99
Noire de Crimée,27.3,19.8,63,101,88,132,0,57
Noire de Crimée,21.8,24.2,80,111,78,133,1,86
Cœur de Bœuf,25.3,24.1,49,95,79,153,1,91
Marmande,18.2,27.2,76,134,62,134,0,79
Marmande,20.1,23.7,66,129,99,160,1,80
Cerise,22.9,20.2,60,112,64,164,0,90
Cœur de Bœuf,26.8,24.2,75,123,82,148,0,67
Marmande,23.3,19.8,82,131,64,137,0,80
Cœur de Bœuf,27.3,20.8,68,127,89,157,0,75
Noire de Crimée,22.8,19.3,46,105,91,167,0,73
Marmande,22.9,23.6,52,99,83,152,0,54
Marmande,19.2,19.8,84,136,94,136,0,60
Cœur de Bœuf,26.0,23.2,62,110,91,167,0,73
Marmande,20.5,27.4,89,99,81,142,0,50
Cœur de Bœuf,27.0,25.5,64,100,80,150,0,61
Marmande,27.1,19.7,80,110,87,166,1,87
Cerise,27.4,21.0,84,114,93,135,0,72
Cœur de Bœuf,23.2,25.1,52,123,75,139,0,93
Marmande,24.8,27.1,76,120,70,156,0,74
Noire de Crimée,25.8,19.3,69,116,92,155,0,61
Marmande,19.3,26.3,65,114,97,157,0,52
Noire de Crimée,24.0,24.1,51,131,78,145,0,73
Noire de Crimée,18.3,23.9,40,121,87,157,0,75
Cerise,23.0,27.6,57,133,88,132,1,64
Cœur de Bœuf,19.5,25.7,60,100,96,130,1,80
Marmande,19.8,26.7,63,136,62,132,1,92
Cerise,21.7,22.2,56,115,77,159,1,91
Marmande,22.3,24.0,81,125,77,148,0,70
Noire de Crimée,24.2,24.5,48,126,71,162,1,70
Cœur de Bœuf,18.7,21.9,79,122,77,137,0,70
Marmande,23.0,24.1,67,122,91,148,1,97
Marmande,19.8,21.1,54,131,95,165,1,74
Noire de Crimée,23.7,20.3,52,125,78,166,1,61
Marmande,24.4,22.4,67,102,63,134,1,97
Marmande,23.6,25.7,56,103,70,163,0,86
Noire de Crimée,25.4,27.2,48,126,62,167,0,67
Cerise,21.4,23.1,60,132,86,156,0,59
Noire de Crimée,25.7,24.8,69,129,75,168,0,55
Cerise,22.3,19.9,50,90,77,153,1,78
Cœur de Bœuf,22.8,27.1,69,94,89,160,1,78
Cerise,24.5,24.1,75,119,83,151,0,78
Cerise,18.2,26.0,64,107,65,152,0,95
Cœur de Bœuf,24.5,26.1,46,134,93,153,0,95
Cerise,24.2,21.3,59,126,71,169,0,58
Noire de Crimée,21.1,23.8,74,128,82,161,0,81
Cerise,18.9,27.6,49,101,95,162,0,97
Cœur de Bœuf,18.9,19.8,74,123,99,157,0,62
Noire de Crimée,27.2,25.1,40,134,74,146,1,95
Cœur de Bœuf,24.9,27.7,53,103,75,155,1,60
Cœur de Bœuf,19.3,21.7,84,127,73,147,0,83
Marmande,21.6,26.8,44,105,74,144,0,78
Marmande,23.9,27.4,79,131,71,167,1,61
Cœur de Bœuf,26.4,25.7,83,100,94,151,0,98
Cœur de Bœuf,18.4,21.1,77,122,84,147,1,80
Cœur de Bœuf,20.4,22.0,73,104,73,150,0,90
Marmande,26.9,19.3,63,137,61,148,1,71
Marmande,18.1,26.5,43,131,77,131,0,75
Cerise,20.0,26.6,66,99,94,159,0,92
Cerise,27.6,24.7,44,92,68,154,0,61
Cœur de Bœuf,24.1,22.2,82,100,70,155,1,84
Noire de Crimée,20.6,19.7,52,100,85,168,0,98
Noire de Crimée,18.7,25.8,79,105,62,146,0,87
Marmande,18.3,25.5,60,127,64,145,1,53
Marmande,20.4,27.2,76,119,91,156,0,94
Marmande,26.8,25.6,71,130,69,132,1,98
Cœur de Bœuf,22.2,26.5,77,90,97,167,1,59
Noire de Crimée,25.2,25.7,70,127,65,158,0,67
Cerise,27.2,24.7,71,139,70,131,0,95
Cœur de Bœuf,22.1,22.8,54,134,76,169,0,97
Cerise,19.9,27.1,87,123,61,143,1,68
Cerise,23.2,24.9,69,108,83,141,0,64
Cœur de Bœuf,27.1,22.6,82,123,64,153,0,72
Cerise,26.0,19.8,46,125,80,157,0,72
Noire de Crimée,18.7,21.6,77,93,65,168,1,70
Cerise,24.9,23.9,70,99,63,147,0,75
Noire de Crimée,23.7,21.5,83,106,68,154,0,94
Noire de Crimée,27.1,21.0,65,105,64,166,1,83
Noire de Crimée,19.2,23.7,75,110,63,135,1,90
Marmande,23.3,20.5,85,117,68,159,0,62
Cerise,26.8,26.2,82,97,77,160,0,74
Cœur de Bœuf,22.1,23.4,65,118,75,163,0,93
Cœur de Bœuf,22.8,24.2,83,95,61,148,1,82
Cerise,18.7,20.3,41,119,88,157,1,77
Marmande,20.8,21.9,82,91,95,137,0,62
Marmande,21.2,22.7,84,136,71,140,0,76
Noire de Crimée,27.5,26.3,82,120,96,145,0,57
Cerise,20.8,25.9,48,114,93,155,1,85
Cerise,22.6,21.0,87,112,94,130,1,92
Cœur de Bœuf,24.7,24.5,44,132,99,160,0,55
Cerise,19.6,21.2,66,110,65,156,0,62
Marmande,22.9,27.9,51,105,96,138,0,69
Cerise,25.4,27.6,74,93,95,155,0,54
Cœur de Bœuf,26.7,24.1,68,132,79,135,0,94
Noire de Crimée,24.3,25.3,55,135,75,136,1,76
Cœur de Bœuf,24.7,26.2,58,97,67,142,0,98
Cœur de Bœuf,19.3,25.5,88,95,81,139,0,68
Noire de Crimée,27.5,25.3,82,116,64,160,1,50
Cœur de Bœuf,19.3,27.6,66,125,64,166,0,53
Cœur de Bœuf,25.7,24.4,57,125,70,147,0,51
Cerise,20.6,24.7,80,113,78,140,1,93
Cerise,27.3,26.6,52,95,98,139,0,75
Noire de Crimée,25.2,25.0,69,132,76,157,1,82
Cerise,25.5,25.6,65,122,96,150,0,93
Cerise,20.2,21.1,45,91,97,154,0,94
Cœur de Bœuf,22.4,22.3,42,130,77,135,0,87
Marmande,24.2,20.3,62,105,68,140,0,56
Cerise,25.7,23.6,51,127,76,162,1,78
Marmande,19.0,23.1,80,98,92,134,0,54
Cerise,27.6,28.0,80,94,79,163,0,58
Cerise,26.9,24.5,54,99,77,161,0,62
Noire de Crimée,20.7,26.1,40,119,83,153,1,95
Noire de Crimée,26.2,22.0,89,96,72,142,1,89
Noire de Crimée,23.2,26.5,86,118,99,135,0,97
Marmande,22.6,24.5,47,91,87,163,0,95
Cœur de Bœuf,21.1,25.3,70,109,62,154,0,78
Cerise,23.8,21.6,50,93,95,152,0,67
Cerise,25.3,23.9,56,117,70,142,0,79
Cerise,22.1,24.7,66,97,98,157,1,59
Marmande,24.3,24.3,70,124,80,142,0,68
Noire de Crimée,25.0,27.2,66,91,96,136,0,97
Cœur de Bœuf,25.1,27.1,53,130,61,146,0,58
Marmande,18.5,27.7,62,117,65,138,0,70
Noire de Crimée,26.6,25.0,44,100,64,143,0,50
Marmande,22.6,27.7,69,125,91,159,0,90
Cœur de Bœuf,20.6,26.5,73,98,96,167,0,75
Noire de Crimée,20.4,21.4,86,127,99,159,0,63
Marmande,22.8,22.8,58,90,70,162,0,88
Cœur de Bœuf,26.9,21.1,70,116,76,154,1,78
Cerise,21.8,19.0,55,92,73,160,1,92
Cœur de Bœuf,25.5,20.7,84,128,61,152,0,56
Cerise,19.0,19.0,66,98,98,156,0,73
Marmande,22.8,25.5,65,129,77,162,0,76
Noire de Crimée,27.9,22.8,78,117,92,149,0,91
Noire de Crimée,25.7,21.8,68,110,89,157,1,51
Marmande,20.1,25.9,88,117,74,137,1,51
Noire de Crimée,23.0,26.5,78,134,88,151,0,65
Noire de Crimée,20.3,27.8,83,113,85,164,0,61
Cerise,22.1,24.8,84,107,60,160,0,89
Marmande,25.8,23.2,68,98,76,153,0,75
Cœur de Bœuf,25.7,21.7,84,115,98,144,0,59
Cerise,20.3,21.0,85,113,61,160,0,64
Marmande,27.2,20.9,86,95,74,134,1,97
Cerise,23.9,22.7,70,101,81,151,0,74
Cœur de Bœuf,21.8,27.9,41,125,79,146,0,53
Cœur de Bœuf,23.0,19.0,45,98,88,157,0,75
Marmande,24.1,20.8,48,99,84,132,0,72
Cœur de Bœuf,23.6,20.7,54,92,83,148,0,86
Cerise,22.9,25.5,59,138,93,167,1,98
Cœur de Bœuf,23.0,22.2,87,118,80,156,1,91
Cerise,19.8,23.1,41,96,61,146,1,53
Cerise,26.1,20.3,42,115,75,161,0,50
Cœur de Bœuf,23.4,22.6,69,97,99,166,0,50
Marmande,19.3,19.9,47,132,80,150,1,88
Noire de Crimée,25.7,23.8,79,102,96,166,1,52
Cœur de Bœuf,27.3,19.9,60,124,67,140,0,97
Cerise,27.5,26.1,78,108,73,130,0,97
Cerise,21.7,24.1,82,135,81,159,0,64
Cœur de Bœuf,19.4,25.5,52,111,77,155,1,92
Marmande,23.2,22.8,79,105,64,165,1,67
Marmande,19.1,22.4,80,104,89,155,0,70
Cerise,27.3,19.9,87,91,90,156,1,57
Cerise,19.8,23.7,76,127,68,155,1,74
Marmande,20.5,23.6,71,110,90,147,0,81
Noire de Crimée,22.1,23.2,53,119,90,162,0,55
Cœur de Bœuf,21.8,25.7,40,96,68,165,1,99
Cerise,25.9,26.5,66,120,96,166,0,89
Cerise,22.6,25.8,63,130,65,163,1,69
Marmande,19.7,20.3,88,130,85,155,0,98
Cœur de Bœuf,20.7,24.6,61,138,69,151,0,78
Marmande,23.1,19.7,53,124,65,153,0,54
Cœur de Bœuf,19.5,25.3,84,93,92,141,0,84
Cœur de Bœuf,24.1,22.4,47,123,89,140,1,68
Cœur de Bœuf,23.7,20.2,66,90,99,150,0,88
Cerise,25.1,26.8,42,99,83,145,0,61
Noire de Crimée,27.4,24.5,72,119,87,165,0,82
Marmande,27.1,22.2,86,121,97,136,0,84
Noire de Crimée,27.5,19.3,60,92,88,157,1,91
Marmande,20.4,23.8,71,99,74,153,1,87
Cœur de Bœuf,19.3,27.3,79,98,67,142,1,97
Cerise,21.0,24.4,80,106,82,143,0,95
Noire de Crimée,27.0,27.7,84,136,68,160,0,57
Cerise,27.7,20.2,83,92,70,137,1,87
Marmande,26.6,24.1,80,116,65,130,1,80
Cerise,19.1,26.2,71,124,71,169,0,60
Cerise,27.5,23.7,63,93,93,146,0,53
Noire de Crimée,22.2,19.8,50,93,80,142,0,89
Cœur de Bœuf,18.1,24.2,76,138,91,156,1,54
Cerise,22.4,24.5,60,121,95,142,0,91
Cœur de Bœuf,18.5,25.6,57,127,84,169,0,71
Marmande,23.4,25.9,50,100,94,156,0,93
Cerise,21.4,25.9,66,133,93,161,0,66
Noire de Crimée,22.7,25.0,82,128,78,141,0,69
Marmande,24.1,20.9,77,134,96,142,0,92
Marmande,26.7,22.6,40,95,76,145,0,61
Noire de Crimée,24.6,26.0,68,124,75,163,0,93
Cerise,22.3,27.6,60,135,75,135,0,66
Cerise,26.2,19.7,68,121,63,147,0,76
Marmande,27.1,23.8,48,135,89,146,0,72
Cerise,19.2,21.8,46,112,93,168,1,54
Cœur de Bœuf,23.3,21.0,77,131,64,143,1,98
Noire de Crimée,20.8,23.6,70,126,92,136,0,77
Cœur de Bœuf,18.5,24.5,66,115,68,135,0,86
Cerise,24.7,19.1,81,123,76,141,0,79
Marmande,26.6,26.0,71,127,71,163,1,94
Noire de Crimée,19.6,26.4,44,100,83,130,0,78
Cerise,26.1,27.7,72,139,71,158,0,63
Cerise,26.5,20.6,54,110,74,157,0,57
Marmande,27.1,24.4,44,132,75,134,0,95
Marmande,20.7,22.8,59,113,82,150,0,76
Cœur de Bœuf,27.0,22.0,77,104,77,168,0,55
Noire de Crimée,21.2,24.1,76,92,81,167,0,56
Noire de Crimée,23.5,26.0,56,91,90,163,1,75
Marmande,18.5,19.2,89,96,74,150,0,91
Cœur de Bœuf,18.4,27.7,43,94,80,153,0,79
Noire de Crimée,25.2,26.3,60,134,67,142,0,66
Marmande,22.4,25.8,73,129,99,152,0,55
Cerise,20.6,25.8,79,118,95,161,1,52
Noire de Crimée,19.9,22.5,44,130,97,137,0,68
Cœur de Bœuf,24.7,25.8,43,121,65,140,0,68
Cœur de Bœuf,18.0,22.5,61,119,76,142,0,73
Cœur de Bœuf,26.1,27.1,53,97,99,149,0,77
Cerise,18.8,20.6,43,121,95,130,0,84
Noire de Crimée,19.9,21.6,47,131,87,131,0,84
Noire de Crimée,21.9,24.0,42,91,82,140,0,54
Cerise,22.8,21.9,85,99,90,159,1,87
Noire de Crimée,21.5,22.8,68,132,70,134,1,55
Cerise,21.2,23.4,65,132,79,136,0,78
Cerise,27.6,26.7,89,126,91,153,1,72
Cerise,24.4,23.7,69,135,76,160,0,94
Cœur de Bœuf,18.2,22.3,51,92,97,159,0,86
Noire de Crimée,22.3,21.2,54,112,65,144,0,81
Cerise,26.8,22.7,80,123,60,165,1,50
Noire de Crimée,21.0,23.6,41,107,96,139,0,98
Cœur de Bœuf,18.9,25.7,40,122,63,130,0,83
Cerise,25.6,20.1,86,122,90,136,0,93
Marmande,24.1,21.0,86,106,70,155,0,77
Cœur de Bœuf,23.7,22.4,67,95,76,159,1,99
Marmande,18.5,22.2,79,102,66,130,0,56
Noire de Crimée,19.4,22.5,74,110,94,144,0,86
Noire de Crimée,24.2,26.1,73,120,61,149,1,78
Cœur de Bœuf,20.1,21.9,43,110,99,151,0,68
Noire de Crimée,23.0,23.5,57,122,96,154,0,97
Marmande,23.4,24.6,51,117,96,165,0,93
Cerise,20.8,21.1,89,95,69,166,0,68
Cerise,27.5,25.5,60,97,71,156,0,69
Cerise,26.4,23.9,49,102,76,148,0,64
Cœur de Bœuf,25.2,23.0,60,123,85,148,1,73
Noire de Crimée,18.8,26.3,79,129,64,145,1,90
Marmande,19.1,21.2,64,111,64,150,0,57
Noire de Crimée,22.9,26.9,89,90,97,162,1,56
Noire de Crimée,19.6,24.0,56,102,86,160,0,68
Noire de Crimée,27.8,24.5,45,90,64,163,0,77
Cerise,19.6,26.9,53,99,67,144,1,61
Marmande,22.9,26.4,76,94,90,165,0,75
Marmande,21.6,24.4,79,109,92,155,0,84
Noire de Crimée,24.4,25.8,79,102,80,159,1,53
Cerise,19.3,22.9,57,126,94,160,0,83
Cerise,22.3,23.9,69,99,80,154,0,56
Marmande,20.7,19.6,48,92,74,133,0,76
Cerise,26.9,19.8,53,123,95,141,0,52
Cerise,18.4,26.5,85,123,61,148,0,82
Cerise,27.1,19.5,85,119,89,138,0,61
Cœur de Bœuf,26.3,20.5,56,126,87,154,0,68
Noire de Crimée,21.0,26.2,73,93,76,136,0,66
Marmande,25.9,19.0,85,123,79,156,1,67
Marmande,18.3,21.5,61,121,99,135,1,52
Cœur de Bœuf,27.7,24.3,71,110,88,164,0,62
Noire de Crimée,23.3,24.4,51,130,64,161,0,81
Marmande,21.0,26.0,55,113,84,143,0,54
Cerise,21.6,23.6,61,98,69,135,1,74
Marmande,18.7,23.6,77,130,78,147,0,71
Cerise,27.9,25.5,89,113,60,160,0,57
Cœur de Bœuf,18.4,23.5,78,114,93,145,0,65
Cerise,24.5,24.5,41,125,73,132,0,81
Marmande,22.4,27.1,84,97,84,160,1,54
Marmande,27.5,22.6,47,139,85,167,0,85
Marmande,20.5,22.5,83,130,80,146,1,74
Cœur de Bœuf,23.3,19.0,40,118,75,134,0,65
Cœur de Bœuf,22.8,24.5,80,114,69,145,0,73
Noire de Crimée,25.0,19.3,79,124,91,146,1,63
Marmande,18.7,23.5,80,127,79,160,0,62
Cerise,19.9,26.2,44,117,68,145,0,72
Cœur de Bœuf,20.1,23.9,84,108,93,150,0,74
Marmande,25.4,21.4,85,121,90,168,1,76
Marmande,19.9,26.1,75,126,78,166,1,57
Cœur de Bœuf,23.7,21.4,56,138,90,139,0,67
Noire de Crimée,20.2,25.6,80,117,89,161,1,86
Cœur de Bœuf,26.6,24.5,69,124,83,154,0,55
Cœur de Bœuf,27.4,20.5,54,97,92,162,1,55
Cerise,23.2,27.1,59,130,77,168,1,74
Cerise,21.5,20.8,75,112,80,166,1,69
Noire de Crimée,20.3,27.9,41,129,90,167,0,72
Marmande,18.5,19.1,84,135,98,167,0,66
Cœur de Bœuf,20.7,21.4,43,112,63,157,0,81
Noire de Crimée,24.5,20.8,89,121,85,144,0,65
Cerise,23.3,19.1,63,99,92,137,1,86
Cœur de Bœuf,27.4,25.6,87,106,92,130,1,69
Marmande,22.0,25.2,81,124,79,139,1,52
Cerise,24.9,26.1,41,124,67,164,0,50
Cerise,22.9,21.3,85,92,95,162,0,86
Cerise,23.1,23.0,41,125,67,145,0,84
Noire de Crimée,20.7,24.9,89,118,90,143,0,65
Marmande,22.5,23.0,40,138,81,134,0,97
Cœur de Bœuf,22.7,25.3,52,135,78,145,0,53
Noire de Crimée,25.1,24.7,45,116,79,150,0,52
Noire de Crimée,27.4,20.0,61,120,82,140,0,93
Noire de Crimée,21.3,26.0,56,123,83,136,1,66
Cerise,18.4,25.5,88,101,83,137,0,93
Marmande,23.0,24.9,61,126,95,146,0,91
Noire de Crimée,23.4,20.4,82,114,68,159,0,83
Cœur de Bœuf,19.7,21.4,45,91,99,143,0,91
Marmande,25.6,22.5,42,119,75,162,1,83
Cœur de Bœuf,27.8,21.5,85,133,86,153,0,66
Marmande,27.5,21.1,45,98,96,136,0,73
Cœur de Bœuf,20.0,26.2,56,112,72,167,0,86
Cerise,26.8,24.7,74,98,61,144,1,51
Noire de Crimée,25.0,24.1,88,109,71,154,1,63
Cœur de Bœuf,22.5,21.0,89,90,92,146,0,59
Marmande,23.4,27.3,76,128,82,162,1,64
Noire de Crimée,26.5,20.7,86,112,73,131,0,86
Noire de Crimée,22.8,26.2,74,107,98,168,1,95
Marmande,21.7,27.7,62,131,89,139,0,67
Cœur de Bœuf,22.9,25.5,47,121,93,143,0,94
Cerise,23.8,27.9,46,136,68,141,1,62
Cerise,19.9,24.9,89,98,74,146,0,84
Cœur de Bœuf,27.0,21.0,49,100,83,143,1,85
Noire de Crimée,24.7,20.8,65,90,84,139,0,86
Noire de Crimée,24.3,21.9,49,100,95,168,0,59
Noire de Crimée,19.0,19.1,58,122,91,169,0,78
Noire de Crimée,24.0,25.1,62,119,80,158,0,83
Cœur de Bœuf,19.2,21.4,70,94,98,135,1,73
Noire de Crimée,18.8,26.3,72,139,65,169,0,76
Marmande,23.3,22.2,41,90,84,160,0,58
Noire de Crimée,22.0,23.3,67,99,61,166,0,58
Cerise,23.9,27.7,71,102,90,138,1,59
Noire de Crimée,18.9,21.2,72,116,89,162,1,61
Cœur de Bœuf,22.3,25.5,48,97,74,136,0,64
Cerise,19.7,25.8,68,117,77,167,0,52
Cœur de Bœuf,27.9,21.0,54,134,91,137,0,77
Cœur de Bœuf,23.6,23.5,57,91,73,163,0,58
Cerise,24.9,22.2,57,101,77,146,0,88
Cœur de Bœuf,21.3,25.9,46,116,94,146,1,79
Cœur de Bœuf,18.9,24.6,53,102,81,159,0,72
Noire de Crimée,27.8,23.3,68,111,73,147,0,79
Marmande,20.9,26.0,89,129,97,168,0,65
Cœur de Bœuf,22.2,21.1,58,104,73,144,1,85
Cœur de Bœuf,24.5,25.8,44,120,93,149,0,79
Cœur de Bœuf,18.2,26.8,80,96,81,154,0,95
Noire de Crimée,26.1,26.9,89,128,75,143,0,86
Marmande,23.4,26.1,84,138,75,156,1,65
Cerise,20.8,22.7,44,124,75,164,0,77
Noire de Crimée,18.6,27.8,54,96,99,157,0,69
Noire de Crimée,19.6,22.4,65,101,97,135,0,63
Marmande,27.0,24.7,63,103,77,160,0,94
Marmande,24.9,20.4,58,123,82,143,0,78
Noire de Crimée,20.5,27.8,59,128,99,145,1,95
Cerise,18.7,25.3,82,137,77,165,0,86
Noire de Crimée,24.9,25.8,48,98,81,134,1,68
Marmande,23.7,19.6,67,122,99,161,0,66
Cerise,22.0,25.9,55,101,89,140,0,50
Marmande,21.6,26.0,50,123,77,151,0,78
Cerise,20.2,25.0,73,116,77,169,0,78
Cœur de Bœuf,24.7,21.6,64,111,60,157,0,73
Marmande,27.7,23.4,79,107,74,135,0,68
Marmande,19.8,20.0,60,135,64,168,0,92
Noire de Crimée,24.0,23.2,44,133,86,135,0,59
Marmande,22.2,21.2,50,107,76,149,0,85
Marmande,22.5,22.1,82,126,91,167,0,66
Cœur de Bœuf,20.5,20.5,48,96,97,133,1,66
Marmande,26.3,21.1,50,93,85,154,1,81
Cœur de Bœuf,22.9,19.7,76,134,61,142,0,65
Cœur de Bœuf,23.4,27.3,80,105,87,141,1,95
Cœur de Bœuf,21.0,23.8,40,111,82,138,0,72
Cœur de Bœuf,19.8,22.6,65,137,79,132,1,65
Cerise,18.9,23.8,49,125,95,161,1,81
Noire de Crimée,25.1,24.7,79,109,81,140,1,51
Cerise,20.0,27.3,58,120,70,134,0,89
Marmande,24.9,20.6,55,122,87,164,0,55
Cerise,21.9,21.7,84,102,81,153,1,59
Cerise,22.2,27.8,76,109,76,135,0,83
Marmande,22.7,22.3,89,130,90,147,1,79
Marmande,21.7,19.2,80,131,70,167,1,85
Marmande,19.0,20.3,43,127,95,135,1,55
Cerise,21.1,19.2,53,111,73,151,0,94
Cerise,24.6,27.9,69,128,94,143,0,82
Marmande,24.7,21.5,46,112,82,141,0,54
Noire de Crimée,20.9,27.3,51,137,88,154,1,77
Noire de Crimée,22.6,28.0,63,138,82,149,0,56
Cœur de Bœuf,19.9,24.4,78,122,95,147,0,95
Marmande,20.1,19.3,82,130,75,153,0,68
Cœur de Bœuf,18.2,19.7,61,119,98,144,0,92
Noire de Crimée,27.0,23.3,86,103,79,160,0,99
Cœur de Bœuf,20.1,22.7,69,136,84,130,0,99
Marmande,20.3,24.5,78,125,78,144,0,75
Marmande,20.8,22.9,59,97,85,163,0,87
Marmande,19.3,27.4,65,136,91,131,0,87
Cerise,24.4,23.8,88,111,80,165,1,88
Cœur de Bœuf,18.8,25.2,44,93,68,152,1,66
Noire de Crimée,19.3,27.1,79,124,78,153,0,68
Noire de Crimée,24.4,20.3,81,97,80,161,0,76
Noire de Crimée,21.4,21.1,45,123,77,142,1,86
Cerise,25.1,20.0,73,111,65,162,0,56
Cerise,23.6,20.3,44,114,94,143,0,87
Marmande,20.6,23.6,49,114,73,146,0,66
Noire de Crimée,24.5,21.9,67,129,68,145,0,78
Cerise,19.2,22.8,42,129,94,161,0,93
Marmande,23.4,27.8,52,106,61,144,1,88
Noire de Crimée,22.4,20.4,87,105,65,160,0,93
Cœur de Bœuf,20.7,23.9,86,137,94,141,0,66
Marmande,24.0,19.9,41,137,84,162,0,64
Cerise,26.7,21.9,74,128,68,132,0,65
Cerise,28.0,23.7,89,104,90,140,0,82
Marmande,24.1,27.5,86,106,66,134,0,60
Marmande,22.0,22.5,67,124,87,156,1,82
Cerise,20.3,19.6,76,122,61,145,1,81
Cœur de Bœuf,20.6,22.5,62,129,60,164,0,94
Noire de Crimée,22.8,20.3,82,128,96,169,0,77
Cœur de Bœuf,21.7,21.1,62,107,83,145,0,69
Marmande,27.1,24.6,74,119,94,145,0,98
Cœur de Bœuf,21.7,19.6,80,112,66,151,0,78
Cerise,21.7,23.2,78,126,97,133,0,65
Marmande,21.8,24.5,71,136,88,161,0,79
Noire de Crimée,26.4,22.8,41,96,60,156,1,66
Cerise,24.5,19.2,86,99,89,144,1,63
Cerise,24.1,27.9,83,105,91,148,0,73
Noire de Crimée,21.3,22.3,87,117,69,155,1,86
Noire de Crimée,26.2,26.0,55,112,93,144,0,62
Cœur de Bœuf,18.4,21.9,55,123,70,139,0,67
Marmande,26.7,23.3,42,107,96,163,0,56
Noire de Crimée,23.1,22.5,67,136,86,167,0,98
Noire de Crimée,22.0,22.1,68,112,69,155,0,60
Marmande,23.0,19.2,59,109,97,137,1,66
Noire de Crimée,24.7,22.2,75,120,81,145,1,68
Noire de Crimée,18.1,27.0,72,103,83,158,0,55
Cœur de Bœuf,26.7,25.2,61,112,67,161,0,67
Cerise,22.5,20.3,47,91,65,150,1,59
Cerise,21.4,24.3,86,118,63,161,1,50
Cerise,19.4,27.0,63,139,64,141,0,50
Cerise,22.4,25.3,76,98,65,168,1,96
Noire de Crimée,23.0,20.3,59,122,91,139,0,87
Marmande,22.0,26.8,51,137,97,135,0,76
Marmande,24.8,21.7,59,133,79,166,1,74
Cœur de Bœuf,22.2,23.1,59,101,99,147,0,75
Cœur de Bœuf,27.6,23.7,43,108,95,160,0,88
Noire de Crimée,24.0,26.7,69,131,73,164,0,59
Marmande,26.1,27.4,70,109,78,132,0,85
Marmande,19.1,27.4,61,126,70,134,0,95
Cerise,22.0,19.1,54,120,98,163,0,57
Noire de Crimée,21.4,27.3,77,124,60,162,0,82
Noire de Crimée,23.7,19.5,76,130,94,165,0,78
Cerise,26.6,21.4,67,110,78,139,0,83
Noire de Crimée,18.8,23.6,50,136,92,132,0,76
Noire de Crimée,18.7,23.3,53,135,91,140,0,91
Cœur de Bœuf,26.5,24.4,50,132,95,132,0,53
Marmande,20.1,23.3,48,102,83,157,0,98
Noire de Crimée,24.7,27.4,63,128,66,157,0,97
Cœur de Bœuf,23.4,21.2,49,116,66,138,0,54
Marmande,26.3,21.5,77,114,64,155,1,91
Cerise,19.3,27.3,82,91,73,158,0,60
Cœur de Bœuf,19.3,19.7,80,124,85,139,1,50
Cœur de Bœuf,23.6,24.5,76,97,60,156,0,62
Marmande,27.5,25.1,81,122,72,161,0,69
Cerise,22.1,23.5,71,114,82,147,0,83
Cœur de Bœuf,21.3,25.2,59,110,79,147,0,82
Noire de Crimée,24.1,20.6,53,125,66,151,0,63
Noire de Crimée,27.3,26.7,77,102,65,146,0,61
Noire de Crimée,26.4,20.3,43,135,68,154,1,60
Cerise,28.0,22.6,63,98,87,155,0,50
Cœur de Bœuf,18.2,19.7,71,124,69,134,1,95
Noire de Crimée,19.1,23.9,49,135,94,138,0,57
Cerise,24.1,25.0,82,125,66,153,1,67
Noire de Crimée,26.2,27.5,55,138,84,136,1,54
Marmande,20.9,25.7,78,136,89,149,0,80
Cœur de Bœuf,20.4,23.9,71,133,85,137,0,52
Cœur de Bœuf,25.9,27.4,57,135,71,148,0,71
Cerise,18.6,23.3,64,99,72,164,0,55
Cerise,21.7,24.1,46,94,99,154,1,73
Cœur de Bœuf,23.1,24.4,86,120,63,146,0,76
Noire de Crimée,23.6,22.7,57,113,60,168,1,70
Noire de Crimée,25.3,26.5,86,121,65,154,0,86
Marmande,21.5,20.7,57,138,61,164,0,83
Noire de Crimée,24.1,24.0,42,138,86,168,0,84
Cerise,23.9,25.5,40,92,77,168,0,85
Cerise,23.5,27.1,72,105,88,131,0,75
Noire de Crimée,24.4,27.0,46,130,92,145,0,50
Cerise,20.6,23.6,49,138,62,143,1,97
Cœur de Bœuf,18.8,24.8,83,109,79,158,0,68
Cœur de Bœuf,19.2,22.5,47,133,63,168,0,75
Noire de Crimée,20.2,23.2,71,113,77,131,0,72
Cœur de Bœuf,23.0,27.2,62,123,67,139,0,89
Cœur de Bœuf,26.4,27.4,56,137,81,131,0,83
Marmande,25.0,27.1,53,112,81,156,0,76
Marmande,25.9,20.2,56,127,78,142,0,52
Cœur de Bœuf,21.5,26.7,64,91,87,131,0,95
Noire de Crimée,22.0,27.5,60,130,61,143,0,88
Marmande,21.9,22.3,45,94,68,146,0,62
Cerise,19.9,23.7,59,107,94,167,0,88
Cerise,18.6,26.0,88,139,81,165,1,65
Cerise,23.9,24.1,59,118,85,163,0,52
Noire de Crimée,27.9,27.9,65,99,93,158,0,75
Cœur de Bœuf,19.7,23.1,71,131,66,152,0,54
Cerise,18.5,25.4,47,131,89,152,0,52
Noire de Crimée,25.8,26.1,84,139,84,145,0,77
Marmande,20.5,23.4,87,105,68,136,0,96
Cœur de Bœuf,26.3,26.7,83,112,86,130,1,92
Marmande,25.0,23.9,68,119,60,148,0,79
Noire de Crimée,27.5,22.7,56,95,92,162,0,72
Cerise,22.1,20.0,57,133,67,163,1,67
Cerise,24.6,22.5,79,125,91,130,0,54
Noire de Crimée,22.6,25.6,57,109,99,141,1,71
Cerise,24.3,27.3,50,105,78,154,1,94
Cœur de Bœuf,22.5,21.3,84,117,95,152,0,50
Noire de Crimée,19.9,22.2,51,115,81,154,0,76
Marmande,23.1,20.4,54,111,98,160,1,63
Noire de Crimée,23.3,25.2,65,100,85,153,0,90
Cœur de Bœuf,26.1,27.6,42,90,62,139,0,58
Cœur de Bœuf,25.4,24.8,42,94,68,131,1,53
Noire de Crimée,24.6,24.6,77,138,94,162,0,74
Noire de Crimée,19.1,24.0,74,132,66,166,0,80
Cerise,25.2,19.8,48,135,74,152,0,81
Cœur de Bœuf,23.0,25.6,82,130,63,131,0,51
Noire de Crimée,26.9,24.4,79,131,96,133,1,97
Noire de Crimée,27.2,25.0,43,125,87,152,0,86
Cœur de Bœuf,18.6,27.1,59,91,68,167,1,99
Noire de Crimée,26.2,26.1,54,95,94,152,0,51
Cerise,18.4,26.0,68,116,84,141,0,63
Cœur de Bœuf,21.7,27.3,44,115,68,153,0,64
Cerise,23.4,27.9,78,124,92,158,0,74
Cerise,19.5,24.2,79,102,76,157,0,59
Cerise,25.5,20.0,46,101,71,144,0,77
Cerise,18.1,23.1,47,107,68,139,0,97
Cœur de Bœuf,19.7,26.1,71,127,64,163,1,57
Cerise,23.8,19.2,75,131,85,158,0,63
Cerise,25.1,19.5,72,95,78,160,0,69
Noire de Crimée,27.2,19.6,76,117,94,152,1,91
Cœur de Bœuf,25.1,25.6,71,117,61,147,1,62
Cœur de Bœuf,24.7,23.5,82,114,66,136,1,68
Marmande,21.9,22.3,75,94,68,156,0,83
Cœur de Bœuf,18.0,20.0,73,104,81,138,0,75
Cœur de Bœuf,19.2,25.6,88,136,92,149,0,86
Marmande,23.3,21.9,64,133,75,150,0,95
Cœur de Bœuf,24.8,21.4,83,98,83,157,0,73
Cœur de Bœuf,22.2,24.9,71,134,67,132,0,70
Cœur de Bœuf,25.3,24.0,41,137,89,139,0,73
Cœur de Bœuf,23.2,22.3,48,91,85,146,1,57
Marmande,18.7,24.8,77,138,94,164,0,82
Cœur de Bœuf,19.9,21.4,68,98,76,150,0,54
Cœur de Bœuf,26.4,26.2,77,115,97,138,1,74
Marmande,25.2,21.1,57,112,69,146,1,92
Noire de Crimée,26.9,20.4,61,117,76,161,0,89
Cerise,19.2,26.0,74,95,66,167,0,66
Noire de Crimée,27.9,25.4,54,93,61,157,0,74
Marmande,20.1,20.6,46,119,70,147,0,91
Cerise,18.1,20.0,52,136,62,135,0,95
Marmande,28.0,26.5,81,107,79,135,1,82
Marmande,20.8,26.0,75,119,72,146,0,54
Cœur de Bœuf,24.7,21.9,55,116,82,139,1,64
Cerise,19.8,24.9,80,133,76,131,0,91
Cœur de Bœuf,23.8,20.1,60,120,88,162,0,64
Cerise,27.0,23.6,67,133,98,154,1,50
Marmande,21.2,19.2,49,138,91,167,0,92
Marmande,24.7,22.5,58,128,94,130,0,67
Noire de Crimée,19.9,19.7,56,119,94,145,0,55
Cerise,24.2,23.3,40,126,93,155,0,83
Cœur de Bœuf,21.4,22.8,52,101,80,141,0,51
Noire de Crimée,20.1,23.0,75,106,75,138,0,66
Noire de Crimée,21.1,19.4,86,123,82,142,0,54
Noire de Crimée,19.8,22.3,81,117,70,136,0,69
Cœur de Bœuf,27.0,25.8,59,93,73,130,1,63
Noire de Crimée,22.0,22.3,80,123,62,160,0,61
Cœur de Bœuf,20.5,25.4,79,135,66,164,1,53
Noire de Crimée,22.5,22.3,45,103,99,153,0,90
Cœur de Bœuf,21.2,22.8,62,102,70,132,0,99
Marmande,25.4,24.1,81,138,92,148,1,59
Marmande,27.7,27.6,63,138,78,133,0,88
Marmande,22.4,20.0,88,139,82,157,0,79
Marmande,26.6,19.3,44,92,82,159,0,86
Marmande,23.7,24.5,71,110,88,165,0,96
Noire de Crimée,19.6,27.5,85,105,65,133,1,75
Noire de Crimée,24.9,27.9,56,127,98,152,1,94
Noire de Crimée,23.1,23.4,50,115,64,140,1,95
Cœur de Bœuf,24.5,23.2,66,95,91,133,0,53
Cœur de Bœuf,26.9,24.8,43,107,99,140,0,55
Cœur de Bœuf,22.4,24.0,62,130,85,153,1,64
Cœur de Bœuf,27.0,24.7,62,139,73,149,0,94
Marmande,25.5,26.9,88,95,77,146,0,94
Marmande,22.9,25.7,73,130,80,142,1,67
Marmande,24.0,23.5,60,139,84,146,0,66
Cerise,21.3,23.2,61,114,79,144,0,82
Noire de Crimée,27.8,24.8,40,137,83,133,0,85
Cœur de Bœuf,24.7,23.1,71,113,62,147,0,92
Cœur de Bœuf,18.4,23.1,67,119,81,138,0,74
Marmande,21.3,19.1,57,112,67,132,0,77
Cœur de Bœuf,24.2,20.6,46,134,88,156,0,62
Cœur de Bœuf,18.6,23.4,77,132,66,147,0,81
Noire de Crimée,18.2,26.4,45,97,65,146,1,97
Marmande,22.5,21.5,53,138,65,139,1,68
Noire de Crimée,21.3,23.7,69,98,71,166,1,80
Cerise,22.4,22.1,83,95,81,158,1,64
Cerise,20.6,19.9,85,122,85,134,0,93
Cerise,19.6,27.6,53,122,84,135,0,72
Marmande,24.9,26.7,83,134,78,169,0,89
Cœur de Bœuf,23.1,19.7,80,96,95,164,0,76
Marmande,20.0,25.5,48,131,94,134,1,50
Marmande,21.2,22.1,70,107,72,144,0,71
Cœur de Bœuf,23.9,28.0,41,95,84,156,1,57
Noire de Crimée,18.7,21.7,57,134,91,168,0,54
Cerise,19.5,21.1,44,126,89,162,0,73
Noire de Crimée,18.7,24.1,65,110,80,153,1,82
Cerise,26.1,26.5,62,115,99,150,0,61
Marmande,25.5,20.7,51,104,67,131,0,53
Cerise,25.5,25.4,53,133,66,148,0,64
Marmande,25.2,19.6,52,119,62,147,0,58
Noire de Crimée,24.7,27.3,74,100,96,139,1,91
Marmande,22.8,19.7,86,97,62,166,0,62
Noire de Crimée,24.4,27.2,54,94,77,152,1,59
Cœur de Bœuf,18.4,23.4,74,97,68,130,0,91
Cœur de Bœuf,24.2,23.0,58,94,83,135,0,63
Cœur de Bœuf,25.8,27.8,54,99,66,130,0,50
Marmande,23.0,27.9,47,104,92,147,1,76
Cœur de Bœuf,21.6,24.9,62,127,84,156,1,71
Cerise,20.8,20.1,52,139,93,169,0,71
Noire de Crimée,24.4,23.6,62,92,97,167,1,75
Noire de Crimée,24.9,23.8,70,130,80,146,0,73
Cerise,26.7,23.6,69,99,97,155,0,79
Marmande,21.4,24.1,81,96,99,142,1,89
Marmande,25.7,19.2,41,113,77,139,1,66
Noire de Crimée,23.6,25.4,50,115,98,167,0,72
Cœur de Bœuf,26.8,25.4,64,123,92,155,0,59
Marmande,23.3,20.0,68,97,87,160,1,82
Marmande,23.2,24.1,61,128,84,152,0,57
Cerise,23.8,24.1,58,94,73,149,1,54
Cerise,25.5,25.1,48,125,79,152,0,83
Cœur de Bœuf,27.6,19.8,80,132,98,156,0,76
Marmande,18.7,24.6,77,115,79,144,0,80
Marmande,18.5,21.5,68,99,66,167,0,74
Cerise,27.4,23.6,49,122,63,140,0,51
Marmande,23.3,26.0,61,125,90,137,0,69
Noire de Crimée,24.1,25.4,63,120,89,143,0,92
Cerise,22.8,20.1,47,127,96,142,0,52
Cœur de Bœuf,18.9,24.3,86,139,80,151,0,90
Cerise,25.7,27.7,45,114,60,163,0,89
Marmande,25.5,20.4,46,134,62,130,0,87
Cœur de Bœuf,21.1,26.7,59,102,72,166,0,95
Cerise,21.1,25.3,56,90,66,161,0,89
Noire de Crimée,26.4,26.0,75,125,65,140,1,64
Noire de Crimée,18.7,21.5,47,125,65,139,1,76
Cerise,26.8,21.6,52,139,93,159,0,73
Noire de Crimée,20.6,27.2,63,113,91,141,0,84
Noire de Crimée,23.9,22.2,85,116,75,163,0,72
Noire de Crimée,27.4,19.6,89,107,97,154,1,57
Cœur de Bœuf,24.8,24.4,70,139,67,165,1,71
Noire de Crimée,22.1,20.1,62,136,80,133,0,65
Noire de Crimée,24.9,26.2,56,139,70,150,0,55
Noire de Crimée,21.4,24.8,89,104,82,159,0,88
Cœur de Bœuf,20.8,26.9,85,106,65,167,0,94
Cerise,28.0,26.1,63,118,74,141,0,78
Marmande,25.5,20.0,82,94,70,168,0,75
Noire de Crimée,24.4,22.4,49,100,86,154,0,58
Cerise,21.6,26.0,70,105,74,148,0,68
Noire de Crimée,18.5,22.8,84,123,97,131,1,56
Cœur de Bœuf,18.3,27.8,59,106,63,151,0,97
Cerise,23.5,25.6,55,122,73,159,0,74
Cœur de Bœuf,25.6,19.1,53,139,69,165,0,73
Noire de Crimée,23.4,26.9,42,138,88,132,0,88
Noire de Crimée,26.4,19.9,69,120,71,152,1,96
Cœur de Bœuf,18.3,20.3,57,107,99,133,0,86
Marmande,21.7,25.6,45,114,79,157,0,83
Cœur de Bœuf,20.4,26.8,59,94,96,143,0,78
Noire de Crimée,22.5,23.8,74,119,61,135,0,83
Cœur de Bœuf,18.7,21.6,58,134,79,135,0,69
Marmande,27.5,22.2,65,112,71,166,0,54
Cœur de Bœuf,20.2,22.1,74,127,97,136,1,93
Marmande,27.2,21.9,51,134,89,142,1,85
Marmande,22.3,21.2,47,107,77,130,0,79
Cœur de Bœuf,27.9,24.5,76,121,69,153,0,99
Cœur de Bœuf,23.5,27.1,88,119,66,163,0,69
Cerise,27.3,21.8,49,118,64,139,1,60
Noire de Crimée,18.1,20.7,60,125,88,135,0,70
Marmande,25.5,26.5,88,98,94,133,0,69
Cerise,27.0,25.7,80,112,98,137,0,55
Cœur de Bœuf,19.4,27.4,84,92,71,144,1,94
Noire de Crimée,19.0,20.5,81,111,69,141,1,75
Cerise,22.2,20.3,68,129,96,168,0,72
Marmande,27.3,23.9,70,134,61,135,0,54
Cerise,23.4,24.5,79,120,62,150,1,74
Marmande,23.3,23.3,46,111,73,161,0,78
Cœur de Bœuf,19.4,24.4,73,100,79,161,0,53
Noire de Crimée,18.0,20.6,73,131,63,156,0,76
Noire de Crimée,26.1,23.3,69,132,85,140,0,59
Noire de Crimée,18.9,24.9,43,92,74,151,0,83
Cœur de Bœuf,24.3,22.9,80,103,68,165,0,76
Marmande,27.1,25.1,69,135,62,152,1,57
Cœur de Bœuf,20.1,23.1,64,108,61,166,0,84
Noire de Crimée,24.7,22.0,53,120,98,152,0,77
Cœur de Bœuf,18.8,21.7,63,125,89,156,0,58
Cœur de Bœuf,24.0,22.7,82,121,96,163,0,83
Cœur de Bœuf,19.6,19.2,70,115,76,149,0,79
Marmande,25.4,25.0,78,90,62,144,0,66
Cerise,21.0,26.6,67,91,68,133,1,82
Cerise,22.6,22.2,64,95,67,158,0,78
Cœur de Bœuf,24.0,19.4,58,134,68,169,0,98
Cerise,19.7,27.9,43,103,76,140,0,86
Cerise,25.4,21.4,73,117,83,136,1,62
Cœur de Bœuf,21.0,20.1,71,122,67,140,1,78
Cœur de Bœuf,24.6,22.3,64,114,73,162,1,89
Noire de Crimée,19.6,25.6,61,129,75,159,0,88
Cerise,24.9,21.6,67,107,77,161,0,63
Marmande,19.3,24.2,57,135,83,169,0,57
Cœur de Bœuf,22.3,22.7,46,123,98,166,1,81
Noire de Crimée,20.5,20.1,50,101,86,142,0,60
Marmande,25.5,22.0,81,116,87,136,1,84
Cerise,20.6,25.5,50,113,66,153,0,54
Noire de Crimée,26.8,24.5,48,122,93,140,1,99
Cœur de Bœuf,26.9,20.1,74,104,86,160,0,86
Marmande,20.0,20.5,76,132,93,143,1,94
Cœur de Bœuf,24.1,24.8,62,121,98,155,0,54
Cerise,18.9,26.3,72,139,78,130,0,51
Marmande,21.9,22.1,40,106,65,135,0,75
Cerise,25.1,24.4,59,124,89,160,0,79
Cerise,24.6,20.5,44,136,87,141,1,62
Noire de Crimée,24.2,21.8,68,134,71,130,0,87
Cœur de Bœuf,20.8,19.2,65,124,74,135,0,98
Marmande,21.8,25.9,77,102,98,158,0,89
Cerise,19.0,22.6,42,98,98,159,1,76
Cerise,25.2,26.3,60,99,74,142,0,66
Marmande,23.0,25.4,52,90,95,159,0,64
Cerise,25.1,26.5,70,123,62,141,1,82
Noire de Crimée,20.5,21.6,56,135,60,139,1,79
Noire de Crimée,21.2,20.7,74,126,66,168,1,81
Noire de Crimée,21.3,27.7,62,114,68,139,1,99
Noire de Crimée,18.3,25.5,42,111,60,147,0,56
Cerise,21.4,26.5,84,99,64,135,0,88
Marmande,26.0,19.1,41,115,95,137,0,65
Marmande,27.0,22.2,42,108,69,149,0,60
Marmande,23.2,25.7,59,129,61,145,0,86
Marmande,22.6,19.7,87,134,82,131,0,63
Cœur de Bœuf,18.3,24.1,83,130,98,140,0,72
Marmande,26.8,22.9,48,139,88,153,0,80
Cœur de Bœuf,18.1,19.2,87,93,78,148,1,77
Cœur de Bœuf,27.4,21.1,43,129,97,133,0,91
Noire de Crimée,22.9,21.6,64,94,79,132,1,54
Cœur de Bœuf,21.4,20.0,89,118,71,144,1,73
Cerise,27.2,24.7,40,127,70,169,0,67
Cœur de Bœuf,18.2,21.2,78,94,94,133,0,53
Noire de Crimée,23.8,21.5,51,90,66,146,0,72
Cœur de Bœuf,23.5,27.1,79,117,82,138,0,58
Cerise,20.2,23.2,79,108,76,154,0,60
Cerise,22.3,22.5,63,125,61,130,0,84
Cerise,24.5,25.5,48,90,64,169,0,60
Noire de Crimée,25.3,27.2,85,118,80,131,0,56
Noire de Crimée,18.0,19.2,59,125,72,162,0,66
Marmande,27.4,23.0,44,121,70,151,0,67
Noire de Crimée,19.6,24.5,59,103,83,141,1,75
Cerise,20.3,21.9,60,121,92,156,1,96
Cerise,20.6,26.0,41,135,86,140,1,98
Noire de Crimée,18.4,27.7,60,98,94,143,1,75
Cœur de Bœuf,19.2,27.5,81,108,77,143,0,66
Noire de Crimée,27.9,21.4,63,100,80,169,0,59
Noire de Crimée,21.2,21.0,48,137,63,151,0,79
Cerise,19.2,27.6,78,93,91,138,1,64
Marmande,19.1,23.1,69,130,70,144,0,97
Cerise,25.2,20.9,57,114,62,162,0,96
Marmande,26.5,25.4,83,106,80,148,1,75
Cerise,20.6,21.6,82,136,73,160,1,90
Noire de Crimée,18.2,21.4,49,97,65,147,0,77
Cerise,20.2,26.9,84,134,88,141,0,68
Cerise,18.6,20.5,80,90,90,169,0,50
Cerise,19.0,19.6,87,91,87,166,0,83
Noire de Crimée,22.3,21.4,60,99,95,130,1,87
Noire de Crimée,20.3,24.5,61,116,87,163,1,73
Noire de Crimée,23.2,20.1,56,116,78,136,0,90
Noire de Crimée,20.5,23.2,44,102,62,131,0,73
Marmande,27.4,24.6,45,100,71,151,1,67
Marmande,27.1,26.6,49,103,95,133,1,50
Cœur de Bœuf,23.7,21.1,82,121,83,149,0,59
Noire de Crimée,21.5,26.4,41,105,71,132,0,53
Marmande,21.8,21.1,46,118,83,138,0,63
Cerise,22.1,25.1,85,127,60,147,0,70
Noire de Crimée,25.3,22.9,43,123,87,145,1,75
Cœur de Bœuf,22.5,20.0,76,115,75,138,1,87
Cœur de Bœuf,26.6,25.4,58,94,80,148,0,54
Cœur de Bœuf,27.4,21.0,67,108,89,135,0,64
Cerise,21.4,20.6,59,128,93,144,1,73
Marmande,23.6,22.2,69,117,85,135,0,59
Cerise,19.0,24.9,81,117,94,134,1,84
Noire de Crimée,20.0,21.1,77,106,90,158,0,66
Cœur de Bœuf,22.1,20.7,41,126,75,156,0,81
Cerise,20.1,19.1,42,133,88,155,0,58
Cerise,26.8,23.2,86,108,88,157,1,80
Marmande,19.6,22.9,81,116,68,161,0,90
Marmande,22.6,21.1,88,139,73,154,0,64
Cœur de Bœuf,24.1,19.5,78,101,67,136,1,99
Cerise,24.9,22.9,64,92,61,159,1,52
Cerise,21.8,26.1,41,93,70,160,0,89
Marmande,26.7,25.4,78,136,61,141,0,84
Cerise,23.7,26.7,54,136,77,138,0,62
Cerise,22.4,19.1,42,100,64,163,0,71
Cerise,18.7,27.7,44,123,66,132,1,97
Marmande,22.6,22.1,79,107,82,166,1,56
Cœur de Bœuf,26.2,27.9,75,124,78,157,0,69
Noire de Crimée,24.1,21.3,89,107,78,151,1,86
Cœur de Bœuf,26.3,23.2,79,135,78,155,0,75
Noire de Crimée,22.9,22.2,77,95,99,148,0,68
Cerise,19.2,22.2,76,123,87,150,0,79
Cœur de Bœuf,18.1,26.6,66,122,70,166,1,83
Noire de Crimée,21.0,25.7,44,97,70,139,0,84
Marmande,25.0,27.9,56,131,68,145,0,77
Marmande,25.9,24.5,77,109,73,153,0,84
Cœur de Bœuf,21.0,23.2,84,139,93,154,1,83
Cœur de Bœuf,23.0,19.8,80,109,88,155,1,97
Cerise,22.2,28.0,51,132,80,130,0,98
Cœur de Bœuf,22.1,24.0,81,107,64,133,0,65
Cerise,20.3,25.3,70,116,92,166,1,97
Cerise,19.4,22.7,72,137,68,143,1,81
Marmande,20.0,23.9,82,94,62,153,1,66
Marmande,18.6,27.5,68,96,73,156,1,73
Noire de Crimée,20.0,20.5,77,111,77,156,0,54
Marmande,18.1,21.6,42,123,71,153,1,61
Marmande,24.3,20.4,77,132,82,169,1,71
Cœur de Bœuf,21.2,26.1,80,102,73,130,1,61
Marmande,27.7,19.6,79,121,75,168,0,78
Noire de Crimée,19.9,19.7,69,113,96,142,1,88
Cœur de Bœuf,21.5,21.7,86,105,79,149,1,88
Noire de Crimée,21.6,23.6,61,103,79,167,1,85
Marmande,18.1,22.7,77,128,74,165,0,55
Noire de Crimée,26.4,19.4,71,96,84,141,0,97
Cœur de Bœuf,18.3,27.6,82,133,76,134,0,57
Cerise,27.4,27.6,49,101,71,134,1,55
Noire de Crimée,26.9,21.5,71,109,98,146,0,79
Noire de Crimée,23.4,25.6,82,122,66,167,0,68
Cœur de Bœuf,23.4,24.2,43,95,67,139,0,79
Cœur de Bœuf,24.5,21.1,68,129,83,145,1,74
Noire de Crimée,21.9,21.4,84,116,84,153,0,59
Marmande,24.5,23.4,47,102,80,158,1,97
Noire de Crimée,18.4,22.8,59,94,92,143,0,51
Cœur de Bœuf,18.5,21.6,86,113,69,139,1,95
Cerise,22.6,26.3,46,99,81,158,1,92
Cerise,23.5,23.3,40,135,78,157,1,73
Marmande,26.9,24.9,64,121,88,146,0,77
Noire de Crimée,19.0,20.7,65,98,62,134,0,83
Cerise,26.2,23.8,48,138,98,131,0,52
Noire de Crimée,20.1,21.9,62,124,63,165,0,75
Cœur de Bœuf,21.9,23.7,79,133,96,169,1,71
Cerise,21.2,26.0,41,101,90,168,0,81
Marmande,22.0,25.9,65,100,65,138,0,92
Cœur de Bœuf,19.5,22.2,53,125,87,165,0,85
Marmande,23.0,25.2,83,97,69,134,1,63
Cœur de Bœuf,26.0,27.5,70,99,71,144,0,86
Cerise,22.4,24.6,65,103,61,138,0,52
Marmande,22.9,20.3,88,119,62,154,0,77
Marmande,26.5,25.1,58,90,60,157,0,75
Cœur de Bœuf,25.1,19.9,77,101,94,156,0,89
Marmande,22.9,26.8,44,94,83,162,0,59
Cœur de Bœuf,20.6,23.6,45,103,93,162,0,93
Cœur de Bœuf,26.8,22.5,74,125,79,167,0,75
Cœur de Bœuf,23.8,19.5,55,106,75,137,1,89
Cœur de Bœuf,20.2,22.4,70,111,89,133,1,72
Cerise,20.7,27.1,57,120,98,165,0,56
Cœur de Bœuf,26.0,19.2,53,115,84,160,0,83
Noire de Crimée,18.4,23.3,64,102,64,139,0,61
Marmande,27.9,27.4,54,92,88,137,0,71
Noire de Crimée,19.3,22.6,65,132,96,159,0,60
Cerise,26.0,22.9,75,100,87,143,0,58
Noire de Crimée,21.9,24.2,50,94,82,164,0,54
Marmande,22.9,23.2,76,127,91,132,0,55
Noire de Crimée,26.8,20.5,80,93,77,158,1,56
Cerise,22.1,19.2,76,121,94,145,0,95
Cœur de Bœuf,23.4,24.5,46,99,83,139,0,67
Noire de Crimée,18.5,27.3,57,99,87,133,1,64
Cerise,18.0,20.0,89,133,95,133,1,50
Cerise,20.4,20.9,59,107,80,131,0,97
Marmande,24.8,22.3,41,136,64,140,0,64
Marmande,19.2,26.3,65,112,85,144,0,58
Noire de Crimée,19.1,21.4,62,107,82,140,0,56
Cœur de Bœuf,22.1,26.9,71,124,92,152,1,93
Cerise,24.5,19.5,52,92,85,167,0,58
Noire de Crimée,25.1,27.5,52,90,81,159,1,93
Cerise,19.8,24.0,56,106,79,130,1,60
Cerise,18.8,24.9,64,131,61,162,0,52
Cœur de Bœuf,27.4,22.3,61,95,77,166,0,62
Cœur de Bœuf,20.6,26.0,66,100,64,152,0,54
Noire de Crimée,26.5,20.5,56,103,91,147,1,81
Cœur de Bœuf,26.6,19.4,65,138,70,139,0,71
Cœur de Bœuf,25.7,22.6,77,117,80,146,1,99
Noire de Crimée,19.7,26.7,53,128,81,136,1,92
Cœur de Bœuf,26.2,25.8,53,125,62,144,0,75
Marmande,25.7,23.7,51,100,68,156,0,52
Cerise,24.0,24.1,44,130,61,138,0,90
Cerise,21.4,20.2,76,129,87,150,0,57
Cerise,20.6,26.6,43,93,93,166,0,73
Cerise,19.2,26.1,68,137,69,158,0,89
Noire de Crimée,23.1,24.9,64,95,78,162,0,62
Cerise,23.9,23.2,84,127,88,135,0,60
Cerise,21.6,27.7,43,108,61,154,0,87
Cerise,22.8,26.9,89,120,65,164,1,94
Cerise,21.6,24.8,55,91,66,146,0,92
Marmande,24.4,22.3,89,132,95,156,0,63
Cerise,27.0,24.6,41,114,67,169,1,95
Marmande,19.6,24.2,62,139,78,154,0,54
Noire de Crimée,21.8,22.5,43,130,69,141,0,96
Cœur de Bœuf,19.4,21.8,59,137,92,166,1,62
Cerise,24.2,22.7,56,100,96,169,0,73
Cœur de Bœuf,25.3,24.2,45,135,97,167,0,65
Cœur de Bœuf,27.3,22.9,57,129,86,154,0,78
Noire de Crimée,20.8,21.4,59,134,88,131,1,68
Cœur de Bœuf,27.5,25.8,78,131,78,130,1,66
Marmande,18.6,23.8,84,133,77,132,1,80
Cœur de Bœuf,24.0,19.6,80,110,82,158,1,97
Cœur de Bœuf,18.6,22.3,73,92,60,143,0,78
Cœur de Bœuf,26.9,27.0,79,91,62,163,1,81
Cerise,23.3,25.8,85,100,69,151,0,95
Cerise,24.7,21.9,63,113,66,165,1,66
Marmande,26.3,27.4,57,139,85,144,1,56
Marmande,19.5,19.7,69,113,75,166,1,87
Cerise,18.4,27.7,40,110,98,139,1,54
Marmande,26.8,21.2,62,114,91,138,0,73
Cerise,21.1,19.1,68,93,71,164,0,82
Noire de Crimée,19.3,22.9,80,129,67,146,1,97
Cœur de Bœuf,22.7,22.2,80,132,67,147,1,72
Cœur de Bœuf,24.0,23.9,71,136,70,154,0,63
Marmande,18.3,26.2,41,112,92,164,0,83
Cerise,20.7,26.6,87,113,84,145,0,53
Cerise,18.3,22.6,75,110,76,154,1,50
Marmande,22.2,22.9,84,91,90,145,0,51
Cerise,27.0,20.3,56,112,78,153,0,78
Noire de Crimée,27.8,19.4,82,104,74,141,0,58
Cœur de Bœuf,24.4,24.8,41,115,94,164,0,77
Marmande,19.6,19.6,43,115,98,138,1,82
Marmande,27.1,25.6,83,117,61,166,0,72
Cerise,23.2,23.9,73,115,93,161,1,69
Marmande,19.5,20.8,40,134,84,148,0,80
Noire de Crimée,27.2,23.9,62,91,97,151,0,97
Cerise,25.6,20.6,45,124,63,163,0,95
Cerise,25.3,22.9,55,121,75,148,1,94
Cerise,25.1,26.2,41,119,91,141,0,75
Cerise,20.0,23.2,85,135,74,147,1,80
Noire de Crimée,20.1,20.3,51,109,73,134,0,81
Cerise,24.9,25.5,66,102,74,155,1,96
Marmande,20.2,20.7,58,116,66,156,1,99
Noire de Crimée,22.4,25.6,67,112,66,149,0,84
Cœur de Bœuf,25.8,23.3,74,105,67,137,0,64
Cœur de Bœuf,25.8,23.1,82,120,78,145,0,64
Marmande,22.5,26.7,43,101,77,131,0,86
Marmande,25.9,25.4,88,122,76,130,0,94
Noire de Crimée,26.4,19.3,88,127,77,134,0,74
Cœur de Bœuf,24.5,21.7,46,134,78,160,0,69
Cœur de Bœuf,20.3,26.8,76,121,99,152,0,97
Cœur de Bœuf,20.7,19.2,64,91,72,150,1,71
Cœur de Bœuf,21.1,23.9,80,139,70,141,1,69
Cœur de Bœuf,19.2,25.6,56,138,66,133,0,64
Cerise,20.7,24.6,80,112,86,166,0,79
Marmande,20.1,25.8,53,121,96,140,0,63
Cerise,22.6,25.5,76,104,64,169,0,90
Cœur de Bœuf,27.1,25.2,41,129,67,138,1,70
Noire de Crimée,19.0,26.4,63,130,69,155,0,99
Noire de Crimée,25.2,24.8,54,129,96,168,0,66
Cœur de Bœuf,24.9,22.6,87,97,85,156,0,54
Cœur de Bœuf,19.0,23.2,72,132,74,158,0,64
Noire de Crimée,27.2,25.5,51,139,75,154,0,92
Cerise,23.7,26.9,58,138,88,147,0,76
Cerise,21.6,21.4,86,111,87,159,0,93
Cœur de Bœuf,25.6,22.1,44,127,69,137,0,88
Cerise,20.6,27.4,40,123,99,131,0,69
Noire de Crimée,24.9,24.2,82,90,63,151,0,90
Cerise,18.4,20.6,48,99,99,150,0,84
Cœur de Bœuf,26.4,25.0,78,129,73,168,1,66
Noire de Crimée,22.5,27.9,73,105,92,155,0,58
Cerise,24.4,26.4,68,113,77,158,0,92
Marmande,20.2,25.7,88,135,71,134,0,95
Noire de Crimée,24.8,20.9,87,113,69,143,0,91
Noire de Crimée,25.7,26.9,87,137,80,164,0,53
Marmande,22.7,23.7,85,103,92,135,0,65
Marmande,24.2,27.0,41,115,73,152,0,65
Noire de Crimée,22.6,22.0,58,128,68,146,0,78
Marmande,26.9,19.6,67,107,85,153,0,93
Cœur de Bœuf,23.0,23.3,74,109,74,169,0,81
Cœur de Bœuf,26.4,21.4,79,130,80,158,1,81
Cœur de Bœuf,26.0,25.4,87,125,81,159,1,87
Noire de Crimée,22.1,27.6,61,113,64,153,0,88
Marmande,20.3,25.2,43,115,75,164,1,89
Marmande,22.1,27.0,47,118,94,166,0,87
Cerise,26.3,23.1,40,137,64,131,0,88
Cerise,20.3,25.9,75,111,85,150,0,90
Marmande,23.2,26.6,46,100,85,169,0,65
Marmande,26.1,25.4,64,130,64,134,0,94
Marmande,21.5,23.6,68,138,95,164,0,64
Noire de Crimée,24.4,24.6,40,100,83,164,0,67
Marmande,20.5,25.3,57,92,74,148,1,53
Cerise,19.1,21.3,43,110,89,145,1,86
Noire de Crimée,25.9,26.3,59,100,64,154,1,89
Marmande,19.0,27.6,85,97,99,145,1,53
Cerise,20.7,23.2,47,120,81,160,1,66
Noire de Crimée,26.6,25.3,66,99,92,162,0,66
Marmande,21.5,25.6,89,95,64,146,0,83
Marmande,27.7,25.0,78,106,91,150,1,97
Marmande,27.8,23.9,74,127,82,164,0,68
Noire de Crimée,20.7,26.9,64,96,69,152,1,71
Cerise,18.4,23.0,53,121,95,145,0,88
Cerise,25.1,19.5,83,102,76,167,0,92
Cœur de Bœuf,22.5,26.6,86,95,86,143,1,50
Marmande,19.0,25.1,79,92,67,169,0,67
Cœur de Bœuf,25.1,26.6,70,116,99,162,0,88
Cœur de Bœuf,18.3,20.2,44,134,65,150,1,77
Cerise,26.7,19.3,56,131,66,146,0,62
Noire de Crimée,19.4,27.4,49,115,85,133,0,84
Noire de Crimée,19.3,20.3,82,93,76,145,1,58
Cerise,19.8,26.3,55,126,96,159,0,66
Noire de Crimée,27.6,26.4,87,110,82,163,0,83
Cœur de Bœuf,24.9,25.4,43,117,86,151,1,64
Marmande,26.0,20.2,44,107,99,158,0,58
Cerise,22.0,25.0,81,121,78,134,0,88
Marmande,21.4,27.0,85,128,86,130,0,68
Noire de Crimée,20.3,22.8,80,122,84,169,0,60
Marmande,22.8,22.7,89,115,99,154,0,73
Noire de Crimée,23.5,23.0,59,106,84,135,0,70
Noire de Crimée,24.3,19.7,45,118,80,152,0,67
Cœur de Bœuf,20.6,27.0,50,109,84,162,0,75
Noire de Crimée,27.5,26.8,56,119,66,143,1,98
Cœur de Bœuf,19.7,28.0,80,139,94,165,1,53
Cœur de Bœuf,27.7,24.3,42,94,65,147,1,51
Cœur de Bœuf,18.1,25.8,55,95,99,169,0,66
Cerise,22.8,20.8,75,131,74,139,1,50
Cerise,21.3,25.0,65,99,83,168,0,62
Noire de Crimée,22.5,24.8,63,95,63,141,0,59
Cœur de Bœuf,23.7,27.1,86,99,66,167,0,66
Cerise,22.4,26.5,73,131,89,152,1,70
Cœur de Bœuf,22.1,27.4,59,110,76,136,0,98
Marmande,25.3,26.8,56,133,97,154,1,92
Marmande,24.9,26.8,59,93,89,142,0,58
Marmande,26.3,19.6,55,102,98,167,0,80
Noire de Crimée,20.5,26.6,88,99,68,148,1,84
Cœur de Bœuf,24.1,24.5,43,105,78,151,0,59
Marmande,23.9,22.4,57,108,72,140,0,98
Cerise,21.7,19.5,75,95,96,132,1,97
Marmande,22.9,25.1,74,115,78,148,0,97
Marmande,21.1,22.0,69,98,65,156,0,64
Marmande,19.4,23.2,57,135,71,136,0,94
Noire de Crimée,20.1,25.1,60,99,74,166,1,51
Cerise,19.1,27.2,71,129,62,156,0,87
Cœur de Bœuf,24.8,26.4,44,92,63,163,0,52
Cerise,24.6,23.1,80,138,96,140,0,75
Cœur de Bœuf,27.5,22.5,62,108,97,167,0,82
Noire de Crimée,25.3,21.2,69,124,65,134,1,98
Noire de Crimée,18.5,22.4,66,135,87,136,0,73
Noire de Crimée,26.8,20.0,54,95,67,165,0,82
Noire de Crimée,26.6,27.7,80,118,90,134,0,79
Cœur de Bœuf,22.4,24.2,53,108,80,134,0,92
Marmande,23.9,20.2,60,139,88,156,0,53
Cœur de Bœuf,27.8,22.2,73,133,74,158,0,92
Cerise,23.3,23.9,65,104,83,156,0,94
Noire de Crimée,27.1,23.8,64,127,80,161,0,71
Noire de Crimée,18.8,19.3,89,110,82,154,0,98
Cerise,19.9,27.6,84,133,90,163,0,69
Cœur de Bœuf,22.4,21.5,70,128,93,144,1,78
Marmande,23.8,19.1,87,112,87,163,0,70
Marmande,26.2,19.7,45,109,91,164,0,94
Cerise,27.9,24.2,87,131,81,149,1,66
Marmande,21.9,20.2,43,139,62,153,0,51
Cœur de Bœuf,18.5,19.4,63,91,68,163,1,83
Cœur de Bœuf,26.0,22.4,81,134,65,163,0,71
Cerise,24.0,24.6,70,121,60,156,1,99
Cœur de Bœuf,20.0,20.0,58,136,81,150,0,55
Noire de Crimée,22.9,21.8,50,117,63,162,0,74
Cerise,25.4,22.8,68,93,67,168,1,51
Cœur de Bœuf,25.7,20.4,44,96,96,169,0,92
Cerise,23.0,23.6,57,92,78,165,0,66
Marmande,21.1,19.8,42,114,60,154,1,58
Cœur de Bœuf,27.7,19.4,79,137,83,136,0,69
Noire de Crimée,24.6,23.7,50,98,76,139,0,86
Cœur de Bœuf,22.1,21.2,60,112,91,139,0,64
Cerise,20.8,19.9,69,112,73,167,0,75
Cerise,25.3,22.8,58,138,76,153,0,74
Cœur de Bœuf,20.4,27.2,64,115,91,139,1,80
Noire de Crimée,19.7,25.5,74,129,92,155,1,79
Noire de Crimée,23.3,26.3,51,107,89,159,0,98
Noire de Crimée,20.9,26.8,86,113,93,156,0,59
Cerise,24.3,27.8,65,116,87,148,1,87
Cœur de Bœuf,19.2,25.9,87,134,83,130,0,94
Marmande,24.5,24.5,44,91,73,162,0,70
Cerise,20.8,22.3,58,90,93,140,1,97
Noire de Crimée,18.0,20.6,66,137,60,163,0,73
Cœur de Bœuf,19.3,25.2,77,105,81,167,0,83
Noire de Crimée,27.3,28.0,68,132,92,145,0,77
Marmande,26.7,23.2,51,113,77,130,1,86
Noire de Crimée,20.3,25.5,58,125,98,157,0,73
Noire de Crimée,25.8,23.5,48,100,71,144,1,78
Marmande,24.1,22.9,57,115,69,145,0,66
Cœur de Bœuf,27.7,22.7,68,95,61,161,0,88
Cerise,21.7,23.5,42,115,61,168,1,73
Cœur de Bœuf,24.8,22.3,62,118,65,130,1,66
Marmande,18.6,25.7,69,132,79,138,0,86
Noire de Crimée,22.0,26.9,85,90,97,158,0,55
Cœur de Bœuf,27.6,26.9,63,98,87,154,0,91
Cerise,23.4,21.0,76,116,62,140,0,86
Marmande,20.9,27.1,76,96,96,140,0,95
Cœur de Bœuf,19.2,22.1,43,92,96,135,1,80
Cerise,25.0,21.8,67,98,84,163,1,69
Marmande,24.4,25.5,55,91,82,143,0,95
Cerise,21.7,21.7,52,99,72,137,0,51
Marmande,27.5,19.5,47,106,83,154,0,90
Noire de Crimée,18.2,22.4,87,120,62,133,1,67
Cœur de Bœuf,21.0,25.5,64,90,97,160,1,99
Cerise,27.2,21.9,41,107,87,150,1,71
Marmande,21.2,24.7,69,95,85,161,0,90
Cerise,20.5,24.9,79,127,79,143,0,86
Cerise,23.3,25.6,42,130,86,157,0,75
Cœur de Bœuf,26.2,27.1,62,131,60,154,0,99
Noire de Crimée,19.0,22.9,68,136,69,157,0,61
Cerise,27.4,20.5,80,93,69,144,1,55
Marmande,26.0,21.9,69,129,60,151,0,66
Marmande,19.8,22.9,50,93,91,135,1,63
Noire de Crimée,25.1,25.4,60,124,91,131,0,59
Marmande,21.8,19.1,66,93,86,135,0,75
Noire de Crimée,22.0,21.8,63,90,72,152,0,52
Marmande,25.8,26.0,70,130,76,155,0,91
Cœur de Bœuf,27.6,25.0,69,132,87,140,1,95
Cerise,19.3,25.6,40,120,84,130,0,64
Cœur de Bœuf,22.2,26.3,40,108,95,157,0,65
Cerise,22.8,26.0,47,110,61,151,1,87
Cerise,21.8,25.1,87,119,91,142,0,63
Cerise,21.6,23.0,81,96,91,165,0,85
Cœur de Bœuf,18.5,27.9,73,94,65,151,0,62
Cerise,24.9,24.1,55,91,90,133,0,76
Cœur de Bœuf,22.4,20.8,66,92,68,147,0,57
Noire de Crimée,19.9,21.6,43,104,75,167,0,72
Marmande,26.2,25.2,58,128,84,146,1,90
Marmande,26.0,27.3,68,126,99,154,0,60
Cerise,22.9,20.6,80,99,87,146,0,54
Cœur de Bœuf,21.0,19.7,42,98,76,158,0,54
Marmande,24.4,26.9,50,112,90,137,1,74
Cœur de Bœuf,20.9,27.2,47,103,82,158,1,67
Cœur de Bœuf,20.4,21.5,78,134,90,144,0,97
Cerise,25.3,22.4,72,122,85,162,1,73
Marmande,18.4,24.9,47,105,63,139,0,58
Cerise,18.9,22.0,64,109,98,166,1,92
Cerise,18.1,26.9,63,97,74,140,1,60
Marmande,19.5,20.0,65,138,96,164,0,63
Marmande,18.7,19.3,65,127,97,163,0,91
Noire de Crimée,28.0,20.9,56,123,82,161,1,58
Noire de Crimée,20.9,21.6,66,120,64,151,1,54
Cœur de Bœuf,19.5,20.0,68,134,84,133,0,76
Marmande,20.4,19.6,82,97,89,131,1,60
Noire de Crimée,27.4,25.8,78,114,85,162,1,77
Cœur de Bœuf,23.2,20.5,48,130,62,138,1,58
Cœur de Bœuf,21.6,27.2,53,102,63,164,1,62
Cœur de Bœuf,26.7,22.3,44,107,77,167,0,68
Noire de Crimée,21.9,25.0,89,139,96,160,1,57
Marmande,21.4,21.0,69,130,70,143,0,53
Cerise,20.1,21.2,67,123,70,160,0,93
Cœur de Bœuf,21.8,24.2,84,125,95,162,0,74
Noire de Crimée,21.2,24.0,76,139,75,145,1,56
Noire de Crimée,24.8,25.9,47,106,84,149,0,76
Cerise,20.9,25.8,54,101,60,143,0,89
Cerise,23.8,25.0,67,105,85,164,1,72
Noire de Crimée,18.7,23.0,75,102,89,162,0,89
Marmande,19.9,27.0,72,100,65,158,1,78
Cerise,22.1,24.6,45,103,86,137,1,85
Noire de Crimée,27.4,27.9,51,131,78,163,1,59
Cerise,21.8,26.4,46,117,97,143,1,81
Marmande,24.6,19.4,84,113,78,143,0,96
Cœur de Bœuf,20.6,21.9,67,106,98,144,0,72
Cerise,19.3,24.1,46,98,91,149,0,89
Marmande,18.6,25.5,80,135,60,157,0,96
Noire de Crimée,21.1,24.0,40,119,84,133,1,97
Cerise,19.6,26.1,63,126,72,136,0,73
Cerise,19.7,21.5,84,92,69,131,1,70
Noire de Crimée,25.6,20.7,58,97,77,138,0,88
Cœur de Bœuf,18.2,19.5,71,107,95,152,1,89
Noire de Crimée,23.6,24.2,69,119,81,165,0,78
Cerise,21.8,25.2,40,92,65,141,1,94
Noire de Crimée,23.1,21.9,71,123,86,152,0,94
Marmande,23.6,24.5,59,132,67,160,0,76
Noire de Crimée,21.1,19.5,60,117,83,140,0,83
Cerise,21.0,19.9,58,126,79,130,0,75
Noire de Crimée,25.3,25.3,69,114,81,142,1,64
Cœur de Bœuf,26.7,22.3,89,119,68,168,1,55
Noire de Crimée,19.9,25.0,67,96,99,158,0,74
Cœur de Bœuf,19.0,26.5,71,135,98,135,1,67
Marmande,27.0,26.7,69,118,78,160,1,56
Cœur de Bœuf,21.5,20.5,62,91,60,138,0,51
Noire de Crimée,23.5,23.4,66,115,70,147,0,83
Cerise,21.6,25.6,76,130,69,132,0,50
Cœur de Bœuf,19.3,26.0,65,131,60,161,0,95
Marmande,23.9,26.1,42,138,86,132,1,51
Cœur de Bœuf,23.3,21.1,70,96,76,159,0,91
Cœur de Bœuf,20.0,20.7,41,107,76,135,1,85
Cœur de Bœuf,22.5,24.3,49,95,98,156,0,53
Marmande,26.0,25.7,77,130,61,131,1,77
Noire de Crimée,23.9,21.9,58,129,82,149,0,72
Cœur de Bœuf,19.0,19.9,70,116,69,146,0,88
Cœur de Bœuf,23.5,25.5,68,130,89,162,1,69
Cerise,25.0,21.7,64,113,94,146,0,86
Marmande,25.9,20.5,71,122,84,166,0,93
Cœur de Bœuf,24.3,20.3,56,120,76,158,0,61
Marmande,19.5,21.8,84,123,78,138,0,81
Cœur de Bœuf,25.1,24.3,88,111,77,133,1,87
Noire de Crimée,24.8,22.2,62,113,77,169,0,80
Noire de Crimée,18.2,19.2,57,125,94,142,1,67
Cœur de Bœuf,22.1,19.9,50,117,69,135,0,78
Noire de Crimée,21.3,21.6,59,109,82,138,0,83
Cœur de Bœuf,24.7,24.9,52,107,81,155,0,78
Noire de Crimée,20.2,19.9,63,131,68,168,1,76
Cerise,23.9,24.0,82,121,91,143,1,80
Cerise,27.1,20.1,59,122,85,163,0,97
Cerise,26.0,20.9,81,99,88,133,0,83
Marmande,27.2,20.5,67,98,78,150,0,66
Marmande,27.8,19.6,74,114,88,160,0,69
Cerise,18.1,25.0,60,102,94,150,0,80
Marmande,24.2,23.2,45,136,71,158,1,80
Noire de Crimée,22.1,26.5,46,139,67,153,0,88
Cœur de Bœuf,26.6,19.9,68,134,84,145,0,70
Cœur de Bœuf,20.5,20.3,62,94,86,138,0,56
Cœur de Bœuf,27.8,21.8,44,120,65,150,0,81
Cerise,24.1,25.9,61,120,72,131,1,61
Marmande,25.9,21.8,48,123,70,131,0,72
Noire de Crimée,18.9,22.7,71,115,97,166,0,92
Noire de Crimée,19.8,21.7,49,96,65,166,0,98
Cerise,25.6,19.7,85,130,64,134,1,92
Noire de Crimée,18.2,27.5,82,135,66,135,1,89
Noire de Crimée,26.2,23.9,88,138,78,137,0,55
Noire de Crimée,18.1,26.1,67,109,65,161,1,81
Noire de Crimée,24.6,24.9,50,132,84,166,0,87
Marmande,21.7,23.6,46,111,68,142,0,64
Noire de Crimée,24.1,19.8,69,94,79,132,0,75
Cœur de Bœuf,25.0,24.8,82,101,84,138,1,69
Cerise,21.4,20.4,84,110,67,133,1,61
Marmande,19.1,22.7,77,98,96,157,0,90
Noire de Crimée,18.7,24.7,73,118,97,169,0,94
Marmande,23.9,26.0,85,116,61,145,0,96
Noire de Crimée,23.2,25.2,67,106,81,140,1,96
Cœur de Bœuf,25.4,25.0,71,129,95,148,1,75
Cerise,23.1,20.3,55,113,63,151,1,79
Noire de Crimée,22.2,22.1,78,116,60,168,0,78
Noire de Crimée,22.0,19.4,40,97,92,141,0,79
Noire de Crimée,18.3,25.5,73,133,83,159,0,62
Noire de Crimée,21.4,27.6,80,118,64,169,0,90
Cerise,27.8,21.4,62,108,94,134,0,92
Cerise,26.7,19.8,89,99,85,166,0,71
Cœur de Bœuf,21.3,23.3,59,113,85,161,1,92
Cerise,23.9,26.7,57,123,64,163,0,90
Noire de Crimée,26.5,24.0,57,129,77,141,1,66
Cœur de Bœuf,22.4,19.4,81,120,84,131,1,72
Cœur de Bœuf,18.2,27.8,79,135,99,136,1,74
Cœur de Bœuf,18.7,26.5,60,93,97,161,0,55
Noire de Crimée,23.1,20.2,47,130,80,169,0,86
Marmande,27.7,27.3,73,134,83,164,0,75
Noire de Crimée,24.9,23.1,89,120,87,135,0,70
Cerise,18.7,22.3,50,98,63,151,0,84
Cerise,19.9,23.1,82,115,67,154,1,55
Noire de Crimée,25.7,26.5,82,102,92,142,0,71
Noire de Crimée,26.4,24.9,49,137,62,152,0,66
Cœur de Bœuf,24.2,19.5,47,115,79,138,1,60
Noire de Crimée,24.4,27.6,86,90,94,166,0,53
Cœur de Bœuf,18.3,20.3,47,129,98,166,1,93
Cerise,26.3,25.7,58,98,66,159,0,59
Cœur de Bœuf,25.9,24.7,40,120,86,149,0,66
Noire de Crimée,20.6,20.7,42,113,64,167,1,87
Cerise,25.1,20.5,83,134,96,145,0,67
Marmande,20.1,26.8,71,138,60,151,1,68
Cœur de Bœuf,18.4,22.8,87,111,81,167,0,71
Cerise,20.0,24.9,55,98,66,139,0,64
Cœur de Bœuf,19.8,23.5,69,128,67,149,1,93
Cerise,21.4,25.5,88,112,89,131,1,68
Cerise,22.2,23.3,67,109,87,132,0,74
Cœur de Bœuf,23.1,21.6,67,131,85,137,0,86
Marmande,22.8,22.3,55,110,93,138,0,67
Cerise,20.7,26.7,80,116,91,157,0,61
Cerise,18.3,23.2,72,94,81,150,1,81
Cerise,24.1,20.9,64,106,79,162,1,75
Marmande,22.0,27.4,57,123,73,163,1,75
Marmande,21.0,26.2,65,98,82,133,1,96
Noire de Crimée,26.7,19.5,45,123,62,154,0,91
Cœur de Bœuf,25.5,28.0,77,99,78,161,0,77
Marmande,26.6,25.3,83,133,73,141,0,74
Cœur de Bœuf,22.9,20.4,42,91,99,131,1,79
Noire de Crimée,19.3,21.1,82,136,98,141,1,90
Cœur de Bœuf,25.0,25.2,45,114,96,155,0,87
Marmande,20.1,26.0,53,92,94,150,1,63
Cœur de Bœuf,22.4,21.2,57,123,60,166,1,50
Marmande,18.7,21.3,55,96,78,165,0,82
Cœur de Bœuf,26.3,21.8,63,117,74,147,0,60
Marmande,19.3,24.4,52,98,84,153,0,84
Marmande,27.0,20.5,40,100,60,159,0,70
Cœur de Bœuf,26.6,19.9,77,118,90,146,0,71
Noire de Crimée,22.6,25.1,53,105,96,145,0,54
Cerise,25.4,26.0,56,128,81,146,1,89
Noire de Crimée,24.2,23.5,52,118,79,141,0,67
Cœur de Bœuf,26.0,22.3,52,102,64,156,1,86
Noire de Crimée,22.3,22.9,48,124,74,133,0,93
Marmande,25.9,22.5,45,100,61,164,0,78
Cerise,22.6,27.6,45,124,71,130,0,67
Cœur de Bœuf,27.4,25.9,69,136,66,141,0,61
Cœur de Bœuf,22.9,20.9,76,97,61,158,0,70
Cœur de Bœuf,22.6,22.5,85,96,67,137,0,89
Cerise,25.9,23.9,53,94,68,137,1,79
Marmande,26.2,24.5,43,95,86,141,1,90
Cœur de Bœuf,23.5,23.2,73,124,87,165,0,64
Noire de Crimée,19.8,26.3,41,119,96,163,0,84
Cœur de Bœuf,22.7,25.9,56,100,74,165,1,96
Cœur de Bœuf,27.7,23.5,81,127,78,133,1,77
Cœur de Bœuf,25.5,26.7,53,116,89,140,0,53
Cœur de Bœuf,26.1,25.8,56,110,72,132,0,77
Marmande,18.3,26.0,69,103,65,139,0,79
Noire de Crimée,22.7,27.6,82,138,89,141,1,97
Marmande,24.5,21.4,68,124,60,138,0,99
Noire de Crimée,26.3,21.4,46,118,97,150,0,76
Cœur de Bœuf,18.5,27.0,48,113,84,163,0,65
Cerise,26.5,26.0,85,125,94,151,0,81
Marmande,23.5,27.3,62,130,85,147,0,61
Cerise,20.0,19.6,75,134,72,135,0,93
Marmande,21.2,24.6,53,121,78,154,0,85
Cœur de Bœuf,20.8,20.3,59,95,69,144,0,64
Marmande,23.3,23.5,56,99,66,130,0,68
Cœur de Bœuf,18.5,20.4,71,109,74,169,0,67
Marmande,19.6,20.2,64,109,82,147,0,75
Cœur de Bœuf,26.1,19.1,69,115,95,160,1,60
Cœur de Bœuf,19.3,24.7,88,110,90,149,0,79
Noire de Crimée,20.3,22.2,66,134,67,154,0,77
Cœur de Bœuf,22.5,19.9,66,112,89,162,0,72
Noire de Crimée,23.2,21.9,85,135,93,139,1,64
Cœur de Bœuf,25.6,20.5,70,101,92,158,0,97
Cerise,22.5,27.5,84,102,60,148,0,60
Cœur de Bœuf,25.9,21.9,65,99,75,157,0,92
Cerise,24.2,22.0,53,96,70,156,0,70
Cerise,19.1,26.6,87,126,86,148,0,94
Cœur de Bœuf,19.6,24.8,60,101,81,160,1,88
Cerise,22.4,25.4,67,114,99,164,1,80
Noire de Crimée,22.0,24.7,54,91,78,143,0,64
Marmande,25.4,27.5,69,129,65,135,0,66
Cœur de Bœuf,23.8,20.9,64,115,99,138,0,74
Cerise,21.9,27.9,50,129,98,156,0,73
Cœur de Bœuf,19.7,26.5,83,94,79,146,0,94
Noire de Crimée,20.3,24.3,50,97,62,165,0,85
Cœur de Bœuf,23.8,25.0,67,131,60,133,0,82
Cœur de Bœuf,22.2,24.8,44,134,82,153,0,93
Cerise,23.1,19.5,67,98,97,145,0,53
Noire de Crimée,19.7,21.0,47,128,62,146,1,50
Marmande,24.6,27.7,65,109,93,132,0,87
Marmande,26.5,23.8,45,100,76,168,0,60
Cerise,20.6,22.4,71,129,86,166,0,70
Cœur de Bœuf,22.9,25.9,87,111,98,132,0,74
Cerise,27.8,23.7,71,105,82,164,0,99
Cerise,21.3,19.1,51,131,97,132,0,77
Cerise,24.0,25.6,45,127,70,145,1,99
Cœur de Bœuf,18.9,25.6,52,131,74,149,1,55
Noire de Crimée,24.1,20.5,78,99,85,135,0,95
Cerise,18.9,27.6,79,114,70,162,1,55
Cœur de Bœuf,27.6,21.0,83,108,66,156,0,71
Noire de Crimée,25.2,23.1,73,93,67,159,0,64
Cerise,25.9,20.0,62,108,64,164,0,82
Marmande,25.0,24.4,80,92,76,147,1,66
Noire de Crimée,23.9,22.4,84,106,82,159,1,61
Cerise,22.5,22.2,56,103,61,155,1,80
Noire de Crimée,26.6,26.4,84,99,86,144,1,84
Noire de Crimée,27.6,19.1,87,95,80,161,0,83
Noire de Crimée,23.0,26.2,40,120,66,164,1,81
Noire de Crimée,27.3,24.1,46,120,97,141,0,72
Noire de Crimée,23.8,27.9,52,137,85,150,1,87
Noire de Crimée,23.4,24.3,53,98,89,141,1,54
Cerise,22.5,19.5,56,101,71,130,1,89
Marmande,20.1,19.5,69,133,70,140,0,51
Cœur de Bœuf,18.0,26.9,87,135,76,154,0,80
Noire de Crimée,20.4,26.6,86,115,69,138,0,61
Cœur de Bœuf,23.1,22.1,88,91,75,168,0,88
Cerise,21.8,24.6,73,131,74,156,1,95
Noire de Crimée,22.5,23.4,66,93,74,158,0,91
Marmande,27.8,27.7,64,121,79,156,1,69
Cœur de Bœuf,21.5,27.5,83,117,63,157,1,63
Noire de Crimée,22.5,27.9,74,95,91,168,0,60
Cerise,19.3,26.8,48,119,81,147,0,80
Marmande,18.5,27.2,45,117,94,144,0,82
Cœur de Bœuf,25.8,21.0,65,102,73,145,0,75
Cœur de Bœuf,23.7,26.5,77,135,89,152,1,51
Noire de Crimée,25.6,25.4,78,125,90,159,1,80
Marmande,19.5,27.7,66,99,69,165,0,84
Marmande,23.7,24.1,79,99,65,164,0,76
Marmande,20.5,19.8,70,94,86,157,1,54
Marmande,20.3,24.4,42,118,70,132,1,60
Cerise,18.1,25.2,63,125,95,145,1,88
Marmande,19.3,21.0,54,101,69,144,0,77
Cœur de Bœuf,21.1,22.5,45,111,75,148,1,65
Cœur de Bœuf,19.2,24.4,50,135,83,139,1,89
Cerise,27.9,22.4,69,128,80,133,0,75
Cœur de Bœuf,21.1,22.4,74,91,99,151,0,73
Cœur de Bœuf,19.3,20.2,87,103,95,147,0,53
Marmande,20.0,27.5,77,99,82,151,1,61
Cœur de Bœuf,23.9,25.8,82,137,80,145,0,67
Cerise,18.6,19.0,79,92,91,132,0,63
Marmande,26.6,25.9,68,97,76,164,0,66
Noire de Crimée,27.6,25.7,62,106,76,168,0,93
Marmande,20.5,19.1,81,93,80,145,0,90
Cerise,22.5,22.3,81,110,63,150,0,65
Marmande,18.2,24.5,42,119,82,150,1,91
Marmande,24.4,23.1,65,108,84,130,1,69
Cerise,22.1,26.0,53,104,91,159,0,92
Marmande,20.7,22.8,58,109,65,163,0,77
Cerise,20.1,20.4,60,131,73,168,1,90
Cerise,24.5,27.8,60,119,97,152,0,50
Noire de Crimée,22.2,21.2,48,99,97,163,0,65
Cœur de Bœuf,19.8,25.5,52,112,75,159,0,53
Cœur de Bœuf,24.9,20.3,80,113,91,162,1,81
Marmande,23.7,22.0,83,101,75,145,1,78
Marmande,26.6,23.0,85,98,78,159,0,57
Noire de Crimée,19.2,20.7,76,104,96,132,0,51
Noire de Crimée,25.9,23.0,77,118,80,131,1,95
Noire de Crimée,24.7,20.4,84,107,74,155,0,73
Cerise,19.2,24.0,84,109,85,147,0,90
Noire de Crimée,24.9,25.0,63,90,89,131,0,95
Noire de Crimée,22.4,19.6,77,92,99,169,0,63
Marmande,27.4,26.8,85,97,74,132,0,93
Noire de Crimée,19.4,20.7,50,128,72,146,1,92
Cerise,24.4,21.0,68,120,86,153,1,50
Cerise,21.8,25.0,84,136,82,131,0,82
Marmande,27.6,23.2,83,97,93,135,1,60
Noire de Crimée,21.3,23.5,87,104,93,169,1,69
Noire de Crimée,27.6,20.2,77,111,82,155,0,64
Cerise,27.0,26.3,80,121,79,135,0,77
Noire de Crimée,20.7,24.6,56,94,68,141,0,70
Noire de Crimée,26.0,20.2,87,133,79,150,0,72
Noire de Crimée,28.0,22.4,65,133,98,145,0,58
Cœur de Bœuf,20.5,26.3,65,98,73,135,0,69
Marmande,22.4,24.1,51,130,85,163,0,66
Cœur de Bœuf,23.2,20.0,57,104,86,132,0,91
Marmande,20.9,22.4,48,136,93,148,0,64
Cerise,18.2,21.2,42,133,88,158,0,93
Noire de Crimée,20.2,23.7,49,126,91,161,1,54
Marmande,20.8,26.6,82,122,64,139,1,95
Cœur de Bœuf,22.4,22.9,41,111,63,156,0,91
Noire de Crimée,19.7,22.9,47,100,82,158,0,82
Cerise,26.7,27.1,82,139,80,142,0,79
Marmande,25.0,24.2,57,95,92,149,1,65
Marmande,18.9,24.1,78,106,83,157,1,85
Marmande,24.5,21.4,70,135,75,156,0,86
Noire de Crimée,24.5,24.5,53,133,91,142,0,90
Cœur de Bœuf,27.6,24.2,78,94,78,154,1,98
Cœur de Bœuf,18.0,22.6,72,128,85,158,1,87
Marmande,20.5,27.9,68,137,62,144,1,73
Cerise,27.3,26.9,83,98,94,159,0,74
Cerise,27.3,25.7,72,118,98,167,0,76
Cœur de Bœuf,25.2,23.8,74,112,77,161,0,54
Cerise,25.7,23.2,41,136,66,136,0,99
Cœur de Bœuf,18.9,20.7,74,125,91,164,0,98
Marmande,23.1,21.8,71,120,83,162,1,70
Cœur de Bœuf,20.3,26.0,75,109,75,141,0,92
Cœur de Bœuf,19.8,23.1,85,112,83,152,0,84
Marmande,26.1,26.9,89,96,63,134,1,55
Cerise,19.4,20.3,62,135,91,160,0,58
Cœur de Bœuf,22.7,23.6,44,125,93,145,1,94
Cœur de Bœuf,27.4,24.8,86,93,78,162,0,76
Marmande,19.9,23.7,55,113,73,130,0,50
Cerise,27.8,27.0,79,103,97,151,0,79
Cœur de Bœuf,27.9,27.9,63,114,72,157,0,64
Marmande,23.6,20.0,79,96,81,134,0,81
Cœur de Bœuf,19.7,20.2,67,104,90,133,0,69
Noire de Crimée,21.2,20.2,64,133,89,130,1,53
Marmande,22.2,25.1,46,135,82,144,0,83
Cerise,21.1,22.4,77,102,71,166,0,97
Cerise,20.8,25.6,46,108,73,168,1,87
Cerise,27.7,22.6,61,101,95,167,0,69
Cerise,19.5,24.6,61,137,67,153,0,96
Cœur de Bœuf,25.3,25.9,66,115,83,152,0,77
Cœur de Bœuf,18.0,23.9,72,137,62,136,1,88
Cerise,24.0,23.9,84,122,73,160,0,74
Cerise,27.2,19.8,71,104,70,136,0,60
Cerise,20.9,22.7,78,126,97,142,1,99
Cœur de Bœuf,19.9,23.9,71,95,87,133,0,57
Cerise,24.5,23.2,40,114,82,147,0,83
Cerise,25.1,27.1,49,106,77,169,0,76
Noire de Crimée,24.9,27.2,84,132,79,148,0,93
Noire de Crimée,21.2,26.4,43,125,92,145,0,71
Cerise,20.5,22.4,68,139,61,147,1,57
Marmande,27.6,25.5,46,135,98,145,0,82
Cerise,27.2,22.6,77,98,96,160,0,88
Noire de Crimée,22.6,21.1,45,117,85,154,0,58
Marmande,26.5,22.1,50,124,61,131,0,71
Marmande,22.5,19.6,48,92,62,157,0,58
Cerise,22.2,22.0,69,100,79,145,0,80
Noire de Crimée,19.6,23.1,61,109,69,165,0,83
Noire de Crimée,22.3,27.6,78,112,80,169,1,53
Marmande,23.4,21.8,48,119,99,164,1,95
Cerise,18.2,27.1,77,126,68,153,0,63
Cœur de Bœuf,22.4,21.1,85,125,61,164,1,57
Cœur de Bœuf,25.8,20.7,72,133,87,159,1,90
Noire de Crimée,24.8,23.7,65,101,62,166,0,84
Cœur de Bœuf,24.4,25.1,55,125,75,140,1,71
Noire de Crimée,27.1,19.4,48,124,63,163,0,55
Noire de Crimée,18.2,21.0,62,123,82,167,1,82
Noire de Crimée,23.6,23.1,54,93,89,168,1,67
Cœur de Bœuf,25.9,22.0,58,113,97,153,0,57
Noire de Crimée,23.4,25.4,81,125,72,158,0,56
Marmande,21.2,23.6,55,117,65,133,1,81
Cerise,19.4,20.4,64,128,69,159,0,56
Cerise,26.9,27.1,74,91,76,143,0,59
Noire de Crimée,22.7,21.6,52,132,67,153,0,85
Cerise,26.8,25.6,85,94,68,167,0,99
Cœur de Bœuf,23.9,26.0,46,117,93,163,0,80
Cœur de Bœuf,24.7,27.7,73,102,76,165,0,80
Cerise,26.0,23.5,53,125,81,144,0,59
Cœur de Bœuf,24.6,24.5,62,98,62,164,0,69
Cerise,22.0,22.0,62,128,99,158,1,84
Cerise,23.1,25.1,56,119,88,165,0,78
Cerise,26.0,23.2,52,116,98,133,0,79
Noire de Crimée,21.7,22.9,66,102,86,144,0,98
Cerise,21.9,26.7,41,131,98,140,0,80
Noire de Crimée,19.0,19.5,76,128,99,144,0,82
Cerise,27.1,26.9,69,139,96,150,0,89
Cerise,18.9,26.7,43,117,62,164,0,98
Cerise,24.5,23.6,69,107,78,152,1,53
Cœur de Bœuf,22.1,23.4,42,123,93,139,1,83
Noire de Crimée,22.1,22.3,53,110,73,133,0,66
Noire de Crimée,24.8,27.9,50,90,80,154,0,83
Cerise,18.7,20.0,79,134,61,131,0,81
Cerise,23.9,24.3,62,112,69,167,0,82
Cœur de Bœuf,25.7,25.1,80,123,76,148,1,86
Cœur de Bœuf,26.3,27.4,87,125,61,153,1,80
Cœur de Bœuf,19.7,26.0,71,98,86,137,0,75
Noire de Crimée,27.0,24.8,42,97,60,135,1,80
Noire de Crimée,24.6,20.1,81,139,95,149,1,80
Noire de Crimée,26.8,22.4,40,119,92,143,1,77
Cerise,22.9,20.2,48,137,81,169,1,87
Noire de Crimée,23.4,26.9,87,125,94,135,1,93
Marmande,27.2,25.7,48,125,93,141,1,59
Marmande,27.0,25.8,51,107,77,136,0,57
Cœur de Bœuf,22.5,24.9,40,91,95,159,1,95
Noire de Crimée,20.7,23.6,55,100,62,145,0,85
Marmande,21.9,20.3,69,125,75,137,1,68
Cœur de Bœuf,21.9,22.0,47,120,70,143,1,77
Noire de Crimée,20.9,20.2,85,120,69,149,0,54
Cerise,20.7,25.5,85,113,80,157,0,73
Marmande,26.6,20.4,49,135,84,135,0,56
Cerise,18.7,25.3,72,110,94,159,0,69
Noire de Crimée,24.8,25.2,77,121,65,133,0,51
Marmande,19.7,23.1,80,138,67,165,0,92
Noire de Crimée,21.4,20.2,61,119,93,132,0,59
Cerise,18.6,21.8,55,97,60,139,0,67
Marmande,20.7,21.9,58,122,62,167,0,83
Cerise,25.7,25.3,50,128,97,156,0,63
Noire de Crimée,26.9,20.0,50,90,86,147,0,59
Noire de Crimée,20.2,26.5,53,122,72,140,0,87
Cerise,22.6,25.8,78,131,78,165,0,81
Marmande,22.7,20.7,65,102,78,169,0,52
Cerise,26.7,25.5,83,111,65,164,1,97
Noire de Crimée,25.6,25.0,59,94,73,142,1,57
Cerise,23.1,25.7,59,101,64,152,0,58
Noire de Crimée,24.7,20.7,44,118,95,138,0,60
Cerise,26.5,20.4,40,92,68,133,0,65
Marmande,18.1,21.1,50,125,82,169,1,83
Marmande,22.0,22.3,86,136,91,160,1,73
Cerise,27.1,26.1,49,134,88,132,0,80
Cerise,25.4,25.6,86,100,87,165,0,54
Marmande,23.4,27.3,67,115,99,146,0,82
Noire de Crimée,23.3,19.5,84,91,70,145,0,79
Marmande,21.5,19.1,86,118,78,168,1,79
Noire de Crimée,23.2,25.3,73,130,60,131,0,64
Cerise,24.6,21.5,52,118,68,134,1,88
Cerise,22.2,22.0,83,133,61,162,0,65
Noire de Crimée,25.1,23.9,64,125,63,142,1,75
Cerise,26.6,19.9,62,108,88,141,0,61
Noire de Crimée,19.5,24.8,75,99,63,148,0,68
Cœur de Bœuf,22.5,21.9,51,100,60,151,0,96
Marmande,22.1,24.7,86,96,87,169,1,84
Cœur de Bœuf,24.9,26.5,84,102,77,137,1,69
Noire de Crimée,20.5,20.5,41,130,72,133,0,70
Marmande,24.4,27.4,59,133,99,136,1,86
Noire de Crimée,26.8,23.8,55,91,65,151,1,64
Marmande,22.2,27.3,53,119,98,147,0,98
Marmande,27.1,20.9,41,111,81,135,1,65
Marmande,27.9,24.4,88,90,89,133,1,65
Marmande,19.1,22.6,55,116,86,141,1,72
Noire de Crimée,20.3,26.0,43,96,67,166,0,93
Marmande,27.5,24.5,82,90,87,131,0,53
Marmande,27.6,23.5,52,114,61,132,0,78
Cœur de Bœuf,19.0,27.2,77,137,79,150,0,86
Cerise,18.1,22.4,88,93,70,168,1,73
Cerise,19.6,21.0,40,119,73,142,1,57
Cœur de Bœuf,28.0,24.5,48,97,83,143,0,93
Cœur de Bœuf,19.8,24.6,60,138,72,159,0,54
Noire de Crimée,23.0,23.0,57,110,67,147,0,92
Noire de Crimée,26.5,23.4,82,93,80,142,0,78
Noire de Crimée,18.2,27.6,71,93,81,143,0,59
Cœur de Bœuf,24.0,25.6,85,97,68,169,0,99
Cœur de Bœuf,20.8,20.0,73,131,70,154,0,93
Marmande,26.6,20.9,59,115,75,166,1,58
Noire de Crimée,20.8,27.8,82,118,68,156,0,71
Noire de Crimée,24.9,25.5,41,105,62,152,0,59
Noire de Crimée,24.7,27.2,43,108,95,136,0,69
Cerise,20.2,21.7,84,90,72,139,0,69
Marmande,18.3,25.7,77,126,60,154,0,76
Noire de Crimée,22.1,25.4,46,123,70,164,0,87
Noire de Crimée,20.9,21.7,61,118,83,153,1,59
Noire de Crimée,26.1,24.0,59,116,64,140,0,68
Cerise,26.0,24.6,74,137,61,149,0,90
Cerise,22.6,23.3,43,134,76,139,0,79
Cœur de Bœuf,24.1,26.4,59,119,76,150,0,65
Marmande,24.0,26.5,74,95,79,157,0,89
Cœur de Bœuf,26.3,26.7,72,125,74,157,0,61
Marmande,22.3,26.2,60,128,63,156,0,54
Cerise,20.8,23.4,84,91,70,162,0,92
Noire de Crimée,20.7,22.4,53,131,82,133,0,52
Cœur de Bœuf,23.4,26.5,70,103,60,164,0,73
Noire de Crimée,22.5,23.4,61,97,63,149,1,75
Cœur de Bœuf,22.4,21.2,87,92,97,135,0,80
Cerise,18.9,23.6,69,124,61,135,1,96
Cerise,25.2,20.3,68,116,86,146,0,52
Cerise,20.1,25.2,75,123,93,148,0,50
Cœur de Bœuf,20.0,22.0,88,117,72,146,0,60
Marmande,22.1,21.3,81,120,77,132,1,94
Cœur de Bœuf,20.3,27.6,68,106,70,163,0,54
Marmande,23.8,26.0,46,108,64,133,0,56
Cœur de Bœuf,21.7,26.1,71,131,88,152,0,82
Cœur de Bœuf,22.5,24.6,52,133,84,147,0,62
Cerise,23.4,26.6,52,100,73,163,0,91
Noire de Crimée,20.0,25.8,53,98,97,158,0,80
Noire de Crimée,19.6,24.4,45,119,96,144,0,99
Marmande,26.8,27.7,55,134,70,140,0,62
Noire de Crimée,22.3,20.7,80,95,91,168,1,50
Cœur de Bœuf,22.1,27.5,87,103,65,138,1,98
Cœur de Bœuf,18.4,22.6,60,120,65,164,1,93
Cerise,23.0,23.8,83,100,81,139,1,87
Cerise,23.5,20.1,55,94,62,169,1,88
Noire de Crimée,23.6,23.9,44,120,78,167,1,82
Marmande,25.1,24.5,63,91,93,158,0,91
Noire de Crimée,19.8,28.0,82,128,66,135,0,84
Noire de Crimée,20.5,27.8,40,106,75,148,1,88
Noire de Crimée,26.1,27.7,49,127,97,155,0,91
Noire de Crimée,27.5,22.1,82,135,68,138,1,91
Cœur de Bœuf,19.4,27.9,86,125,72,142,1,58
Marmande,23.0,23.1,74,92,93,155,1,55
Cœur de Bœuf,20.1,26.7,70,132,96,149,0,90
Marmande,18.6,20.9,54,118,65,131,0,58
Cerise,21.3,23.6,50,122,97,133,0,76
Noire de Crimée,19.4,27.7,48,103,63,136,0,91
Cœur de Bœuf,25.1,27.5,41,127,64,148,1,78
Marmande,23.3,25.2,83,118,65,164,1,53
Cerise,19.4,26.2,69,112,72,140,1,74
Cerise,18.1,20.6,55,106,83,148,0,65
Noire de Crimée,26.1,25.5,87,138,87,161,0,83
Marmande,19.8,24.6,40,100,72,143,1,60
Cœur de Bœuf,24.1,19.8,87,117,77,134,0,58
Noire de Crimée,21.4,20.0,45,96,66,154,1,84
Cœur de Bœuf,23.9,20.0,85,134,63,143,0,76
Cerise,21.2,25.5,50,129,90,168,0,88
Cœur de Bœuf,18.9,20.3,72,97,83,141,1,94
Cœur de Bœuf,20.2,23.2,56,130,81,149,0,94
Noire de Crimée,19.9,22.2,73,118,80,147,0,77
Cœur de Bœuf,22.3,24.0,85,114,85,130,0,92
Noire de Crimée,24.6,25.4,79,96,89,133,0,54
Cerise,20.6,25.2,64,111,94,141,0,65
Noire de Crimée,18.1,23.6,61,98,82,155,1,77
Noire de Crimée,23.2,23.2,65,100,99,161,0,51
Marmande,24.1,22.6,66,123,89,166,0,91
Cœur de Bœuf,27.6,26.8,77,116,78,144,1,59
Cerise,23.9,22.0,48,139,91,164,0,68
Noire de Crimée,22.7,21.3,76,111,78,155,0,69
Cerise,23.7,25.7,44,92,81,144,0,87
Marmande,27.3,22.2,57,139,63,137,1,97
Cœur de Bœuf,26.3,26.6,61,137,71,157,1,94
Noire de Crimée,21.2,22.0,85,129,74,159,1,84
Cœur de Bœuf,20.4,25.3,51,97,74,132,0,90
Marmande,20.6,19.4,83,95,69,135,0,59
Marmande,23.0,22.5,61,114,78,160,0,97
Cerise,25.4,22.1,45,91,67,155,0,99
Noire de Crimée,23.0,26.4,75,105,90,137,1,85
Cerise,18.7,27.7,66,130,68,168,1,65
Marmande,25.2,23.1,86,110,88,158,0,99
Cœur de Bœuf,26.1,26.4,54,104,66,146,0,75
Cerise,20.9,25.3,56,123,67,145,1,80
Cerise,24.6,27.7,42,136,76,133,0,91
Cœur de Bœuf,22.3,26.3,49,132,74,139,1,50
Cerise,26.9,19.7,64,109,75,145,0,72
Cœur de Bœuf,26.5,25.4,60,133,66,148,0,91
Noire de Crimée,23.3,23.8,79,120,78,168,0,98
Cœur de Bœuf,24.9,19.1,48,104,97,142,0,76
Noire de Crimée,26.8,21.3,63,137,84,133,0,68
Cœur de Bœuf,23.0,27.3,71,117,71,161,0,65
Marmande,21.1,27.3,42,95,91,147,0,87
Marmande,25.5,26.2,72,92,69,145,1,57
Noire de Crimée,20.2,27.8,82,127,83,154,0,65
Noire de Crimée,21.9,26.3,84,112,63,145,0,61
Marmande,26.7,19.1,51,92,96,151,0,58
Noire de Crimée,25.2,21.6,68,134,98,153,1,97
Cœur de Bœuf,22.0,19.3,60,133,63,157,1,56
Cœur de Bœuf,20.1,19.8,78,97,95,152,1,89
Marmande,21.6,21.0,73,91,96,150,0,86
Cerise,20.8,23.5,72,96,84,138,1,72
Cœur de Bœuf,19.8,26.6,71,106,89,131,1,90
Noire de Crimée,25.4,26.8,59,96,60,167,0,57
Cerise,20.5,24.5,42,122,88,157,0,72
Cerise,22.5,27.4,43,125,75,155,1,69
Cœur de Bœuf,21.9,23.5,56,136,96,156,0,97
Cœur de Bœuf,27.8,27.0,89,93,96,154,1,60
Cerise,21.9,23.1,56,133,66,150,0,50
Cerise,18.8,21.5,58,105,99,167,0,98
Marmande,18.9,27.2,43,110,92,154,0,93
Noire de Crimée,23.9,22.5,68,107,81,167,0,54
Marmande,24.0,23.5,56,135,86,140,1,63
Cœur de Bœuf,22.2,22.0,61,135,88,157,0,56
Marmande,22.3,25.0,41,117,75,165,0,73
Marmande,18.5,28.0,81,132,80,133,0,88
Marmande,23.2,19.2,51,105,70,148,0,53
Marmande,23.0,27.1,84,136,80,153,0,96
Noire de Crimée,19.5,19.0,50,111,68,151,0,76
Noire de Crimée,19.0,22.3,79,95,86,154,0,56
Cerise,19.2,20.5,68,119,98,137,0,73
Cœur de Bœuf,19.0,25.8,59,134,81,149,0,58
Marmande,24.1,19.5,44,117,74,130,1,50
Cerise,20.0,24.0,64,106,82,133,0,83
Cerise,20.5,21.7,73,125,88,141,0,89
Cerise,19.7,20.2,51,101,98,154,0,80
Noire de Crimée,27.6,25.9,67,139,75,150,0,88
Marmande,26.5,21.0,73,129,62,148,0,72
Marmande,20.3,21.0,45,101,75,163,0,52
Cœur de Bœuf,21.3,21.5,58,125,67,135,0,88
Marmande,20.1,24.3,51,129,85,164,0,69
Marmande,22.9,24.9,64,118,68,132,1,97
Cerise,18.2,19.2,52,91,94,162,0,75
Cœur de Bœuf,24.7,21.2,56,118,66,138,0,83
Marmande,23.2,22.9,51,119,67,136,0,81
Noire de Crimée,27.0,22.0,42,125,94,156,1,82
Marmande,19.6,27.0,63,133,98,130,0,89
Cerise,26.0,26.1,47,114,95,169,1,54
Noire de Crimée,25.9,24.6,87,110,65,147,1,59
Cerise,19.3,22.0,75,111,66,164,1,85
Marmande,22.0,25.3,65,99,71,146,1,79
Noire de Crimée,19.7,26.6,84,120,98,168,0,58
Cœur de Bœuf,20.5,24.4,47,136,60,140,0,95
Cœur de Bœuf,20.6,26.1,71,98,84,166,0,81
Noire de Crimée,23.6,25.7,71,130,71,140,1,70
Noire de Crimée,22.1,24.1,40,128,86,132,0,91
Cerise,27.5,21.8,42,123,82,142,0,99
Noire de Crimée,19.3,25.7,40,128,78,157,1,75
Cerise,27.7,20.9,54,130,80,167,0,72
Marmande,20.3,26.0,89,139,80,163,1,58
Cerise,25.7,26.2,59,112,83,157,0,54
Noire de Crimée,21.4,26.4,42,101,72,131,0,57
Noire de Crimée,19.4,23.3,54,96,95,131,0,93
Marmande,26.6,20.7,76,121,74,166,0,95
Noire de Crimée,21.1,19.9,60,108,60,145,1,92
Noire de Crimée,24.6,25.7,81,111,93,137,0,60
Cœur de Bœuf,23.7,27.0,78,105,90,169,0,85
Cœur de Bœuf,22.7,24.9,62,97,91,140,0,67
Marmande,23.0,20.3,79,119,95,144,1,80
Cerise,25.3,27.4,74,95,88,133,0,90
Cœur de Bœuf,18.9,27.9,57,91,69,152,0,57
Cerise,24.7,22.9,56,123,80,137,0,85
Noire de Crimée,27.0,24.4,70,118,95,145,0,68
Cœur de Bœuf,18.6,26.0,87,129,83,145,0,71
Marmande,19.4,25.6,65,131,86,153,1,51
Marmande,25.2,27.7,61,132,80,139,0,60
Marmande,22.4,20.0,84,109,77,163,0,52
Cœur de Bœuf,22.0,24.2,75,92,63,147,1,82
Cerise,19.4,25.2,74,137,77,145,0,59
Noire de Crimée,23.1,27.0,50,124,68,165,0,94
Cerise,19.3,26.9,66,97,89,137,1,52
Cerise,22.8,27.8,73,101,94,149,0,88
Noire de Crimée,25.6,23.6,57,139,89,152,0,86
Noire de Crimée,20.6,26.5,66,134,98,169,0,83
Cœur de Bœuf,22.8,22.8,43,132,65,143,0,99
Cœur de Bœuf,27.9,22.8,56,121,73,145,0,77
Cœur de Bœuf,24.9,21.3,45,118,88,167,0,63
Cœur de Bœuf,26.4,26.4,81,134,91,147,0,77
Cœur de Bœuf,22.1,27.9,50,110,73,169,1,79
Noire de Crimée,25.7,21.3,44,92,79,159,0,79
Cerise,18.4,19.5,57,127,68,165,0,76
Cœur de Bœuf,19.2,26.3,64,116,71,165,0,51
Cœur de Bœuf,20.0,24.6,49,92,73,168,0,86
Cerise,22.0,27.6,80,90,82,169,1,62
Cœur de Bœuf,26.5,21.3,55,135,93,130,0,88
Cerise,21.5,19.6,49,109,75,146,1,91
Cerise,24.5,23.4,49,96,77,157,1,77
Noire de Crimée,25.1,19.8,75,130,99,136,0,69
Marmande,23.9,21.4,60,90,92,149,0,88
Noire de Crimée,21.6,20.1,53,99,64,153,1,99
Marmande,23.8,21.0,47,134,98,130,1,67
Marmande,21.4,20.0,40,101,69,147,0,83
Marmande,18.8,27.6,55,93,81,155,0,97
Cœur de Bœuf,27.9,21.5,65,96,92,143,0,94
Noire de Crimée,19.3,23.0,88,99,90,148,1,66
Marmande,18.7,27.1,81,111,65,147,0,87
Cerise,26.8,25.1,45,114,95,136,1,72
Cœur de Bœuf,21.0,24.6,78,118,62,131,0,80
Noire de Crimée,24.5,25.4,89,128,63,136,0,58
Marmande,21.3,26.5,41,104,86,157,1,84
Cerise,21.9,26.9,48,108,97,157,0,74
Noire de Crimée,20.6,24.8,44,128,84,146,0,88
Noire de Crimée,21.4,27.0,79,135,96,159,1,79
Cœur de Bœuf,22.1,23.8,44,135,86,150,1,54
Noire de Crimée,25.2,21.5,86,107,95,166,0,77
Cœur de Bœuf,23.1,26.9,47,131,95,138,1,56
Marmande,27.4,23.9,44,92,66,165,0,91
Cœur de Bœuf,18.4,27.2,44,95,89,151,0,91
Cerise,23.0,19.4,56,111,88,144,0,91
Cœur de Bœuf,23.8,22.6,48,130,99,143,0,87
Cerise,27.2,27.5,73,135,64,156,1,68
Cœur de Bœuf,18.5,21.2,72,120,65,147,1,74
Noire de Crimée,23.7,27.5,61,110,66,139,0,67
Marmande,26.5,27.6,60,97,98,151,1,96
Cerise,20.4,26.9,82,90,91,152,0,75
Cœur de Bœuf,26.8,24.1,54,92,74,134,1,94
Cœur de Bœuf,18.2,24.8,40,118,72,154,0,69
Cœur de Bœuf,25.3,26.8,46,95,77,130,0,51
Noire de Crimée,27.3,26.0,62,122,69,153,0,79
Noire de Crimée,24.6,24.7,86,107,99,162,1,71
Cerise,22.4,27.8,45,131,70,166,0,91
Cerise,18.4,25.2,59,138,99,136,1,83
Noire de Crimée,27.2,27.8,65,90,99,153,1,84
Cerise,22.7,19.5,81,111,61,144,0,54
Marmande,18.3,20.3,51,120,86,140,0,64
Marmande,24.9,23.1,52,112,67,146,0,88
Noire de Crimée,22.8,22.5,86,97,97,152,0,64
Cerise,19.2,26.0,88,118,75,133,0,77
Cœur de Bœuf,20.1,20.4,52,133,83,160,0,61
Marmande,18.6,27.8,41,135,82,163,0,52
Noire de Crimée,23.7,21.8,71,108,73,139,1,59
Cerise,24.2,22.9,89,138,86,166,0,85
Noire de Crimée,23.1,21.5,70,105,69,139,0,56
Cœur de Bœuf,26.2,24.2,50,108,87,140,0,92
Marmande,26.6,19.5,76,126,84,160,1,66
Noire de Crimée,24.2,20.3,43,111,61,139,0,69
Noire de Crimée,18.1,25.7,73,108,92,167,1,96
Noire de Crimée,25.0,20.7,55,93,94,137,1,98
Cœur de Bœuf,22.2,21.1,70,94,72,140,0,95
Noire de Crimée,23.7,26.1,64,94,64,149,0,77
Cœur de Bœuf,24.5,19.8,78,114,64,153,1,61
Cœur de Bœuf,21.5,22.9,47,113,81,136,1,67
Cœur de Bœuf,27.2,19.2,47,90,93,150,0,94
Marmande,19.3,22.1,73,139,60,135,0,86
Marmande,24.7,25.3,54,117,76,160,0,61
Noire de Crimée,18.0,19.8,44,136,68,141,1,57
Noire de Crimée,27.2,27.0,58,110,69,166,0,89
Marmande,19.1,27.2,49,108,74,142,0,90
Cerise,18.9,19.9,48,112,88,160,0,68
Marmande,21.3,27.9,68,103,84,138,0,85
Cœur de Bœuf,21.7,21.7,79,95,80,156,1,55
Marmande,20.1,19.8,76,121,76,146,0,77
Cœur de Bœuf,23.9,19.0,58,139,86,137,0,93
Noire de Crimée,22.4,22.7,52,121,87,156,0,50
Cerise,18.3,24.7,85,97,82,169,1,99
Noire de Crimée,21.2,22.0,79,126,98,144,0,68
Cœur de Bœuf,26.1,26.5,55,111,95,168,0,98
Cœur de Bœuf,24.9,25.4,69,97,62,135,0,52
Cœur de Bœuf,25.2,22.2,44,127,92,161,0,85
Cerise,25.0,25.6,72,99,66,137,1,76
Marmande,21.1,27.5,58,92,64,164,1,95
Noire de Crimée,19.0,19.8,58,102,85,160,1,55
Noire de Crimée,20.7,21.8,56,128,76,155,0,79
Marmande,26.3,23.2,63,119,76,153,1,86
Noire de Crimée,27.8,23.5,67,93,62,131,0,76
Cerise,22.9,23.9,81,134,62,130,0,55
Noire de Crimée,18.1,21.7,76,95,93,139,0,94
Cœur de Bœuf,19.4,25.0,61,105,67,152,0,90
Marmande,21.2,24.8,78,111,65,162,0,66
Cerise,23.8,24.2,55,116,96,166,1,96
Marmande,18.8,20.0,74,110,81,140,1,79
Cerise,27.4,23.3,66,118,92,149,0,64
Cœur de Bœuf,21.7,22.2,51,90,66,155,0,68
Marmande,27.1,23.4,85,119,99,131,1,79
Noire de Crimée,25.8,27.3,67,113,78,154,0,89
Cerise,25.6,23.3,40,102,69,133,1,58
Marmande,24.1,19.1,78,119,82,148,1,83
Noire de Crimée,24.3,22.9,57,115,61,142,1,95
Marmande,24.4,26.4,62,123,80,148,1,75
Marmande,24.3,26.0,61,109,83,142,1,95
Marmande,23.5,23.6,43,95,72,141,1,86
Cerise,27.9,21.2,87,132,64,131,1,84
Noire de Crimée,25.3,23.2,50,138,77,166,0,91
Cœur de Bœuf,25.8,24.1,57,98,70,152,0,51
Cerise,26.7,28.0,87,126,96,148,0,62
Cerise,20.2,24.8,46,126,91,132,1,92
Cerise,18.8,25.2,60,105,87,153,1,92
Cœur de Bœuf,22.8,23.4,74,93,81,152,1,58
Noire de Crimée,23.1,22.2,76,121,87,133,0,70
Noire de Crimée,26.3,26.3,89,109,60,147,1,90
Noire de Crimée,22.4,23.5,69,118,65,141,0,93
Marmande,23.7,28.0,56,120,70,164,0,50
Marmande,23.3,23.1,72,134,92,156,0,69
Marmande,18.4,19.6,55,106,75,143,1,98
Cœur de Bœuf,24.2,25.1,54,130,72,160,0,54
Marmande,26.3,19.4,52,114,80,132,0,61
Cœur de Bœuf,19.6,21.3,78,134,98,134,0,92
Noire de Crimée,23.9,22.2,42,105,83,158,0,70
Marmande,23.9,25.7,63,109,86,168,1,97
Marmande,19.6,23.4,62,131,96,146,0,88
Cerise,19.2,19.3,84,99,62,148,0,72
Cœur de Bœuf,27.8,24.6,87,137,71,164,1,57
Noire de Crimée,21.9,22.7,40,112,66,162,0,71
Cerise,20.3,27.3,71,122,79,137,0,75
Cerise,19.7,23.5,72,132,74,166,1,68
Noire de Crimée,24.7,25.4,87,102,60,164,0,64
Cerise,24.1,21.0,69,114,69,149,1,86
Cœur de Bœuf,24.4,25.8,41,139,73,146,0,90
Cœur de Bœuf,18.9,25.5,57,126,74,142,0,70
Marmande,26.9,27.1,69,125,93,133,0,62
Cerise,21.9,19.3,57,113,84,159,0,56
Marmande,21.1,23.0,44,95,90,135,0,74
Cerise,22.6,25.1,44,104,69,131,0,82
Cœur de Bœuf,21.9,19.9,47,123,96,144,1,52
Cœur de Bœuf,26.6,22.7,48,93,65,163,0,88
Cœur de Bœuf,27.3,27.5,71,103,65,149,1,81
Cerise,21.0,22.9,53,93,87,145,0,90
Cœur de Bœuf,26.6,27.9,52,117,97,158,0,85
Cerise,25.8,19.5,57,118,73,156,0,89
Marmande,27.3,25.5,43,107,72,130,0,99
Cerise,20.5,24.2,89,109,72,142,1,72
Marmande,23.8,23.5,61,137,69,169,1,51
Cerise,20.7,27.7,59,130,75,161,0,81
Marmande,26.2,20.2,54,121,98,132,1,95
Cœur de Bœuf,18.1,27.1,46,97,94,143,0,55
Marmande,23.6,25.2,52,132,74,157,0,56
Cœur de Bœuf,21.4,21.3,73,135,82,155,0,70
Cœur de Bœuf,21.2,27.1,80,138,96,150,0,82
Marmande,24.4,22.9,69,102,67,140,1,65
Cerise,26.5,26.3,44,129,85,156,0,52
Cerise,24.1,22.5,40,135,81,130,0,75
Noire de Crimée,26.5,26.7,70,132,64,162,0,74
Cerise,20.6,24.7,59,98,93,147,0,64
Noire de Crimée,23.2,20.3,58,129,86,131,1,71
Cerise,22.5,24.8,68,135,78,133,0,92
Cerise,18.1,20.7,84,136,94,133,0,86
Cœur de Bœuf,23.6,22.7,77,122,79,146,0,98
Noire de Crimée,24.6,20.5,49,101,97,145,0,97
Cerise,23.9,19.2,68,126,72,138,0,69
Noire de Crimée,25.4,20.9,70,114,77,155,0,99
Cœur de Bœuf,23.7,23.8,50,135,77,139,1,78
Cœur de Bœuf,18.7,23.3,62,114,60,136,0,86
Noire de Crimée,19.2,23.5,69,105,91,138,0,68
Cœur de Bœuf,24.0,21.2,64,105,84,156,0,89
Marmande,20.7,25.2,55,128,80,161,0,80
Marmande,18.8,25.3,62,124,86,152,0,63
Cœur de Bœuf,22.3,22.2,72,112,70,156,1,92
Marmande,23.5,26.9,76,97,60,154,0,64
Cerise,21.3,24.8,67,135,78,158,0,50
Noire de Crimée,25.2,25.4,66,92,91,153,1,61
Cerise,24.4,21.5,45,113,67,145,0,60
Noire de Crimée,21.3,19.0,77,132,78,145,0,96
Cœur de Bœuf,25.5,26.8,76,111,75,157,1,58
Cerise,24.5,26.4,45,103,94,149,0,93
Cœur de Bœuf,24.4,20.1,64,111,61,148,1,82
Cœur de Bœuf,23.5,22.4,52,123,71,139,1,76
Noire de Crimée,18.1,25.0,72,125,88,155,0,83
Noire de Crimée,25.0,24.9,72,120,69,131,1,98
Noire de Crimée,21.8,26.7,64,110,81,132,0,50
Cerise,27.4,20.3,53,94,93,168,0,59
Marmande,26.2,22.9,79,108,80,131,0,62
Noire de Crimée,23.9,19.9,80,131,96,154,0,78
Noire de Crimée,20.5,22.5,81,110,64,133,0,96
Cerise,20.0,19.1,77,91,65,144,0,54
Noire de Crimée,21.4,27.1,48,92,91,147,0,60
Cerise,22.8,23.7,57,136,62,136,0,76
Cœur de Bœuf,21.0,26.6,54,119,69,156,0,88
Noire de Crimée,23.1,19.5,43,123,64,147,0,85
Noire de Crimée,19.7,21.0,73,114,83,136,1,76
Cœur de Bœuf,27.8,21.3,77,124,79,158,1,92
Cœur de Bœuf,19.1,22.5,56,118,96,162,1,88
Cœur de Bœuf,27.3,26.2,46,101,90,131,0,95
Noire de Crimée,27.1,22.5,71,112,76,147,0,74
Marmande,23.3,20.8,62,117,83,152,0,88
Marmande,25.2,19.6,59,135,77,135,0,73
Marmande,22.4,19.7,86,106,85,154,0,91
Noire de Crimée,24.3,25.8,41,105,66,148,0,97
Cœur de Bœuf,21.4,23.0,60,138,73,137,0,80
Noire de Crimée,21.0,25.5,51,98,61,166,0,56
Cœur de Bœuf,23.8,25.1,81,92,89,155,1,74
Noire de Crimée,23.0,20.2,88,111,76,158,0,71
Noire de Crimée,23.8,20.3,66,120,79,157,0,60
Cœur de Bœuf,20.9,25.8,89,103,69,136,0,74
Marmande,21.7,25.5,87,92,83,165,0,68
Cœur de Bœuf,18.8,22.4,49,127,71,144,0,53
Cerise,18.5,19.7,47,112,86,162,1,74
Cerise,20.5,19.1,60,110,74,134,0,83
Cœur de Bœuf,18.7,21.6,61,113,68,158,0,77
Noire de Crimée,19.0,19.1,52,121,77,146,1,65
Cerise,26.1,21.1,87,134,66,156,0,51
Cerise,18.4,22.8,79,94,87,146,1,75
Noire de Crimée,24.6,20.1,51,122,95,133,1,57
Noire de Crimée,20.7,19.9,56,133,62,141,0,92
Marmande,26.7,27.1,87,136,75,152,0,75
Noire de Crimée,22.8,24.3,48,108,95,140,0,87
Cœur de Bœuf,21.1,27.4,88,123,63,165,0,70
Cœur de Bœuf,23.2,22.1,79,92,94,141,1,99
Marmande,21.8,25.1,51,128,68,138,0,66
Cerise,23.6,20.8,48,117,71,153,0,79
Cerise,19.1,24.6,69,100,69,147,1,92
Noire de Crimée,28.0,20.2,45,99,61,156,0,87
Cœur de Bœuf,22.3,19.0,64,129,78,138,0,93
Cerise,21.5,27.4,67,91,72,162,0,61
Marmande,25.1,24.0,49,135,92,135,1,80
Marmande,21.6,27.3,80,134,60,162,1,93
Cœur de Bœuf,26.3,22.0,67,128,87,169,1,86
Marmande,22.5,22.0,68,116,99,135,1,87
Marmande,25.2,22.6,75,98,65,133,1,96
Cœur de Bœuf,19.1,25.4,50,128,62,132,1,56
Noire de Crimée,26.5,24.1,60,90,84,142,0,56
Noire de Crimée,25.4,27.3,77,122,75,155,1,84
Marmande,20.1,19.2,65,127,63,163,0,76
Noire de Crimée,19.5,25.4,57,122,67,142,0,75
Noire de Crimée,21.2,22.0,43,137,98,137,1,89
Marmande,27.8,20.6,83,92,75,141,1,92
Noire de Crimée,20.6,23.6,80,121,97,137,0,68
Marmande,22.6,23.5,54,102,82,148,0,71
Cerise,18.3,20.2,62,110,65,139,0,50
Cœur de Bœuf,22.0,20.8,80,93,75,161,0,83
Cœur de Bœuf,23.7,22.7,45,106,75,150,0,99
Noire de Crimée,27.5,22.7,82,131,82,152,1,81
Noire de Crimée,23.2,21.9,46,93,75,156,0,78
Noire de Crimée,26.2,20.3,85,109,95,154,0,71
Cœur de Bœuf,23.5,19.0,87,101,71,136,0,69
Cerise,18.4,27.7,54,115,96,164,0,77
Cerise,21.2,27.5,48,134,68,131,0,94
Cœur de Bœuf,23.8,23.4,69,125,77,157,1,99
Cerise,27.5,28.0,83,105,68,136,0,77
Cœur de Bœuf,26.6,25.1,82,96,80,169,1,57
Cerise,20.3,19.6,67,122,60,141,0,96
Marmande,20.2,20.1,69,137,82,146,1,70
Marmande,20.0,27.2,47,91,64,151,1,67
Cœur de Bœuf,27.2,24.7,74,122,78,138,1,91
Cerise,26.5,26.6,74,103,94,132,0,64
Noire de Crimée,25.7,27.1,65,109,92,151,1,59
Cerise,21.9,23.0,69,126,77,165,0,76
Marmande,23.0,19.4,74,116,99,168,0,67
Marmande,22.6,20.7,77,136,73,147,0,69
Cerise,20.5,19.6,50,131,79,146,0,87
Cerise,23.1,20.7,59,110,72,156,0,82
Noire de Crimée,18.3,22.7,85,91,75,164,0,95
Noire de Crimée,19.3,20.1,70,132,90,161,1,79
Cerise,26.9,20.5,73,105,98,132,0,52
Cerise,25.5,23.0,51,108,94,142,0,50
Cerise,22.2,22.1,87,93,79,146,1,59
Cerise,23.2,23.2,67,99,60,147,0,98
Cœur de Bœuf,21.7,22.9,42,111,99,146,0,50
Cerise,25.4,24.8,87,101,72,145,1,97
Noire de Crimée,25.8,27.4,81,91,66,151,0,82
Marmande,25.6,20.0,44,91,81,154,0,78
Cœur de Bœuf,25.2,19.9,52,130,66,130,0,84
Cerise,20.0,26.7,51,133,79,156,0,86
Marmande,21.4,23.6,40,123,96,143,0,80
Cœur de Bœuf,22.7,25.9,82,107,95,157,0,95
Marmande,21.3,20.9,58,105,63,165,0,95
Cerise,25.5,26.5,68,108,65,161,0,99
Cerise,21.3,27.3,86,136,62,158,1,56
Noire de Crimée,19.4,24.7,89,114,62,146,0,69
Cerise,22.0,20.0,87,119,62,157,1,92
Cerise,27.8,27.1,78,137,95,150,0,71
Cœur de Bœuf,20.3,26.1,81,95,68,153,1,91
Noire de Crimée,24.1,25.8,64,116,75,164,0,61
Cœur de Bœuf,22.3,19.3,55,104,75,149,0,59
Marmande,18.7,26.2,56,120,71,151,0,87
Cerise,22.9,20.2,67,133,97,133,0,80
Marmande,25.0,21.0,78,111,79,145,1,89
Cœur de Bœuf,23.1,24.2,82,101,90,150,1,88
Cerise,26.7,21.4,88,99,89,150,0,94
Cerise,20.9,25.0,44,110,80,169,0,70
Cœur de Bœuf,18.9,24.5,40,136,62,140,1,72
Cœur de Bœuf,27.4,20.0,42,120,80,166,1,80
Cœur de Bœuf,21.8,24.9,87,125,87,151,0,93
Cœur de Bœuf,23.8,27.3,63,99,87,149,0,93
Cœur de Bœuf,25.9,20.4,68,108,64,131,0,79
Cerise,21.2,24.4,54,112,66,140,0,71
Cœur de Bœuf,25.2,22.1,43,135,64,150,0,94
Cerise,19.4,23.1,83,99,68,162,0,70
Cerise,20.9,21.6,40,138,80,146,0,90
Cœur de Bœuf,19.4,22.2,88,116,79,165,1,69
Cœur de Bœuf,26.1,19.3,54,132,97,143,0,77
Noire de Crimée,20.2,27.8,63,139,99,166,1,88
Cerise,25.2,24.6,70,91,96,160,1,65
Cœur de Bœuf,27.4,23.5,59,100,76,133,1,68
Cœur de Bœuf,23.3,22.5,49,97,87,135,0,73
Cœur de Bœuf,23.4,23.9,50,108,90,150,0,92
Noire de Crimée,22.6,22.4,57,105,92,142,0,80
Noire de Crimée,21.3,22.2,73,93,91,167,0,54
Marmande,22.8,23.2,67,103,91,144,0,66
Cerise,24.0,21.5,77,111,82,134,0,50
Marmande,27.9,20.6,55,106,80,167,0,86
Cœur de Bœuf,27.4,24.0,63,132,84,153,0,79
Noire de Crimée,26.6,26.6,78,115,92,147,0,81
Noire de Crimée,26.9,20.4,51,124,62,158,1,81
Marmande,22.7,19.3,89,125,65,161,1,51
Noire de Crimée,24.6,21.2,81,134,87,136,0,83
Cœur de Bœuf,27.0,27.8,46,138,61,159,1,93
Noire de Crimée,21.9,26.5,75,119,91,167,0,78
Marmande,27.6,24.4,56,110,85,155,1,54
Cœur de Bœuf,22.2,27.4,88,109,64,137,1,79
Marmande,24.0,23.0,43,131,70,154,0,92
Noire de Crimée,25.1,27.8,76,115,69,159,0,94
Marmande,27.5,21.7,72,101,74,153,1,67
Marmande,20.4,21.2,58,97,77,159,0,63
Cerise,25.5,24.7,65,124,73,134,0,86
Noire de Crimée,23.2,22.4,50,118,87,133,0,60
Noire de Crimée,20.7,24.6,70,131,89,138,0,53
Marmande,25.8,21.7,40,96,72,162,1,71
Cerise,23.5,24.6,79,99,79,158,0,98
Noire de Crimée,24.6,21.5,75,128,61,160,0,95
Cœur de Bœuf,21.2,19.5,68,139,84,148,1,52
Marmande,22.8,27.2,64,109,71,131,0,73
Noire de Crimée,24.2,26.9,86,117,84,149,0,83
Cœur de Bœuf,22.0,27.7,88,103,63,141,0,57
Noire de Crimée,20.0,25.4,57,101,71,150,0,73
Cœur de Bœuf,27.6,25.1,42,97,66,160,1,65
Marmande,23.1,24.0,57,96,97,165,0,55
Noire de Crimée,25.3,20.1,46,94,99,149,1,70
Noire de Crimée,22.1,20.7,67,90,91,149,0,81
Cerise,21.6,21.6,56,136,65,165,0,88
Marmande,22.1,27.0,64,98,86,147,0,71
Cœur de Bœuf,22.1,20.6,57,133,94,135,0,96
Noire de Crimée,23.4,27.3,79,107,80,162,0,58
Noire de Crimée,23.4,23.7,82,132,79,139,0,67
Cœur de Bœuf,23.0,25.4,42,131,78,147,1,61
Marmande,19.3,20.0,64,99,92,163,1,55
Cerise,23.0,21.4,46,139,63,144,0,76
Cerise,19.7,27.6,86,90,78,132,1,93
Noire de Crimée,19.3,21.4,49,109,87,137,0,88
Cœur de Bœuf,27.3,21.7,83,132,81,140,0,96
Noire de Crimée,24.0,20.8,83,118,83,161,0,50
Cœur de Bœuf,24.6,20.2,58,91,89,146,1,64
Cerise,22.0,21.1,54,115,88,159,1,63
Marmande,27.1,24.8,60,100,69,137,0,62
Cœur de Bœuf,24.4,23.1,60,114,91,169,0,70
Cerise,25.7,24.0,76,123,68,136,1,95
Noire de Crimée,21.7,20.1,67,130,84,149,0,96
Cœur de Bœuf,27.6,26.2,84,90,75,141,0,90
Marmande,26.2,26.1,71,120,74,150,1,99
Noire de Crimée,26.5,19.2,80,127,77,157,0,55
Noire de Crimée,19.7,22.5,66,111,82,157,0,69
Cerise,20.7,19.6,62,91,62,145,0,53
Cœur de Bœuf,20.9,26.1,49,136,66,139,0,89
Noire de Crimée,20.7,25.6,79,90,98,151,0,68
Marmande,26.6,27.1,80,113,70,136,1,92
Cœur de Bœuf,18.3,21.1,45,139,83,133,0,89
Marmande,18.8,23.1,63,125,94,153,0,59
Noire de Crimée,20.7,20.7,57,134,84,163,0,54
Marmande,20.0,22.3,49,125,87,143,1,51
Cerise,20.3,23.7,54,136,71,146,0,80
Marmande,26.0,19.5,84,123,82,137,0,93
Cœur de Bœuf,23.6,25.4,82,98,76,142,0,69
Marmande,18.1,23.9,73,101,96,136,1,55
Marmande,22.3,26.5,47,135,77,132,0,92
Cerise,22.1,21.4,89,109,68,153,0,68
Marmande,19.1,27.1,74,93,94,153,0,67
Marmande,24.8,28.0,66,104,95,136,1,79
Noire de Crimée,25.0,27.3,64,93,77,159,0,56
Noire de Crimée,25.2,26.0,42,94,79,134,1,66
Cœur de Bœuf,25.3,26.3,60,99,80,169,0,53
Noire de Crimée,18.0,24.2,78,133,79,150,0,52
Noire de Crimée,27.5,20.7,71,133,65,137,0,74
Noire de Crimée,26.1,25.1,89,129,68,136,1,79
Noire de Crimée,27.0,25.4,60,125,88,168,0,85
Cerise,18.2,27.9,48,124,88,131,0,63
Noire de Crimée,27.3,23.9,89,90,72,141,0,90
Cerise,26.1,21.4,40,107,95,157,0,72
Cerise,26.4,25.2,43,120,86,148,0,99
Noire de Crimée,18.9,27.8,43,135,65,157,0,99
Marmande,25.4,20.6,88,138,98,164,0,65
Cerise,27.6,21.9,65,95,91,141,0,77
Marmande,24.8,23.9,73,95,87,157,0,61
Marmande,23.7,20.5,66,131,60,155,0,57
Noire de Crimée,27.5,19.2,54,108,90,167,0,79
Cœur de Bœuf,22.4,22.0,84,121,89,135,0,90
Noire de Crimée,24.0,26.8,71,131,77,148,1,99
Cœur de Bœuf,22.8,19.4,80,119,88,156,0,87
Cœur de Bœuf,27.3,22.9,46,115,97,138,0,95
Noire de Crimée,18.8,25.9,83,92,82,139,1,55
Noire de Crimée,23.0,27.6,83,122,81,139,1,88
Cœur de Bœuf,24.9,27.9,53,139,61,162,0,54
Noire de Crimée,25.9,22.8,62,120,64,147,1,52
Cœur de Bœuf,23.8,27.6,86,136,74,139,1,59
Marmande,27.1,19.3,40,109,91,136,0,79
Noire de Crimée,27.4,25.7,71,93,65,169,0,65
Marmande,18.6,24.8,80,121,73,161,1,60
Cerise,22.0,21.2,65,107,83,135,0,52
Marmande,18.2,23.6,87,99,80,148,0,64
Marmande,21.3,20.2,48,111,73,163,0,93
Cœur de Bœuf,23.4,26.8,55,106,71,134,0,50
Marmande,27.1,22.2,70,131,63,148,1,62
Noire de Crimée,26.5,24.6,41,93,80,143,1,97
Cœur de Bœuf,19.3,20.4,71,126,76,139,1,88
Cerise,18.9,20.9,49,96,88,140,0,88
Noire de Crimée,23.9,27.9,64,97,75,160,0,87
Cerise,23.3,25.8,57,90,77,131,0,52
Marmande,20.7,27.7,84,97,97,139,0,79
Noire de Crimée,27.0,21.7,73,108,70,150,1,93
Noire de Crimée,27.3,20.5,68,106,91,130,0,90
Cerise,22.0,23.5,84,130,87,160,0,75
Noire de Crimée,26.9,23.5,63,137,75,140,0,60
Noire de Crimée,21.8,20.6,42,98,93,139,0,55
Noire de Crimée,25.4,25.6,54,105,89,149,0,61
Marmande,22.8,22.3,42,134,97,150,1,65
Cerise,19.2,20.7,70,126,81,166,1,71
Noire de Crimée,27.3,22.0,49,116,64,166,0,71
Cœur de Bœuf,22.5,24.1,77,91,68,143,0,87
Cœur de Bœuf,25.3,25.5,61,125,72,134,0,61
Cœur de Bœuf,21.7,23.3,53,101,98,135,1,85
Cœur de Bœuf,18.2,23.7,48,139,82,153,0,99
Marmande,19.0,20.3,57,124,86,145,1,66
Noire de Crimée,23.0,27.2,47,120,91,152,0,89
Cerise,24.9,27.4,77,108,90,167,0,81
Noire de Crimée,21.3,25.2,54,115,92,145,0,94
Marmande,25.0,19.2,85,125,85,142,0,86
Cœur de Bœuf,25.0,23.8,54,93,77,137,0,52
Marmande,25.0,24.7,45,137,71,167,0,74
Noire de Crimée,22.9,28.0,51,132,62,161,0,68
Cerise,27.1,28.0,81,120,64,151,1,86
Marmande,22.9,26.7,58,102,73,146,0,99
Cerise,22.5,19.6,79,132,71,134,0,87
Marmande,20.0,27.6,44,128,63,137,0,90
Cerise,21.1,24.5,66,135,75,159,0,98
Cerise,18.4,26.2,49,93,70,148,0,92
Cœur de Bœuf,24.3,22.7,82,129,95,141,0,96
Cerise,20.5,21.9,85,133,97,154,0,68
Cœur de Bœuf,21.0,23.2,53,102,61,142,0,65
Noire de Crimée,25.7,20.3,73,130,72,133,0,75
Noire de Crimée,21.3,22.2,88,98,67,139,0,82
Cœur de Bœuf,20.4,26.7,54,91,80,157,0,64
Cœur de Bœuf,19.7,19.3,68,124,85,134,0,86
Marmande,25.7,20.4,65,101,97,157,0,69
Marmande,19.3,20.1,66,106,94,160,1,54
Marmande,22.5,22.6,42,93,74,145,0,97
Noire de Crimée,23.1,28.0,42,103,99,152,0,89
Marmande,24.9,20.6,74,110,89,158,0,73
Cerise,24.3,20.3,74,130,61,150,0,55
Cerise,26.1,27.2,89,97,75,131,0,61
Marmande,18.4,26.9,45,122,72,152,1,53
Cerise,21.0,19.3,53,134,60,145,0,97
Noire de Crimée,20.8,25.8,65,117,87,140,0,92
Cerise,19.5,24.9,42,92,60,138,0,62
Noire de Crimée,20.9,25.9,72,103,99,131,0,96
Cœur de Bœuf,21.1,23.5,81,108,93,147,0,70
Cœur de Bœuf,23.2,27.9,52,95,72,142,0,54
Cœur de Bœuf,24.6,19.4,68,125,61,137,1,62
Cœur de Bœuf,21.8,21.1,48,109,63,139,0,51
Cerise,25.2,22.6,71,90,84,156,0,93
Marmande,21.4,23.0,61,99,93,146,0,55
Cerise,20.9,27.3,61,102,72,153,1,78
Noire de Crimée,23.4,24.0,73,101,95,150,0,72
Cerise,18.2,19.4,49,100,91,130,0,84
Cerise,18.8,22.7,64,125,80,145,0,59
Noire de Crimée,22.2,22.7,51,106,85,162,0,69
Cœur de Bœuf,27.4,27.7,42,136,74,135,0,74
Cœur de Bœuf,25.2,24.4,58,118,88,141,0,85
Cœur de Bœuf,18.9,24.7,72,92,85,161,1,59
Marmande,26.5,25.4,86,118,80,140,0,76
Noire de Crimée,25.3,25.9,65,99,71,147,1,56
Noire de Crimée,24.1,24.7,52,135,71,131,0,99
Cerise,26.2,21.1,46,108,64,161,1,70
Marmande,22.0,26.9,73,93,85,149,0,71
Cœur de Bœuf,20.2,25.6,61,135,91,150,0,95
Marmande,23.1,25.7,59,127,61,165,0,67
Noire de Crimée,23.5,28.0,82,101,67,167,1,50
Noire de Crimée,23.4,26.2,62,120,86,156,0,74
Cerise,23.7,26.5,87,91,96,140,1,70
Cerise,27.5,27.6,53,138,67,147,0,98
Noire de Crimée,27.0,20.4,69,90,83,146,1,79
Cœur de Bœuf,26.8,23.5,62,106,72,163,0,81
Cœur de Bœuf,26.0,24.2,86,114,88,155,1,84
Marmande,27.4,22.0,58,94,72,135,0,96
Noire de Crimée,19.0,26.6,78,137,82,159,0,63
Noire de Crimée,20.7,25.9,80,103,74,168,0,88
Cœur de Bœuf,23.0,25.5,75,99,83,161,0,91
Cœur de Bœuf,26.5,28.0,45,110,82,146,0,74
Noire de Crimée,23.1,21.3,62,114,69,142,0,78
Cerise,25.5,25.6,49,124,97,142,0,89
Noire de Crimée,19.4,24.0,74,92,64,135,0,81
Noire de Crimée,20.5,21.8,60,107,64,151,1,60
Cœur de Bœuf,25.3,20.4,71,139,90,162,1,77
Cœur de Bœuf,19.6,27.1,69,125,99,162,0,54
Cerise,21.5,24.4,72,128,60,133,0,84
Cerise,20.6,26.4,45,122,61,143,1,74
Marmande,21.5,23.9,44,137,88,164,0,90
Noire de Crimée,25.1,21.0,54,106,66,156,0,56
Cœur de Bœuf,21.7,22.0,82,129,88,135,1,82
Cerise,23.6,22.4,64,95,68,130,0,91
Marmande,19.0,27.8,52,123,95,157,1,76
Marmande,26.1,19.1,45,115,66,158,0,93
Cœur de Bœuf,21.7,27.9,76,131,87,161,0,96
Cœur de Bœuf,24.5,27.8,41,120,69,157,0,70
Marmande,25.3,28.0,56,138,75,156,0,76
Cerise,20.1,23.3,63,117,69,139,1,74
Marmande,26.8,27.7,51,125,98,147,0,71
Noire de Crimée,24.2,22.6,83,102,85,133,0,60
Noire de Crimée,22.3,19.2,53,110,93,167,1,55
Cœur de Bœuf,19.8,21.0,46,115,93,161,1,52
Cerise,27.4,27.5,65,120,99,134,0,79
Cerise,25.6,19.1,71,105,73,151,0,77
Noire de Crimée,20.1,23.9,68,120,77,151,0,90
Marmande,21.4,19.7,85,102,60,131,0,66
Cœur de Bœuf,26.1,21.6,78,119,76,163,1,72
Marmande,25.0,19.8,48,121,81,131,1,83
Marmande,25.7,26.7,53,94,96,165,0,70
Marmande,22.4,24.3,56,101,75,169,0,54
Cerise,25.2,27.1,88,128,66,137,1,99
Noire de Crimée,21.9,25.2,64,130,74,162,0,93
Cerise,20.1,27.7,69,126,80,162,0,64
Noire de Crimée,24.3,23.6,84,93,61,133,0,95
Cœur de Bœuf,27.8,24.7,68,131,84,147,1,51
Cœur de Bœuf,21.1,24.2,68,137,68,148,1,73
Marmande,22.6,23.4,57,132,79,139,0,59
Noire de Crimée,24.7,26.6,70,118,69,159,1,69
Noire de Crimée,23.4,24.8,58,130,80,151,0,84
Noire de Crimée,26.4,26.2,56,94,63,168,1,90
Marmande,25.6,26.1,45,100,89,167,1,96
Marmande,18.6,20.7,51,119,93,130,1,70
Cœur de Bœuf,28.0,24.9,77,98,89,159,1,79
Cerise,25.5,20.8,42,138,73,134,0,78
Noire de Crimée,26.6,24.2,86,117,81,155,0,84
Noire de Crimée,24.5,25.1,74,111,60,160,0,87
Cerise,26.6,28.0,86,100,67,168,0,75
Noire de Crimée,19.1,19.3,72,110,70,141,0,69
Marmande,21.5,19.8,68,95,60,146,1,85
Marmande,26.8,19.7,42,115,64,147,0,92
Noire de Crimée,20.0,22.6,44,105,69,131,0,89
Marmande,18.8,26.4,53,103,98,153,0,67
Marmande,25.9,26.6,75,124,72,157,1,71
Noire de Crimée,26.4,25.6,67,131,80,168,0,62
Cœur de Bœuf,19.6,27.1,80,125,95,139,1,64
Cerise,26.5,21.9,71,111,92,162,1,65
Marmande,24.9,19.8,57,91,87,153,1,74
Cœur de Bœuf,23.2,19.5,81,102,68,140,0,52
Marmande,26.3,26.7,79,100,70,137,1,54
Marmande,22.2,25.6,52,101,99,156,0,76
Cerise,19.9,25.3,41,122,88,155,1,88
Marmande,20.8,22.1,64,111,66,141,0,82
Cerise,23.1,22.4,59,98,86,164,0,89
Cerise,23.3,27.6,46,133,81,144,0,87
Cerise,26.1,19.6,50,96,90,150,0,53
Cœur de Bœuf,25.9,26.0,44,106,89,166,1,92
Noire de Crimée,23.8,21.8,68,99,87,159,0,87
Cœur de Bœuf,25.8,19.4,57,127,79,134,0,99
Noire de Crimée,19.9,25.7,47,128,74,146,0,51
Noire de Crimée,18.5,22.0,66,135,74,155,0,68
Cerise,26.7,25.5,81,114,71,163,0,67
Marmande,18.8,25.4,41,116,76,162,0,60
Cerise,20.5,23.8,74,119,82,147,1,84
Marmande,25.0,26.0,65,119,65,154,0,60
Noire de Crimée,22.1,24.2,62,132,75,159,0,82
Cerise,26.8,21.6,44,123,86,166,0,51
Marmande,21.0,25.6,55,122,82,149,0,50
Cœur de Bœuf,18.1,24.3,81,121,60,131,1,82
Marmande,21.0,19.1,50,131,66,142,1,62
Cerise,23.8,27.1,58,101,98,169,1,76
Cœur de Bœuf,21.8,23.9,55,130,99,149,0,50
Marmande,23.3,26.8,71,112,99,135,1,91
Marmande,26.8,26.9,51,118,98,140,0,78
Marmande,27.1,23.0,41,132,77,154,0,94
Marmande,20.7,23.6,82,90,95,139,1,89
Marmande,22.6,22.7,61,109,81,160,1,71
Cœur de Bœuf,23.5,23.0,65,99,61,133,0,88
Noire de Crimée,27.5,27.1,72,108,85,154,0,69
Cœur de Bœuf,28.0,26.1,63,112,91,157,0,93
Cœur de Bœuf,20.4,20.1,44,110,82,153,0,89
Cœur de Bœuf,25.3,24.5,60,132,99,164,1,94
Noire de Crimée,21.8,28.0,85,124,77,134,0,51
Cerise,18.1,24.4,57,137,78,162,1,90
Noire de Crimée,18.1,26.1,78,121,83,140,1,66
Cœur de Bœuf,22.6,25.9,44,99,63,137,1,99
Marmande,22.9,22.2,47,91,61,150,1,97
Marmande,18.2,22.3,60,125,89,161,0,90
Cœur de Bœuf,24.9,25.5,86,137,97,134,0,54
Marmande,20.9,23.5,44,95,90,163,0,97
Cœur de Bœuf,23.6,24.1,52,132,99,138,1,75
Marmande,21.0,25.4,58,106,75,167,0,62
Noire de Crimée,19.7,26.0,68,104,92,161,1,83
Cerise,22.1,21.4,41,125,62,139,0,79
Cerise,20.3,20.3,76,113,77,141,1,93
Noire de Crimée,23.3,21.6,65,129,69,164,1,90
Noire de Crimée,20.0,23.6,68,118,61,168,1,51
Cœur de Bœuf,23.1,22.1,44,139,89,147,1,61
Cœur de Bœuf,19.6,24.1,71,103,89,152,0,71
Cœur de Bœuf,24.7,19.5,77,91,84,141,0,87
Marmande,25.5,23.6,87,137,83,160,1,62
Cœur de Bœuf,19.1,22.3,41,111,94,140,1,97
Noire de Crimée,22.7,23.8,44,136,69,163,0,74
Cerise,18.7,22.8,86,95,89,156,0,89
Marmande,24.0,21.6,72,98,85,150,1,88
Cœur de Bœuf,20.6,27.1,74,101,94,139,0,96
Marmande,23.3,20.7,58,131,83,142,0,86
Marmande,23.2,25.1,54,128,79,154,0,70
Cœur de Bœuf,27.2,27.3,74,94,98,142,0,67
Marmande,23.5,23.8,47,129,99,135,0,68
Cerise,23.8,26.9,86,133,94,164,0,62
Noire de Crimée,22.0,20.1,40,90,98,157,1,74
Noire de Crimée,27.5,23.4,77,99,69,149,1,65
Cerise,25.8,23.1,61,100,86,149,0,94
Marmande,20.9,19.1,56,116,74,133,0,78
Cœur de Bœuf,26.4,23.0,55,112,74,149,0,95
Marmande,22.3,22.3,84,109,96,134,0,65
Cerise,26.3,25.0,40,94,94,151,0,71
Marmande,26.2,27.4,42,102,62,153,0,93
Noire de Crimée,19.9,19.8,45,139,88,146,0,61
Marmande,25.0,21.9,42,99,63,134,1,92
Cerise,20.9,23.0,86,138,75,155,0,75
Noire de Crimée,21.0,23.1,69,125,64,165,0,77
Marmande,21.0,26.0,86,130,80,137,1,77
Marmande,25.3,23.0,50,139,99,138,0,72
Noire de Crimée,20.3,19.2,66,105,80,146,1,88
Cœur de Bœuf,18.0,25.4,61,96,61,137,0,79
Noire de Crimée,25.2,27.0,45,121,73,134,0,85
Cœur de Bœuf,19.7,23.6,77,114,64,139,0,87
Cerise,19.0,24.2,80,133,66,143,0,63
Cerise,20.4,20.5,85,115,70,156,1,80
Noire de Crimée,21.8,21.0,70,125,94,156,1,95
Noire de Crimée,22.8,21.1,82,117,89,134,1,61
Cerise,18.4,22.9,45,133,60,144,1,96
Cœur de Bœuf,27.7,27.4,89,101,75,157,0,60
Cerise,25.2,23.7,59,115,60,134,0,53
Noire de Crimée,21.2,20.7,86,93,81,151,0,74
Cerise,21.2,21.4,80,133,72,141,0,92
Noire de Crimée,22.5,22.5,50,112,86,137,0,74
Noire de Crimée,24.3,24.6,41,129,74,130,0,93
Cerise,19.5,23.0,70,113,76,164,1,69
Cœur de Bœuf,19.9,22.5,77,120,68,145,1,57
Marmande,26.6,24.1,65,119,64,159,0,73
Cerise,20.6,21.2,66,92,82,139,0,67
Marmande,21.8,19.7,85,105,70,163,1,87
Cerise,26.7,19.2,85,123,83,140,1,58
Marmande,24.6,21.3,70,127,67,149,0,73
Cœur de Bœuf,21.4,19.8,63,117,93,136,1,98
Cœur de Bœuf,24.8,22.0,52,138,90,150,0,54
Cerise,18.2,26.0,64,133,81,140,1,97
Noire de Crimée,25.4,25.4,76,130,73,166,1,94
Marmande,22.9,24.5,80,137,64,152,1,62
Noire de Crimée,26.1,26.7,64,96,76,160,0,70
Noire de Crimée,27.5,21.5,68,97,77,147,0,58
Noire de Crimée,27.3,27.0,70,96,78,153,0,51
Cœur de Bœuf,27.1,22.6,82,126,66,151,0,97
Cerise,23.1,22.6,78,96,85,166,0,50
Cerise,21.6,22.6,41,139,84,130,0,57
Cœur de Bœuf,22.7,19.9,51,107,77,135,0,73
Cœur de Bœuf,24.9,27.8,44,137,74,167,0,83
Cerise,26.8,20.2,66,128,88,158,0,59
Noire de Crimée,20.1,22.1,73,110,60,140,1,94
Marmande,27.2,21.9,53,123,63,145,1,50
Marmande,26.2,19.7,46,138,68,135,1,84
Marmande,27.8,20.4,76,116,95,130,1,90
Noire de Crimée,26.8,19.4,75,97,91,164,1,75
Cerise,20.8,21.6,49,123,83,153,1,53
Cœur de Bœuf,19.1,26.8,68,107,96,167,1,80
Cerise,19.1,22.1,55,130,77,132,0,54
Noire de Crimée,20.9,20.1,77,101,74,169,1,72
Cœur de Bœuf,24.1,24.8,60,111,79,131,0,83
Noire de Crimée,26.0,28.0,77,129,99,144,0,64
Marmande,27.0,21.1,80,111,61,151,0,52
Marmande,24.2,21.5,72,97,84,133,0,68
Noire de Crimée,18.1,27.7,68,131,72,153,1,92
Cœur de Bœuf,19.9,20.6,87,117,86,148,0,88
Cœur de Bœuf,19.0,23.6,56,139,72,159,0,88
Cerise,21.6,21.2,52,136,87,151,0,76
Marmande,23.0,27.4,45,121,74,168,0,71
Cerise,18.4,27.8,41,100,88,169,0,98
Cerise,21.5,26.3,47,110,80,156,0,64
Noire de Crimée,19.8,21.8,71,115,90,144,0,89
Noire de Crimée,24.5,22.6,75,103,82,166,0,91
Cerise,22.6,21.2,48,104,96,130,0,64
Marmande,23.0,27.0,62,103,62,141,1,81
Noire de Crimée,22.3,27.2,46,101,94,138,0,80
Cerise,27.6,22.8,70,125,73,148,0,88
Cerise,20.1,24.9,60,92,61,147,0,66
Cerise,23.2,20.5,40,133,72,168,0,62
Cerise,25.4,22.9,85,96,61,140,0,87
Cerise,23.6,24.7,41,128,71,140,1,86
Cerise,27.3,22.5,79,135,86,159,0,65
Noire de Crimée,21.8,22.2,50,90,93,149,1,77
Marmande,22.6,19.0,76,128,99,144,0,83
Cerise,18.9,26.2,57,114,64,154,0,81
Cœur de Bœuf,24.1,27.0,83,120,84,132,1,73
Noire de Crimée,20.9,27.7,63,111,70,155,0,86
Noire de Crimée,19.6,25.5,58,99,72,157,0,54
Cerise,23.4,23.9,44,107,87,135,1,93
Noire de Crimée,23.3,21.4,68,102,80,161,1,72
Cerise,18.8,28.0,78,97,85,140,1,99
Marmande,25.0,24.3,41,98,86,142,0,70
Marmande,24.2,25.1,56,104,85,146,0,50
Noire de Crimée,19.9,25.1,84,97,74,165,0,62
Noire de Crimée,22.7,26.6,50,122,65,159,1,93
Cœur de Bœuf,25.2,19.1,76,124,63,133,0,57
Noire de Crimée,23.3,21.0,52,108,63,143,1,50
Cœur de Bœuf,22.0,25.0,68,119,89,157,0,64
Marmande,21.2,27.1,71,98,72,136,0,59
Marmande,24.1,25.2,84,108,68,145,0,50
Cerise,27.4,22.7,79,136,73,143,0,63
Marmande,24.7,22.3,82,135,87,166,0,94
Cœur de Bœuf,18.7,25.6,47,115,99,168,0,91
Noire de Crimée,22.6,25.7,49,90,62,156,1,86
Cerise,26.9,24.5,64,92,88,159,1,90
Cœur de Bœuf,18.9,21.6,50,123,92,144,1,95
Noire de Crimée,27.9,27.3,67,114,74,168,0,70
Cerise,27.5,24.0,72,119,98,147,0,50
Marmande,18.8,26.1,78,90,74,140,0,96
Cœur de Bœuf,27.3,20.9,65,107,66,151,0,76
Noire de Crimée,21.6,22.1,47,122,71,133,1,80
Cerise,26.4,26.9,77,98,98,132,0,56
Cerise,22.2,19.5,65,96,66,153,1,67
Marmande,22.4,23.6,71,119,65,143,1,85
Noire de Crimée,24.3,23.3,85,102,85,132,0,73
Marmande,25.7,25.8,67,106,68,160,0,87
Marmande,18.3,21.5,46,102,83,164,1,84
Noire de Crimée,23.9,21.0,74,102,89,160,0,53
Noire de Crimée,19.9,27.3,41,131,75,141,0,51
Noire de Crimée,21.5,24.1,61,127,86,139,0,84
Cœur de Bœuf,21.5,19.9,89,126,92,149,0,67
Noire de Crimée,22.7,20.7,61,99,82,147,1,51
Cerise,21.3,28.0,42,103,78,165,0,76
Marmande,19.1,20.8,85,132,95,148,0,89
Cœur de Bœuf,19.5,24.5,89,94,78,146,1,56
Noire de Crimée,18.3,22.8,84,125,81,169,0,90
Cœur de Bœuf,22.7,27.0,47,124,92,140,1,80
Noire de Crimée,27.5,25.8,43,135,69,134,1,90
Cœur de Bœuf,19.2,24.4,54,134,91,166,0,83
Marmande,27.5,19.1,83,112,74,165,0,56
Marmande,25.3,26.9,85,94,98,143,0,94
Cerise,24.4,23.0,78,133,67,157,0,78
Cerise,24.5,27.4,51,117,84,138,0,57
Noire de Crimée,26.3,23.5,68,112,77,167,1,82
Marmande,19.1,25.2,48,131,74,158,1,52
Cœur de Bœuf,23.0,19.6,81,123,85,154,0,89
Cœur de Bœuf,25.0,25.7,79,120,80,137,1,81
Cœur de Bœuf,23.9,22.0,59,96,81,148,1,68
Cerise,26.3,22.2,73,96,93,131,0,53
Cœur de Bœuf,18.7,20.1,65,93,96,135,0,59
Cerise,24.9,20.3,87,133,96,159,0,67
Cerise,23.3,20.7,60,121,73,131,0,68
Noire de Crimée,21.8,22.0,62,117,63,148,1,61
Cœur de Bœuf,21.4,27.0,57,93,83,142,0,60
Cœur de Bœuf,24.2,22.3,63,128,61,137,0,81
Marmande,26.9,25.5,81,134,60,138,0,55
Noire de Crimée,23.0,19.7,68,97,61,152,0,87
Marmande,26.2,24.3,77,103,72,166,0,77
Noire de Crimée,22.0,23.3,77,119,86,137,1,75
Cœur de Bœuf,19.0,27.8,52,92,76,138,0,57
Cerise,18.6,26.6,71,91,76,145,0,59
Cerise,18.5,23.1,58,99,64,145,0,71
Cerise,21.8,26.0,56,95,83,141,1,83
Cerise,21.4,20.7,41,96,67,154,0,94
Cerise,25.2,24.1,57,105,68,140,0,71
Marmande,25.4,19.7,78,95,77,147,0,71
Noire de Crimée,18.5,22.1,66,105,75,142,0,55
Cœur de Bœuf,20.2,21.0,53,116,91,164,1,80
Marmande,20.7,25.5,54,101,99,147,1,85
Noire de Crimée,23.5,23.4,47,111,98,159,0,60
Cerise,19.4,25.8,48,104,91,166,1,67
Noire de Crimée,19.3,23.6,60,111,61,159,0,83
Noire de Crimée,27.4,19.8,82,124,97,132,1,52
Cerise,26.0,25.6,74,137,63,158,0,98
Cerise,19.8,26.5,53,139,64,154,0,90
Cerise,22.1,27.1,66,104,96,131,0,99
Cœur de Bœuf,21.6,24.1,47,112,96,134,0,87
Cerise,25.9,25.8,74,127,85,160,1,85
Cœur de Bœuf,23.1,25.8,57,138,68,134,1,66
Cerise,19.3,20.4,53,91,74,150,0,79
Cœur de Bœuf,25.4,20.5,47,91,83,155,0,79
Noire de Crimée,22.0,19.6,88,138,83,136,0,92
Marmande,20.6,21.9,47,108,94,159,0,99
Noire de Crimée,21.8,23.3,76,94,84,163,0,80
Noire de Crimée,23.0,28.0,83,93,85,157,0,81
Cerise,21.4,22.9,41,117,82,143,0,97
Cœur de Bœuf,20.4,25.5,56,107,65,147,1,68
Marmande,22.0,25.2,52,129,86,146,1,58
Cerise,18.2,20.8,53,130,78,154,1,98
Cerise,25.7,19.5,80,139,90,135,0,65
Cerise,19.7,23.9,80,120,97,134,0,87
Noire de Crimée,18.4,25.3,48,111,91,150,0,68
Cœur de Bœuf,24.5,28.0,66,100,61,168,1,79
Cœur de Bœuf,25.7,22.2,59,137,77,149,0,85
Marmande,26.1,27.1,77,105,87,140,0,60
Cœur de Bœuf,22.9,22.4,51,93,66,134,0,64
Cœur de Bœuf,20.1,25.2,81,110,82,167,0,73
Cerise,25.4,24.4,61,130,95,168,0,90
Cerise,25.0,19.5,76,134,83,164,1,70
Noire de Crimée,20.5,19.7,89,114,87,164,0,92
Cerise,27.0,19.2,78,109,84,154,0,59
Cerise,19.0,22.3,70,97,98,159,1,91
Cerise,27.8,25.7,52,132,63,131,0,74
Cerise,26.6,20.6,40,98,78,149,0,81
Noire de Crimée,24.9,24.5,77,107,63,165,0,82
Cerise,27.4,21.6,79,120,72,166,0,98
Marmande,25.2,26.2,48,124,60,131,1,99
Marmande,19.9,26.2,78,119,93,156,0,73
Marmande,22.4,26.0,49,107,66,161,0,70
Marmande,18.7,23.7,68,108,84,133,0,75
Cerise,21.9,21.6,79,130,82,156,0,66
Marmande,25.4,26.3,69,113,89,159,1,68
Cerise,21.9,20.7,41,139,66,132,0,52
Noire de Crimée,21.3,21.6,57,111,76,156,0,62
Marmande,24.0,20.7,67,137,92,167,0,51
Cœur de Bœuf,26.7,25.1,86,103,61,165,0,90
Marmande,18.5,25.2,71,108,97,130,1,94
Marmande,21.9,24.9,63,118,72,164,0,81
Cerise,19.6,22.7,77,111,91,141,0,82
Marmande,25.0,19.9,53,119,81,164,0,81
Cœur de Bœuf,19.1,27.2,64,104,68,147,1,91
Cerise,24.6,23.6,64,110,76,166,0,74
Cerise,20.9,22.7,71,115,77,152,0,52
Noire de Crimée,20.0,24.3,66,125,99,162,0,91
Noire de Crimée,27.4,20.7,71,101,99,143,0,56
Marmande,18.2,20.2,70,96,86,130,0,98
Noire de Crimée,22.4,22.6,89,100,70,156,0,74
Noire de Crimée,18.2,21.0,63,128,87,153,0,72
Noire de Crimée,22.8,21.2,74,109,67,131,0,77
Cerise,23.0,27.0,69,124,77,141,0,61
Cerise,21.2,23.8,72,93,72,142,1,57
Cerise,19.3,23.4,72,91,92,156,1,99
Noire de Crimée,21.8,25.2,85,109,74,149,0,84
Cerise,24.7,27.6,66,136,81,166,0,74
Noire de Crimée,25.8,20.0,72,109,97,163,0,79
Cerise,23.3,26.5,72,101,89,135,1,81
Cerise,23.9,24.3,43,106,65,137,1,85
Cœur de Bœuf,20.0,20.3,69,107,93,150,0,81
Marmande,20.9,21.7,83,129,78,168,0,74
Noire de Crimée,19.6,23.3,54,113,92,150,0,75
Cœur de Bœuf,20.5,25.2,68,97,73,135,0,57
Cerise,20.2,21.2,67,126,78,159,0,54
Noire de Crimée,23.2,23.8,71,130,99,139,0,92
Cerise,23.6,25.2,75,119,74,140,1,51
Marmande,27.4,23.0,69,109,69,130,1,68
Cœur de Bœuf,20.0,26.8,81,112,61,139,1,52
Marmande,24.4,26.8,82,126,61,154,1,61
Cœur de Bœuf,26.2,23.2,77,99,80,145,0,88
Cerise,23.6,27.8,81,122,71,148,0,81
Marmande,20.6,19.7,51,113,69,139,0,55
Marmande,20.6,19.0,42,125,71,143,0,57
Cerise,18.4,22.4,54,105,98,132,1,54
Marmande,21.1,24.4,87,139,61,133,0,62
Noire de Crimée,25.4,24.7,49,117,60,169,1,80
Cœur de Bœuf,18.5,23.3,61,101,61,162,1,62
Cœur de Bœuf,20.2,20.1,62,109,82,149,0,50
Cœur de Bœuf,25.1,20.5,50,136,87,144,0,95
Noire de Crimée,25.8,26.7,55,107,76,136,1,53
Cœur de Bœuf,22.6,26.8,88,126,99,132,0,69
Cerise,25.0,25.1,85,115,80,156,0,78
Marmande,21.9,25.0,55,135,93,166,1,81
Noire de Crimée,19.6,24.4,53,96,68,158,0,82
Cœur de Bœuf,22.0,20.8,45,132,76,155,0,63
Cerise,23.8,22.9,81,136,91,156,0,68
Marmande,27.5,25.3,56,110,64,154,0,52
Marmande,18.7,23.8,70,132,73,169,0,60
Noire de Crimée,23.1,19.2,81,121,84,159,0,58
Noire de Crimée,21.3,27.6,49,96,81,149,0,77
Noire de Crimée,23.1,26.6,85,112,64,136,0,51
Cerise,18.2,21.3,59,109,97,158,0,62
Cerise,21.1,24.5,88,109,68,163,1,84
Noire de Crimée,26.2,27.3,48,121,90,155,0,80
Cœur de Bœuf,23.5,19.9,54,115,80,156,0,92
Marmande,22.5,23.5,78,125,95,138,0,63
Marmande,20.9,23.1,41,113,60,151,1,64
Cerise,21.0,22.7,43,90,81,141,0,54
Marmande,21.8,26.5,63,117,82,135,0,88
Cœur de Bœuf,26.4,22.4,57,115,82,135,0,83
Marmande,27.7,19.6,50,123,74,156,0,87
Cerise,22.4,19.6,76,115,60,148,0,92
Cerise,21.9,19.4,65,125,65,135,0,51
Cœur de Bœuf,26.5,22.7,47,94,99,146,0,94
Cœur de Bœuf,22.3,25.5,61,91,94,158,0,82
Marmande,23.5,20.8,44,121,76,152,0,76
Marmande,20.3,24.8,41,123,82,146,1,52
Cerise,25.4,25.2,44,139,79,150,0,51
Cœur de Bœuf,23.3,21.3,74,119,87,139,0,77
Cœur de Bœuf,26.1,24.4,71,113,96,137,0,79
Cœur de Bœuf,25.8,25.2,83,117,77,143,0,90
Marmande,20.2,23.2,58,135,66,160,0,99
Cœur de Bœuf,25.2,22.0,78,92,79,147,0,72
Cerise,26.0,24.6,43,139,83,159,0,82
Cerise,21.5,27.8,62,99,75,147,0,63
Marmande,19.7,22.8,85,95,72,154,0,63
Noire de Crimée,18.0,22.5,58,123,87,166,0,99
Marmande,22.5,23.2,65,120,66,154,1,62
Noire de Crimée,21.5,19.7,89,132,74,159,0,53
Cœur de Bœuf,23.5,24.0,65,139,82,159,1,99
Marmande,19.9,22.0,46,135,82,165,1,68
Cerise,26.6,20.1,71,102,90,140,1,73
Cœur de Bœuf,20.6,23.2,86,128,64,168,1,85
Cerise,20.3,19.0,72,109,86,156,0,55
Cœur de Bœuf,22.8,22.6,83,121,69,145,0,61
Marmande,23.0,20.0,65,99,66,167,0,58
Noire de Crimée,20.2,19.2,63,115,91,161,0,62
Cœur de Bœuf,20.7,26.4,62,108,82,158,0,73
Noire de Crimée,19.7,27.2,77,118,68,139,0,95
Cœur de Bœuf,25.2,20.9,65,102,88,159,1,64
Cerise,25.7,23.9,84,123,86,140,1,95
Cerise,22.6,21.5,70,109,97,144,0,99
Cœur de Bœuf,25.1,23.4,45,133,80,152,0,79
Noire de Crimée,25.4,22.9,84,129,65,152,0,81
Marmande,19.4,21.4,70,107,85,136,0,81
Marmande,27.7,25.3,86,123,79,143,0,83
Cerise,26.2,20.1,87,137,74,138,0,84
Marmande,20.0,19.5,79,97,97,157,0,67
Cerise,19.9,25.9,84,105,79,135,1,68
Marmande,19.3,25.0,84,129,74,151,0,99
Cœur de Bœuf,19.4,23.5,51,112,88,147,0,64
Cerise,25.5,23.2,56,121,65,167,0,71
Cerise,22.7,23.5,65,102,75,151,0,74
Cœur de Bœuf,25.8,22.9,42,115,60,138,0,73
Cerise,25.5,22.5,54,127,65,147,1,55
Marmande,24.0,23.5,88,90,75,150,0,85
Marmande,24.9,23.8,77,91,92,144,0,59
Cerise,18.2,25.2,63,128,66,138,1,61
Marmande,21.1,25.4,69,102,69,131,0,54
Noire de Crimée,24.4,22.4,83,116,67,143,0,69
Cerise,18.1,22.7,75,93,80,150,0,86
Cœur de Bœuf,18.3,22.4,83,130,85,163,0,97
Noire de Crimée,26.5,23.8,66,109,96,136,1,67
Cerise,24.8,23.1,61,92,77,144,1,96
Cœur de Bœuf,20.7,27.0,41,112,63,168,1,89
Marmande,24.9,25.3,46,91,79,141,1,82
Cœur de Bœuf,25.9,27.1,55,105,99,136,0,90
Noire de Crimée,21.1,25.4,63,99,78,134,0,61
Marmande,18.4,27.7,69,117,92,168,1,82
Cerise,27.3,24.7,83,133,82,152,0,54
Marmande,21.5,27.7,87,107,68,157,0,58
Cerise,19.1,20.4,85,91,97,163,1,82
Cerise,22.9,19.5,40,103,77,154,1,79
Cœur de Bœuf,25.7,24.2,66,133,61,131,1,95
Cœur de Bœuf,20.2,27.9,48,109,76,138,0,66
Cœur de Bœuf,20.7,22.8,46,129,75,163,0,84
Noire de Crimée,20.4,20.9,44,112,83,161,0,65
Noire de Crimée,27.9,23.7,69,96,90,141,1,89
Cœur de Bœuf,20.0,24.8,81,134,60,148,0,68
Noire de Crimée,23.8,21.8,66,136,87,167,0,96
Marmande,27.3,25.4,49,103,92,139,1,51
Marmande,19.5,27.8,64,126,96,139,0,55
Noire de Crimée,27.7,27.1,57,97,98,164,1,91
Noire de Crimée,27.5,21.6,46,139,63,166,1,94
Marmande,26.8,21.9,70,94,60,161,1,96
Cerise,20.1,22.3,71,112,92,136,1,60
Marmande,24.3,22.6,89,130,69,139,0,58
Marmande,25.6,19.9,84,99,62,167,0,76
Noire de Crimée,27.9,25.9,50,138,96,156,1,63
Marmande,19.8,22.3,49,116,80,161,0,84
Noire de Crimée,25.7,26.9,61,124,68,136,0,69
Noire de Crimée,21.4,27.3,70,90,99,155,0,81
Cœur de Bœuf,19.8,19.2,80,96,83,151,0,97
Marmande,22.2,27.9,86,136,67,141,1,57
Cerise,25.9,25.4,53,97,83,153,0,60
Cœur de Bœuf,22.6,23.7,42,100,83,158,0,51
Noire de Crimée,23.4,22.5,63,123,69,161,0,54
Noire de Crimée,28.0,23.7,53,117,94,145,0,79
Cerise,22.0,21.9,55,123,63,155,0,93
Noire de Crimée,24.2,24.6,67,132,68,135,1,90
Marmande,21.7,19.8,74,109,70,130,0,60
Cœur de Bœuf,21.9,24.6,79,117,72,142,0,65
Noire de Crimée,25.0,21.5,41,138,86,167,0,74
Noire de Crimée,27.4,19.2,73,131,89,135,1,91
Cerise,23.4,24.0,57,126,98,167,0,74
Marmande,25.7,24.2,46,92,71,141,0,60
Noire de Crimée,18.9,22.8,88,98,78,138,1,50
Cerise,20.1,19.7,77,111,99,149,0,82
Noire de Crimée,23.0,27.0,81,114,63,168,0,50
Cerise,18.2,24.5,46,91,93,156,0,96
Cerise,20.5,20.0,43,112,82,132,0,58
Marmande,23.2,23.6,82,106,85,153,1,76
Noire de Crimée,18.1,23.5,55,114,66,144,0,87
Marmande,20.6,19.5,88,101,77,163,1,68
Cerise,23.1,24.5,45,116,63,161,0,89
Cœur de Bœuf,23.7,26.3,59,109,67,150,0,66
Noire de Crimée,27.3,25.7,70,98,81,130,0,61
Cœur de Bœuf,24.5,20.8,58,112,85,162,0,51
Noire de Crimée,22.1,26.8,61,125,72,140,1,57
Marmande,27.3,22.1,60,117,76,132,0,82
Marmande,25.8,27.5,57,139,95,151,0,62
Marmande,20.0,19.6,71,137,74,139,1,92
Marmande,19.3,23.4,86,118,77,167,0,70
Marmande,24.8,24.4,73,131,86,153,0,68
Cœur de Bœuf,23.6,21.2,66,121,65,136,1,83
Marmande,25.9,25.9,77,101,93,165,1,79
Cerise,25.4,24.6,83,119,64,130,0,69
Cerise,24.3,19.2,69,100,71,130,1,67
Cœur de Bœuf,27.9,24.5,72,126,88,155,0,70
Noire de Crimée,23.3,23.4,66,109,96,146,0,85
Cerise,19.1,20.8,62,100,71,140,0,56
Noire de Crimée,26.3,28.0,82,137,84,132,0,54
Cœur de Bœuf,20.5,27.1,58,136,93,139,0,58
Noire de Crimée,25.8,21.6,70,127,70,131,0,94
Noire de Crimée,27.6,23.9,43,134,82,161,1,67
Noire de Crimée,25.0,21.8,58,105,83,145,1,96
Noire de Crimée,24.0,26.0,77,124,77,155,1,99
Cœur de Bœuf,22.6,27.4,79,139,69,169,0,50
Cerise,21.6,22.2,61,90,64,168,0,85
Marmande,21.5,26.3,48,114,90,139,0,94
Noire de Crimée,24.4,23.5,70,138,84,165,1,63
Cerise,25.5,22.6,49,116,76,159,0,57
Cerise,24.8,27.4,49,121,87,138,1,86
Cœur de Bœuf,20.0,23.6,69,95,60,134,1,69
Cerise,22.9,23.2,49,130,61,136,0,80
Cœur de Bœuf,25.9,25.1,75,125,99,165,0,56
Noire de Crimée,22.8,21.4,57,128,61,130,1,90
Noire de Crimée,23.4,21.9,83,112,86,156,0,87
Marmande,25.7,27.4,82,118,67,141,1,93
Marmande,24.6,25.1,87,119,86,145,0,92
Marmande,22.1,26.4,58,111,96,137,1,64
Cerise,27.0,21.4,82,100,76,154,0,98
Noire de Crimée,19.6,23.9,62,115,63,142,1,84
Cœur de Bœuf,28.0,27.7,43,112,97,139,1,66
Marmande,19.2,21.9,51,92,90,169,1,76
Cœur de Bœuf,18.1,20.4,88,137,64,162,0,70
Cœur de Bœuf,26.9,23.6,63,95,84,164,0,89
Marmande,20.4,22.5,52,96,87,166,0,93
Noire de Crimée,25.3,20.4,43,133,78,168,0,94
Marmande,26.1,27.0,66,128,96,157,0,75
Cœur de Bœuf,26.6,27.9,77,111,82,145,1,93
Marmande,27.9,24.1,78,137,95,137,1,54
Cœur de Bœuf,20.9,26.0,47,139,72,162,0,82
Cœur de Bœuf,25.1,26.7,65,131,76,164,0,98
Marmande,19.2,25.3,73,122,89,167,1,54
Cerise,22.1,19.4,48,129,82,141,0,77
Marmande,26.5,20.4,49,92,62,144,1,70
Cerise,21.7,19.6,40,119,72,146,0,57
Cœur de Bœuf,23.9,19.1,87,137,91,156,1,51
Cœur de Bœuf,23.0,21.8,89,113,94,150,0,86
Cerise,24.5,22.5,47,92,61,150,0,63
Cœur de Bœuf,27.7,21.2,49,91,62,146,0,83
Cerise,18.6,19.6,82,133,88,156,0,93
Cerise,23.7,23.8,88,129,69,141,1,95
Cœur de Bœuf,26.6,21.5,64,108,79,165,0,86
Noire de Crimée,22.8,26.2,70,113,93,157,0,70
Cerise,18.8,19.1,78,139,74,154,0,76
Marmande,23.6,26.6,42,109,99,138,0,99
Marmande,21.3,27.6,78,136,60,166,0,67
Cœur de Bœuf,19.5,25.4,77,138,85,152,1,97
Noire de Crimée,26.5,25.6,74,139,91,140,0,54
Cœur de Bœuf,23.2,27.4,47,120,61,130,1,83
Noire de Crimée,27.3,20.9,40,139,91,145,0,67
Cerise,26.1,28.0,44,130,88,142,1,84
Cerise,24.9,26.0,66,120,79,149,0,75
Cerise,18.1,25.5,84,126,82,145,1,78
Cerise,22.3,22.2,65,132,71,145,0,90
Marmande,20.0,23.9,82,118,69,164,1,77
Marmande,27.1,24.9,65,93,78,161,0,55
Cœur de Bœuf,19.7,24.6,50,99,69,152,0,75
Noire de Crimée,20.9,25.3,73,125,78,154,1,67
Cerise,23.2,19.7,80,124,85,157,0,79
Cerise,20.6,22.2,41,137,83,131,1,82
Noire de Crimée,20.1,22.9,60,110,68,132,0,81
Noire de Crimée,24.0,21.3,65,132,88,160,0,99
Cœur de Bœuf,18.9,20.6,51,130,88,162,0,75
Noire de Crimée,18.6,20.3,48,90,96,162,0,71
Cerise,21.7,22.3,80,131,87,164,0,83
Cerise,25.2,23.4,62,101,62,165,1,98
Cerise,23.5,19.6,81,113,82,155,1,61
Cerise,22.2,27.5,44,91,63,141,0,71
Cerise,23.7,25.9,48,136,73,140,0,70
Cœur de Bœuf,21.7,25.6,89,109,97,135,1,73
Cerise,27.4,20.6,49,105,72,154,1,74
Cœur de Bœuf,18.5,24.4,88,123,87,163,0,51
Cerise,24.7,23.8,49,102,98,164,0,50
Marmande,26.9,27.8,53,107,79,150,0,59
Marmande,26.0,25.7,75,118,87,147,1,83
Marmande,19.8,24.2,49,132,91,137,0,54
Marmande,21.0,26.7,89,103,73,163,0,66
Cœur de Bœuf,25.2,20.4,76,119,72,143,0,50
Cœur de Bœuf,18.8,19.1,80,124,70,148,0,63
Noire de Crimée,26.1,25.2,77,98,97,149,0,70
Cerise,25.2,19.9,87,126,98,133,1,55
Marmande,25.3,20.0,61,135,74,167,0,60
Cœur de Bœuf,19.0,25.7,62,128,68,161,1,88
Cerise,25.2,21.4,55,101,62,155,1,69
Cerise,24.8,24.7,50,110,64,157,0,69
Cœur de Bœuf,26.3,27.3,86,107,87,141,0,70
Marmande,18.4,21.8,74,100,74,139,0,73
Noire de Crimée,18.2,21.0,87,116,62,164,0,90
Cerise,21.7,20.0,59,113,94,162,0,75
Noire de Crimée,19.5,20.2,76,130,66,143,1,52
Marmande,23.6,19.6,80,132,89,169,0,87
Marmande,27.2,19.8,44,139,83,152,0,90
Noire de Crimée,21.9,22.9,75,123,90,147,0,87
Marmande,26.4,21.9,52,109,73,141,0,77
Cerise,18.0,25.4,56,102,75,165,1,59
Noire de Crimée,19.7,26.8,65,136,63,154,1,73
Marmande,18.3,26.1,83,97,62,166,0,89
Noire de Crimée,21.3,23.8,59,126,94,169,0,97
Cerise,27.1,19.9,78,94,68,151,0,56
Marmande,19.0,25.4,72,96,63,135,0,72
Cerise,24.1,22.3,69,133,78,145,0,72
Marmande,22.5,19.8,55,101,83,152,0,73
Cœur de Bœuf,27.4,26.6,46,130,70,138,0,80
Marmande,19.2,22.0,69,93,74,164,0,99
Noire de Crimée,20.1,21.0,41,129,95,158,1,99
Marmande,18.3,26.8,51,108,90,143,1,96
Cerise,22.3,27.1,82,90,67,134,0,71
Cerise,20.8,22.1,79,132,61,150,0,76
Marmande,26.7,22.2,40,102,62,135,0,87
Noire de Crimée,24.0,24.2,42,139,62,130,1,54
Cœur de Bœuf,24.1,25.6,47,131,80,160,1,67
Noire de Crimée,23.3,19.6,65,134,71,157,0,57
Cœur de Bœuf,18.9,24.3,79,114,73,132,0,84
Cerise,22.5,27.6,50,133,82,167,1,97
Noire de Crimée,28.0,21.4,60,134,72,152,1,98
Cœur de Bœuf,26.4,27.2,44,123,75,169,0,66
Marmande,26.9,27.6,79,124,76,133,0,61
Cerise,26.2,21.4,65,106,77,135,0,88
Marmande,19.0,25.8,60,115,72,141,0,71
Cerise,20.3,21.1,48,110,85,141,0,55
Noire de Crimée,18.0,25.6,56,101,99,136,0,79
Noire de Crimée,21.0,26.2,76,105,98,157,0,51
Cerise,19.1,21.2,41,109,90,155,1,54
Cerise,22.7,25.4,86,99,99,136,1,51
Cerise,24.8,26.3,79,112,76,132,0,84
Noire de Crimée,26.7,22.2,67,136,91,142,0,54
Cœur de Bœuf,25.5,20.5,66,119,60,140,1,80
Marmande,27.4,19.8,79,97,94,168,0,66
Marmande,18.5,24.2,40,94,95,152,0,76
Noire de Crimée,18.1,27.8,85,101,78,130,0,80
Marmande,24.6,26.4,50,131,87,163,1,59
Cerise,20.9,22.9,78,103,61,160,0,61
Cœur de Bœuf,20.5,23.8,57,101,88,162,0,67
Marmande,21.3,21.5,66,113,88,165,0,62
Cœur de Bœuf,20.7,20.5,86,134,78,165,0,57
Cerise,23.1,23.3,49,106,87,143,0,84
Marmande,22.4,23.2,75,90,93,166,0,93
Noire de Crimée,23.1,23.7,60,131,90,161,0,53
Cœur de Bœuf,24.7,27.6,67,126,96,157,0,95
Cerise,21.9,24.4,40,100,78,130,0,56
Cœur de Bœuf,20.5,24.5,53,131,91,136,1,70
Marmande,19.7,20.2,59,95,88,145,1,94
Marmande,21.5,28.0,48,104,68,161,0,93
Noire de Crimée,25.4,26.0,84,130,66,153,0,64
Cerise,25.6,26.9,66,129,71,143,0,83
Cerise,24.7,22.7,88,112,90,144,0,71
Noire de Crimée,20.3,23.5,43,112,77,130,1,50
Noire de Crimée,23.9,23.7,76,127,87,157,0,55
Cerise,23.7,20.7,57,127,80,148,1,50
Cœur de Bœuf,22.8,25.2,70,138,68,136,1,68
Cœur de Bœuf,23.5,27.1,88,101,93,147,1,76
Noire de Crimée,22.9,20.5,78,96,93,142,1,59
Cœur de Bœuf,23.7,19.8,49,126,83,147,0,63
Cerise,25.2,25.6,48,105,75,133,0,83
Marmande,19.1,21.5,67,127,87,133,1,90
Marmande,25.5,24.6,67,129,94,156,0,81
Cœur de Bœuf,19.4,25.3,52,124,65,145,0,52
Noire de Crimée,18.7,21.9,57,129,97,143,0,95
Noire de Crimée,27.8,26.3,51,118,70,143,0,65
Noire de Crimée,27.6,23.9,47,128,63,136,0,88
Noire de Crimée,18.6,26.8,62,106,73,143,0,82
Noire de Crimée,22.4,25.9,89,115,72,135,0,54
Cœur de Bœuf,19.9,26.8,44,109,74,167,0,84
Marmande,22.9,19.2,46,135,67,156,0,66
Marmande,26.3,21.2,54,114,83,140,0,72
Cœur de Bœuf,27.5,19.8,42,127,70,160,1,75
Noire de Crimée,24.3,23.0,57,128,94,132,0,95
Cœur de Bœuf,21.5,27.0,77,126,84,130,0,97
Marmande,24.0,23.2,65,108,82,145,0,56
Cerise,21.1,26.6,77,110,66,156,0,90
Cœur de Bœuf,27.1,21.9,72,121,64,132,1,56
Noire de Crimée,26.7,22.1,60,117,91,137,0,64
Marmande,23.6,27.1,56,128,87,145,0,79
Marmande,21.2,22.8,82,130,62,131,0,69
Marmande,20.9,26.1,41,101,89,158,0,52
Marmande,18.3,21.1,64,136,64,145,0,71
Noire de Crimée,26.2,27.5,80,104,92,158,0,97
Cerise,22.5,24.2,58,117,79,160,0,99
Marmande,21.3,25.8,77,110,89,140,0,56
Cœur de Bœuf,22.7,19.8,64,105,81,161,0,80
Cerise,26.2,23.4,78,112,81,153,1,98
Marmande,19.2,27.1,43,115,97,148,0,99
Cerise,26.6,26.9,42,104,88,161,1,52
Cœur de Bœuf,27.0,19.4,73,126,80,139,0,92
Marmande,27.5,21.7,81,101,77,161,1,95
Cœur de Bœuf,22.0,23.0,49,93,70,152,0,66
Noire de Crimée,20.2,20.6,88,124,69,162,0,71
Marmande,21.7,25.6,66,120,94,159,0,86
Marmande,21.3,20.7,87,116,85,159,0,52
Marmande,19.8,22.1,65,121,63,136,0,97
Marmande,24.1,25.0,66,122,69,145,0,79
Noire de Crimée,22.8,23.3,40,102,98,130,0,73
Marmande,26.7,25.6,83,126,75,159,0,82
Cerise,18.3,27.7,59,133,89,163,0,92
Marmande,24.4,20.0,64,91,62,163,0,59
Noire de Crimée,25.6,25.4,49,127,93,167,0,56
Marmande,25.6,21.1,40,126,84,160,0,65
Cerise,26.9,22.7,55,139,97,137,0,81
Noire de Crimée,25.3,19.3,50,94,95,149,1,51
Noire de Crimée,27.3,20.2,43,107,63,158,0,57
Cerise,21.3,21.9,74,137,69,160,1,64
Cerise,23.0,22.1,52,106,72,150,0,97
Cerise,18.1,27.1,60,91,65,155,0,52
Cerise,18.1,25.7,54,138,66,160,0,69
Cerise,20.4,27.7,49,131,87,149,0,83
Noire de Crimée,19.0,24.4,77,124,96,151,1,96
Noire de Crimée,20.6,21.2,50,103,74,169,1,95
Marmande,19.8,21.9,71,101,89,155,0,90
Marmande,18.3,21.9,72,122,99,146,0,53
Cœur de Bœuf,27.1,21.9,59,96,69,154,0,72
Marmande,18.1,25.1,75,128,71,166,0,57
Marmande,25.4,23.8,69,134,76,156,1,59
Cerise,19.5,22.5,49,98,89,132,0,98
Cerise,27.1,20.3,54,94,60,153,0,87
Marmande,26.9,19.2,68,93,95,154,1,54
Cœur de Bœuf,24.5,21.0,40,121,99,139,0,59
Cerise,24.7,20.0,60,94,83,165,1,75
Marmande,18.1,26.1,54,133,97,147,0,98
Marmande,27.8,20.0,42,97,80,146,0,65
Noire de Crimée,26.8,25.5,72,102,91,143,1,72
Cœur de Bœuf,27.0,22.5,77,93,77,148,0,66
Noire de Crimée,24.6,19.7,58,100,72,147,1,77
Cœur de Bœuf,21.4,26.3,43,104,96,152,0,67
Cerise,26.9,24.2,51,135,80,137,1,90
Cœur de Bœuf,20.9,21.1,64,107,77,145,0,60
Marmande,23.6,27.1,73,109,99,154,1,83
Marmande,19.0,19.4,56,90,85,161,1,95
Cœur de Bœuf,27.2,20.8,45,90,64,148,0,64
Cœur de Bœuf,19.4,25.8,51,100,64,147,0,50
Cœur de Bœuf,20.2,25.4,54,118,90,161,0,82
Noire de Crimée,23.6,21.6,56,118,87,169,0,58
Cœur de Bœuf,25.6,19.6,40,113,72,144,1,93
Cerise,24.2,26.7,53,109,70,150,0,66
Noire de Crimée,20.3,21.8,41,119,60,140,0,64
Noire de Crimée,18.0,20.8,43,127,83,158,1,53
Cœur de Bœuf,25.6,23.6,41,94,72,161,0,86
Cerise,27.9,27.2,65,134,77,135,0,95
Noire de Crimée,26.1,19.4,85,99,83,148,0,55
Marmande,22.6,25.9,89,95,88,145,0,55
Noire de Crimée,27.0,24.2,79,93,87,141,0,68
Cœur de Bœuf,22.1,22.8,72,93,97,144,1,72
Cerise,23.2,25.7,87,96,81,140,0,79
Cœur de Bœuf,22.8,27.7,78,137,79,168,1,50
Marmande,22.5,21.1,45,122,70,139,0,58
Marmande,25.8,20.3,69,98,79,166,0,71
Marmande,23.3,27.2,61,115,72,153,0,50
Cœur de Bœuf,21.2,25.0,66,136,83,165,0,85
Noire de Crimée,20.6,22.9,58,130,83,130,0,74
Cœur de Bœuf,18.4,24.2,49,110,76,146,1,65
Cerise,23.8,25.7,45,111,64,143,0,75
Noire de Crimée,20.3,26.0,65,122,89,167,0,77
Marmande,19.5,27.3,81,122,73,154,0,54
Cœur de Bœuf,24.5,22.8,42,137,74,166,0,97
Marmande,24.8,21.6,42,94,68,164,0,71
Marmande,25.5,24.8,45,110,73,151,0,63
Cerise,23.0,22.7,88,116,69,136,1,58
Noire de Crimée,26.9,24.4,89,130,81,140,0,63
Cerise,27.4,22.8,49,90,90,139,0,65
Cerise,26.1,20.4,77,105,72,143,1,79
Cerise,24.4,23.2,52,124,76,164,0,81
Marmande,21.0,25.2,77,125,60,165,0,55
Cerise,27.8,26.2,51,133,73,135,0,66
Cerise,20.7,23.4,85,121,98,134,0,50
Noire de Crimée,20.0,20.5,88,118,94,136,1,67
Noire de Crimée,22.4,22.7,66,128,60,144,0,60
Cerise,18.6,26.1,47,136,86,150,0,60
Noire de Crimée,27.8,22.7,44,112,81,147,0,77
Noire de Crimée,23.9,25.3,75,104,93,130,0,61
Cerise,23.6,23.6,77,115,68,133,1,83
Marmande,24.6,21.2,82,126,95,140,0,65
Cerise,23.0,26.2,69,114,91,139,0,59
Noire de Crimée,18.3,19.8,76,91,97,148,0,95
Marmande,24.1,23.7,68,101,79,159,0,88
Cœur de Bœuf,25.2,20.9,61,108,86,149,1,57
Marmande,22.2,19.6,53,121,62,156,1,75
Noire de Crimée,25.6,23.5,49,112,70,141,0,91
Marmande,20.3,23.5,50,94,83,143,1,91
Cerise,20.2,25.4,74,114,88,163,0,91
Cœur de Bœuf,19.6,25.7,62,124,64,167,0,63
Cœur de Bœuf,21.7,25.6,47,118,92,131,1,58
Cœur de Bœuf,26.5,22.7,60,127,67,161,0,98
Noire de Crimée,26.3,24.7,76,134,78,147,0,68
Noire de Crimée,21.8,24.2,67,109,63,150,0,83
Cœur de Bœuf,23.9,22.8,70,136,94,140,0,96
Marmande,25.2,24.4,67,125,89,159,1,87
Cœur de Bœuf,20.4,27.5,81,96,64,148,1,78
Marmande,19.7,20.7,66,111,99,169,1,78
Marmande,27.7,27.2,79,107,97,159,0,77
Noire de Crimée,24.2,19.5,60,110,62,164,1,97
Marmande,27.8,21.8,48,111,75,133,0,98
Cœur de Bœuf,21.4,21.6,68,128,67,150,0,73
Noire de Crimée,25.0,24.6,54,101,64,134,1,77
Cerise,20.2,20.2,72,100,97,165,0,91
Cerise,20.6,26.9,76,101,94,156,1,93
Noire de Crimée,23.1,26.5,86,115,67,136,1,61
Cœur de Bœuf,21.2,24.9,75,119,95,160,0,68
Cerise,19.7,23.1,67,104,84,149,0,55
Cerise,20.6,27.4,49,97,67,154,0,51
Marmande,18.4,26.5,62,132,80,167,0,99
Marmande,25.0,23.5,67,107,68,154,1,88
Cœur de Bœuf,22.9,25.3,73,99,91,146,0,80
Noire de Crimée,18.9,24.1,44,97,72,166,0,86
Cœur de Bœuf,19.7,24.3,57,127,82,144,0,78
Noire de Crimée,19.0,22.0,45,124,67,139,0,89
Cerise,24.1,23.2,81,109,94,163,0,61
Marmande,18.9,19.7,86,101,87,136,0,82
Cœur de Bœuf,25.5,22.2,62,138,74,168,1,96
Cœur de Bœuf,18.2,25.3,67,92,88,154,1,94
Noire de Crimée,20.5,27.6,80,109,63,168,0,74
Noire de Crimée,26.9,27.7,52,139,93,157,0,91
Cœur de Bœuf,25.2,24.0,89,101,96,156,0,67
Noire de Crimée,18.7,24.5,64,113,83,166,0,79
Cœur de Bœuf,26.2,20.7,46,105,80,168,0,67
Cœur de Bœuf,22.9,25.3,41,99,61,167,0,56
Cœur de Bœuf,26.5,19.6,55,108,66,157,0,64
Cerise,24.0,21.6,41,130,70,163,1,79
Noire de Crimée,24.8,25.0,75,103,71,158,1,54
Marmande,27.9,21.8,41,103,63,137,0,54
Marmande,20.3,19.4,88,111,94,142,0,82
Noire de Crimée,24.2,26.5,77,93,99,166,1,55
Cœur de Bœuf,22.6,21.8,49,136,85,132,0,97
Marmande,18.4,19.6,53,123,77,143,0,89
Marmande,18.1,19.7,66,107,96,161,0,53
Noire de Crimée,19.2,21.3,54,123,75,152,0,62
Marmande,24.5,20.6,60,107,71,152,0,91
Cœur de Bœuf,23.7,26.0,51,129,99,142,0,75
Noire de Crimée,23.5,21.9,82,120,96,168,1,98
Cœur de Bœuf,18.3,26.2,72,131,78,150,1,69
Marmande,22.7,20.6,79,109,74,160,1,81
Marmande,27.2,23.4,61,125,81,136,0,81
Cœur de Bœuf,22.0,25.2,77,131,79,165,0,99
Cerise,24.2,24.9,83,99,72,148,0,86
Marmande,25.8,24.4,87,92,82,151,0,93
Cerise,25.8,27.3,57,110,90,153,0,50
Marmande,23.2,21.1,83,125,85,153,0,74
Cerise,26.6,23.4,41,99,91,150,0,74
Cerise,21.9,27.0,68,96,80,142,0,50
Cerise,26.9,19.7,46,111,76,135,0,52
Cœur de Bœuf,20.4,19.5,70,112,88,157,1,88
Cerise,20.8,21.1,80,101,88,161,1,70
Cerise,18.5,24.7,57,128,81,142,0,92
Cerise,26.0,21.3,48,102,78,163,0,74
Marmande,22.2,20.7,47,129,73,161,0,70
Cerise,20.3,23.1,72,102,98,143,0,96
Marmande,20.3,24.5,44,122,82,161,0,52
Cerise,27.0,21.2,87,120,61,134,0,89
Cerise,26.3,21.7,53,137,91,164,0,78
Cœur de Bœuf,23.5,24.5,52,117,97,133,1,84
Marmande,24.2,27.5,50,108,92,143,0,71
Cerise,22.7,25.1,59,110,66,147,1,72
Marmande,21.9,26.0,62,121,93,140,0,62
Marmande,27.2,22.3,84,115,63,148,0,83
Noire de Crimée,19.3,21.5,66,102,82,131,0,72
Cœur de Bœuf,22.2,23.1,54,118,79,163,0,84
Cœur de Bœuf,21.4,26.3,69,96,81,132,1,68
Cœur de Bœuf,23.0,23.1,55,136,88,158,0,64
Noire de Crimée,22.6,26.6,84,115,96,152,0,64
Noire de Crimée,23.2,27.9,79,95,62,130,0,75
Cœur de Bœuf,19.4,19.6,57,121,81,135,0,88
Noire de Crimée,23.1,19.4,86,125,79,146,1,52
Noire de Crimée,20.4,20.3,81,112,84,148,0,66
Noire de Crimée,19.8,22.5,62,100,93,131,0,79
Cœur de Bœuf,18.6,20.2,75,110,88,144,1,77
Cœur de Bœuf,25.6,26.8,77,108,69,152,1,83
Cœur de Bœuf,22.3,19.2,47,123,98,148,0,65
Noire de Crimée,24.3,21.8,78,138,96,162,1,92
Cœur de Bœuf,25.3,20.7,68,136,99,135,1,90
Noire de Crimée,24.8,27.4,51,139,79,148,0,60
Cerise,22.7,25.0,57,133,97,159,1,73
Noire de Crimée,21.9,27.2,89,124,82,151,0,72
Marmande,21.8,27.8,58,138,70,132,1,74
Cœur de Bœuf,24.4,23.5,75,120,67,134,1,86
Cœur de Bœuf,22.9,21.1,72,135,88,159,1,62
Marmande,26.5,20.7,44,118,95,132,0,68
Noire de Crimée,26.7,21.0,78,95,84,168,0,94
Cerise,19.7,25.4,67,125,98,168,1,83
Marmande,19.4,19.4,65,120,93,157,0,51
Marmande,24.3,19.5,82,121,91,130,1,57
Noire de Crimée,21.0,24.5,60,129,82,151,0,54
Cœur de Bœuf,18.2,24.8,62,109,80,168,1,60
Noire de Crimée,26.9,25.0,60,111,78,146,1,51
Marmande,20.3,22.3,50,92,84,157,1,87
Marmande,27.3,26.3,81,97,82,159,0,81
Cœur de Bœuf,25.2,23.8,78,134,78,169,1,73
Cœur de Bœuf,25.6,19.9,55,108,64,137,0,61
Cœur de Bœuf,20.0,26.2,72,120,78,156,0,87
Noire de Crimée,20.3,27.6,66,121,94,154,1,65
Cœur de Bœuf,23.2,19.5,40,104,71,142,0,73
Marmande,19.7,22.5,83,128,98,163,0,99
Marmande,21.1,23.4,55,120,84,168,1,90
Cerise,21.2,20.3,44,92,64,136,0,66
Noire de Crimée,19.6,26.8,85,121,71,151,1,81
Cerise,20.1,21.6,57,99,86,162,0,69
Marmande,25.9,26.0,80,117,63,167,0,98
Cerise,19.7,25.0,73,116,78,160,1,84
Marmande,18.3,24.4,83,137,83,162,0,79
Cerise,24.3,20.7,64,135,87,151,0,96
Cœur de Bœuf,27.8,21.0,81,129,92,156,1,91
Cerise,21.3,19.4,73,132,94,156,0,71
Cœur de Bœuf,19.2,21.2,54,120,75,150,0,80
Cœur de Bœuf,23.7,22.1,43,123,71,164,1,86
Noire de Crimée,27.1,26.5,43,94,75,139,1,73
Cœur de Bœuf,25.8,22.3,64,100,70,157,1,73
Cœur de Bœuf,24.2,25.8,80,96,87,169,0,62
Cerise,21.2,23.0,52,97,82,166,0,74
Marmande,23.4,26.1,81,106,76,162,0,80
Noire de Crimée,18.9,27.8,85,133,78,137,0,85
Cœur de Bœuf,24.8,21.2,64,139,70,166,0,63
Noire de Crimée,25.3,26.8,42,128,63,162,1,69
Cerise,27.7,24.6,74,130,69,148,0,88
Cœur de Bœuf,20.6,26.4,87,103,78,159,0,77
Cerise,18.2,24.9,48,113,95,143,1,74
Noire de Crimée,23.5,22.8,53,119,98,143,0,87
Cerise,25.1,21.1,61,139,81,165,0,92
Noire de Crimée,25.9,19.6,87,104,61,136,0,60
Cerise,19.9,23.8,48,93,92,163,0,67
Noire de Crimée,20.6,27.9,63,102,99,161,1,88
Marmande,23.1,25.6,62,94,86,162,0,68
Cerise,21.3,21.9,76,120,78,143,0,52
Cerise,26.6,26.4,84,101,63,154,1,90
Marmande,22.7,25.9,54,119,78,157,0,95
Marmande,26.0,21.5,75,138,84,168,1,98
Cerise,23.8,19.1,53,99,65,159,1,76
Marmande,25.7,20.1,59,119,72,160,0,72
Cœur de Bœuf,21.3,26.9,78,115,81,153,1,84
Noire de Crimée,26.3,26.5,75,133,63,133,0,87
Noire de Crimée,20.7,21.7,66,95,61,143,0,92
Noire de Crimée,23.5,21.6,56,116,62,138,0,62
Cœur de Bœuf,20.1,26.1,65,109,89,165,0,75
Marmande,22.8,27.4,80,117,63,135,0,63
Marmande,21.2,26.0,43,109,88,153,0,84
Cerise,20.7,24.5,42,101,92,155,0,90
Marmande,27.7,21.2,58,134,72,163,1,55
Cerise,19.6,23.7,80,110,98,130,0,92
Cœur de Bœuf,25.9,21.1,79,119,91,152,0,57
Noire de Crimée,27.8,26.3,78,138,87,146,1,89
Noire de Crimée,18.2,22.5,46,99,96,165,1,96
Noire de Crimée,25.0,26.5,75,94,87,166,0,64
Marmande,20.5,22.4,58,126,86,149,0,57
Cerise,18.4,26.4,51,97,84,155,1,94
Cerise,22.0,22.0,59,119,89,140,0,96
Cœur de Bœuf,27.4,23.0,77,106,65,149,0,65
Marmande,18.1,24.5,51,92,89,130,1,78
Cœur de Bœuf,23.9,19.6,68,110,68,142,0,83
Cerise,23.0,27.5,69,105,65,165,0,78
Cerise,26.7,24.2,59,121,88,167,1,84
Noire de Crimée,18.8,23.6,43,116,82,142,0,97
Marmande,24.8,26.6,41,95,65,143,0,59
Cerise,24.8,26.8,86,131,81,141,0,50
Noire de Crimée,24.7,23.7,69,105,61,163,0,54
Marmande,27.4,27.3,62,134,90,156,1,52
Cœur de Bœuf,26.2,19.6,45,92,65,141,0,88
Marmande,18.4,20.0,57,129,64,167,0,99
Marmande,22.7,24.4,61,109,79,165,1,63
Cerise,22.0,22.2,76,129,71,130,0,95
Cerise,21.1,23.2,43,96,97,155,0,76
Marmande,22.5,22.0,82,100,97,169,0,95
Cerise,21.8,22.6,50,118,67,169,1,78
Cerise,22.3,26.4,80,92,92,150,0,50
Cerise,27.8,24.3,74,110,98,161,1,67
Noire de Crimée,18.9,28.0,50,121,99,154,0,52
Noire de Crimée,27.2,26.1,73,119,90,141,0,75
Marmande,22.8,21.5,48,128,62,154,1,70
Cerise,24.2,21.4,70,100,78,155,1,73
Noire de Crimée,26.3,22.0,81,106,67,165,1,94
Marmande,21.6,26.6,71,114,89,145,1,96
Cerise,22.3,19.2,82,139,90,143,0,69
Cœur de Bœuf,22.1,21.1,74,114,88,163,0,78
Cerise,21.7,27.1,88,98,65,153,0,67
Cerise,27.3,24.8,50,134,61,137,1,52
Noire de Crimée,26.3,21.0,56,118,82,156,1,96
Marmande,19.1,21.0,75,104,89,168,0,99
Marmande,19.1,26.8,41,108,97,142,0,82
Noire de Crimée,22.3,27.0,63,104,98,158,1,67
Cerise,19.0,21.3,85,128,68,160,1,86
Cœur de Bœuf,24.2,22.8,54,124,66,148,1,70
Cerise,19.4,26.5,67,129,74,139,0,93
Cerise,23.2,25.9,42,102,74,169,0,68
Cœur de Bœuf,18.1,26.3,68,105,80,163,0,72
Noire de Crimée,21.2,23.7,84,92,73,130,0,69
Marmande,24.8,27.2,52,120,70,148,0,73
Noire de Crimée,22.8,21.9,89,90,70,130,0,68
Noire de Crimée,27.8,20.4,61,124,79,153,0,75
Cerise,26.7,25.4,70,105,72,154,0,82
Marmande,21.6,23.9,46,90,89,133,0,81
Marmande,18.5,26.7,87,139,99,153,0,84
Noire de Crimée,26.5,19.7,87,103,98,168,0,74
Cœur de Bœuf,27.1,26.6,65,96,79,149,0,82
Noire de Crimée,26.2,21.6,70,112,97,162,0,73
Cœur de Bœuf,19.3,24.9,77,124,67,157,0,98
Marmande,28.0,19.4,77,118,96,164,0,58
Noire de Crimée,20.6,24.5,43,111,92,153,0,86
Cerise,25.2,25.5,74,105,85,169,0,86
Noire de Crimée,27.1,22.3,72,118,98,131,0,60
Marmande,20.4,20.9,42,95,67,152,0,70
Cerise,27.1,23.8,58,107,77,162,0,66
Cerise,21.1,26.5,48,118,98,143,0,65
Cœur de Bœuf,27.8,21.9,85,114,73,144,1,54
Cerise,20.8,21.3,58,134,77,161,0,93
Cerise,27.5,21.5,58,91,80,152,0,95
Noire de Crimée,18.5,27.5,65,133,82,133,1,59
Marmande,25.1,22.2,52,121,63,149,0,62
Cœur de Bœuf,23.3,19.0,61,125,69,160,0,96
Noire de Crimée,22.8,26.0,87,121,70,136,0,55
Cerise,20.2,25.3,47,130,79,130,0,86
Cerise,25.1,20.2,63,109,78,134,0,65
Cœur de Bœuf,19.9,27.9,65,126,60,143,0,55
Marmande,23.5,24.5,87,131,90,159,0,78
Cœur de Bœuf,20.5,23.5,80,127,61,167,1,74
Noire de Crimée,27.6,22.4,80,122,64,152,0,72
Cœur de Bœuf,18.3,27.1,42,94,93,136,0,60
Cerise,20.0,21.2,46,95,63,168,0,78
Noire de Crimée,20.4,21.6,89,111,86,145,1,70
Cerise,22.1,20.1,41,110,98,138,0,75
Marmande,20.3,25.8,72,108,62,168,0,90
Cerise,22.9,24.4,51,132,85,163,0,86
Cerise,26.7,24.5,87,104,60,160,0,60
Cœur de Bœuf,25.1,21.0,51,123,75,136,0,87
Cerise,23.8,24.9,49,136,94,131,1,73
Noire de Crimée,18.9,25.9,80,96,78,135,1,66
Noire de Crimée,24.9,22.2,66,106,75,163,0,58
Marmande,19.7,26.2,57,133,92,146,1,57
Noire de Crimée,25.9,22.1,43,133,90,155,1,79
Cœur de Bœuf,20.5,25.8,79,94,81,141,1,56
Marmande,22.2,19.3,62,128,79,149,0,86
Noire de Crimée,21.5,24.0,60,91,65,164,0,98
Cœur de Bœuf,26.6,27.7,75,116,94,164,0,72
Noire de Crimée,19.3,27.8,69,134,98,158,1,58
Noire de Crimée,23.7,21.5,87,113,62,167,0,68
Cerise,19.4,23.0,60,130,91,160,0,93
Noire de Crimée,25.0,19.6,62,136,72,169,0,57
Noire de Crimée,27.1,26.9,60,117,73,142,0,97
Cœur de Bœuf,22.3,24.1,47,136,67,155,0,95
Cœur de Bœuf,22.9,22.5,78,90,78,151,0,63
Cerise,27.3,20.0,52,110,73,137,1,77
Noire de Crimée,23.2,27.5,79,117,70,169,0,84
Cerise,22.9,23.8,61,92,94,136,0,56
Noire de Crimée,23.8,21.5,46,119,95,134,0,55
Marmande,24.9,22.2,63,90,62,130,0,79
Marmande,19.1,21.4,44,134,84,169,0,86
Cerise,26.2,24.4,89,136,72,140,0,65
Cerise,22.4,27.4,65,134,75,161,0,92
Cerise,18.7,26.7,49,107,87,136,0,50
Cœur de Bœuf,25.9,23.1,50,138,86,158,0,91
Cœur de Bœuf,21.8,26.4,79,122,69,159,0,66
Cœur de Bœuf,19.0,22.8,77,104,77,150,1,56
Cerise,24.3,21.3,50,113,67,168,0,84
Noire de Crimée,26.8,27.9,87,125,66,168,1,54
Marmande,26.9,21.7,69,123,81,149,0,76
Cerise,27.6,21.9,43,115,97,151,0,79
Cœur de Bœuf,26.7,27.9,41,129,68,158,1,93
Cœur de Bœuf,18.0,20.2,52,111,99,133,0,91
Cerise,21.8,25.8,78,105,98,132,0,84
Cerise,26.2,27.4,56,129,88,138,0,65
Cœur de Bœuf,21.7,23.6,62,131,96,134,0,55
Noire de Crimée,24.0,19.0,84,105,88,132,0,65
Cœur de Bœuf,24.1,22.4,49,94,87,154,0,57
Cœur de Bœuf,21.7,20.0,52,95,80,161,0,69
Cerise,27.0,22.7,81,131,92,162,1,80
Noire de Crimée,23.0,26.1,78,113,85,147,1,69
Cœur de Bœuf,22.6,22.9,81,119,97,165,0,58
Cœur de Bœuf,28.0,22.9,68,126,74,158,0,79
Marmande,22.9,24.0,55,121,61,168,0,62
Cerise,19.8,24.2,42,108,71,131,0,75
Marmande,23.1,26.7,75,134,92,140,0,51
Marmande,26.1,21.8,43,117,74,160,1,90
Cœur de Bœuf,25.8,26.4,75,136,60,133,0,94
Cerise,25.9,24.1,55,97,92,158,0,95
Noire de Crimée,25.1,21.7,80,132,63,132,0,73
Cœur de Bœuf,20.5,21.7,45,90,87,131,0,62
Noire de Crimée,26.6,22.3,81,93,73,165,1,65
Noire de Crimée,26.9,24.6,67,111,71,143,0,67
Cerise,19.9,21.1,75,111,65,133,0,65
Marmande,19.3,27.3,62,119,79,159,0,51
Cerise,27.8,24.2,51,116,80,148,0,50
Noire de Crimée,26.7,27.3,81,116,75,148,0,59
Cœur de Bœuf,26.9,19.4,70,102,71,160,0,74
Noire de Crimée,26.9,22.1,51,128,79,144,0,63
Cœur de Bœuf,23.4,19.2,71,116,92,158,0,66
Cœur de Bœuf,24.5,21.5,64,128,61,132,0,67
Cerise,23.5,26.8,68,127,93,148,0,56
Noire de Crimée,18.5,19.3,58,97,85,151,0,70
Marmande,25.5,22.9,61,101,92,149,1,78
Noire de Crimée,23.1,20.1,63,113,89,136,1,76
Noire de Crimée,24.5,22.8,72,107,60,133,1,98
Marmande,23.0,26.5,75,104,67,130,0,53
Cerise,22.9,24.6,84,105,60,136,0,61
Noire de Crimée,19.7,25.6,79,122,69,151,1,71
Noire de Crimée,20.8,22.1,85,99,91,166,1,89
Cœur de Bœuf,19.6,27.5,55,136,99,159,1,83
Noire de Crimée,20.0,25.4,41,113,61,138,0,75
Marmande,27.7,22.8,47,134,90,156,0,77
Cœur de Bœuf,19.5,22.8,52,108,63,167,0,68
Cerise,20.7,27.3,69,116,71,152,0,80
Cœur de Bœuf,23.9,24.2,40,134,90,141,0,63
Marmande,24.1,25.4,51,130,82,142,1,72
Marmande,19.5,22.8,88,120,92,162,0,66
Cœur de Bœuf,25.9,21.0,46,110,67,144,0,72
Cerise,25.9,25.5,87,105,75,145,0,66
Cœur de Bœuf,20.4,24.5,53,112,74,163,1,57
Cerise,20.9,23.5,81,103,99,138,0,87
Cœur de Bœuf,27.4,24.6,74,112,85,156,1,59
Marmande,26.3,20.9,67,130,73,144,0,79
Noire de Crimée,25.0,26.1,51,107,71,164,1,56
Noire de Crimée,18.8,27.5,79,125,86,163,1,51
Cerise,22.2,27.0,87,101,90,169,0,96
Cerise,23.6,21.9,63,126,63,159,1,71
Cerise,19.9,22.7,40,100,89,152,0,54
Marmande,22.5,26.3,56,94,63,138,0,52
Cœur de Bœuf,24.0,24.4,77,110,90,161,0,58
Marmande,21.3,23.9,67,121,93,164,1,54
Noire de Crimée,25.8,27.3,72,118,63,161,1,69
Cerise,26.4,23.8,63,96,79,145,0,78
Cœur de Bœuf,21.2,23.6,86,125,77,161,0,55
Noire de Crimée,26.4,19.4,84,129,67,154,0,53
Noire de Crimée,19.0,19.6,45,116,61,159,0,85
Noire de Crimée,26.4,19.1,60,95,68,166,1,70
Marmande,19.5,27.2,84,127,75,166,0,66
Cerise,18.8,22.7,43,93,81,164,0,64
Noire de Crimée,24.4,23.2,72,135,71,137,1,76
Cerise,22.7,26.6,49,124,64,169,0,88
Marmande,27.1,24.5,75,99,98,165,0,68
Noire de Crimée,21.6,24.5,52,127,74,154,1,92
Marmande,20.9,21.7,75,139,67,147,1,52
Marmande,23.0,26.5,87,119,83,168,0,77
Cerise,22.6,20.5,48,131,78,139,0,96
Noire de Crimée,21.4,19.5,70,98,96,130,0,71
Marmande,24.9,20.7,43,105,77,133,0,98
Noire de Crimée,25.6,21.4,59,93,80,155,1,55
Cerise,26.5,21.5,47,115,98,140,1,80
Marmande,27.7,25.0,66,118,73,144,0,54
Cerise,20.7,21.0,75,117,74,161,0,62
Noire de Crimée,25.2,25.1,48,100,62,144,0,98
Noire de Crimée,21.9,19.8,82,117,70,157,0,83
Cerise,24.8,20.3,63,133,62,152,0,99
Cœur de Bœuf,22.8,23.6,76,121,89,132,0,59
Marmande,27.9,27.3,80,113,65,161,0,89
Noire de Crimée,25.3,26.7,79,131,65,149,0,89
Noire de Crimée,27.5,27.7,69,128,90,143,1,99
Marmande,26.3,24.9,65,96,81,164,1,93
Cerise,27.0,25.1,43,107,80,169,0,77
Cerise,26.1,24.6,40,92,97,138,0,70
Cerise,22.6,24.6,59,133,97,153,0,86
Cœur de Bœuf,20.5,20.3,67,135,65,133,0,85
Cœur de Bœuf,21.7,23.9,84,109,88,141,0,77
Noire de Crimée,18.2,22.5,63,123,70,153,1,62
Cerise,23.2,23.0,67,119,81,130,0,85
Marmande,23.1,23.7,67,98,98,143,0,50
Noire de Crimée,23.3,20.2,44,99,65,160,1,92
Marmande,27.7,22.2,71,95,89,139,1,58
Noire de Crimée,27.1,19.6,69,106,84,162,0,98
Cœur de Bœuf,19.6,27.8,60,104,95,165,1,69
Noire de Crimée,21.7,20.1,81,122,60,164,0,92
Cœur de Bœuf,22.2,21.3,55,102,81,147,1,91
Noire de Crimée,21.6,27.0,47,131,68,154,0,66
Cerise,26.0,23.3,51,133,67,141,0,52
Marmande,23.2,20.2,71,111,93,157,0,81
Cerise,23.7,22.5,64,105,75,138,0,84
Noire de Crimée,26.5,20.0,42,123,78,153,0,55
Noire de Crimée,26.1,20.8,65,92,67,149,0,55
Noire de Crimée,19.3,19.5,75,97,71,155,1,74
Cœur de Bœuf,25.1,22.9,56,109,90,134,0,77
Marmande,22.4,26.3,66,136,92,156,1,88
Marmande,20.9,24.3,61,113,78,157,0,50
Noire de Crimée,18.5,24.5,84,107,86,166,0,89
Noire de Crimée,22.9,20.8,77,112,83,169,1,65
Cœur de Bœuf,21.6,22.1,74,90,87,136,0,69
Cerise,20.5,26.6,85,91,63,148,0,73
Cerise,24.9,19.8,46,94,71,151,1,64
Marmande,25.7,26.7,42,107,82,147,0,59
Cœur de Bœuf,20.4,23.4,45,105,79,144,1,61
Noire de Crimée,18.5,26.5,52,99,99,162,0,86
Marmande,26.5,21.9,85,118,87,168,1,84
Cœur de Bœuf,18.1,22.0,54,124,60,134,0,76
Cerise,27.4,25.8,65,114,70,169,1,62
Cœur de Bœuf,24.3,26.1,87,131,90,166,1,79
Cerise,21.2,21.1,72,113,97,134,0,52
Cœur de Bœuf,20.5,27.8,54,102,68,166,0,84
Marmande,18.1,19.8,78,110,65,136,0,97
Cerise,20.4,19.6,80,131,65,131,0,61
Marmande,19.4,24.4,86,132,62,159,0,99
Marmande,24.1,25.5,53,128,91,140,0,78
Cerise,19.7,27.6,58,123,94,166,1,79
Cerise,23.3,22.6,67,108,75,168,0,71
Noire de Crimée,23.9,19.2,63,117,61,162,0,66
Noire de Crimée,21.0,24.4,89,116,95,138,1,76
Noire de Crimée,18.4,21.6,80,139,66,140,0,71
Marmande,18.4,22.9,72,115,94,141,1,98
Marmande,18.3,23.4,51,100,89,139,0,98
Noire de Crimée,25.4,19.6,49,138,88,140,1,56
Marmande,21.2,23.4,46,124,60,162,0,95
Marmande,26.0,22.8,85,109,60,149,1,60
Cerise,22.3,25.4,40,101,66,134,0,65
Cerise,22.5,24.8,54,117,62,153,1,85
Marmande,23.1,20.7,40,91,95,161,1,71
Noire de Crimée,25.1,20.9,84,90,98,160,1,89
Cœur de Bœuf,20.7,21.3,59,98,90,143,1,86
Noire de Crimée,19.2,20.6,41,111,84,148,0,52
Cœur de Bœuf,23.6,24.9,42,129,83,153,0,84
Noire de Crimée,21.3,27.9,75,116,60,161,0,98
Cerise,22.4,24.9,55,98,97,141,0,87
Marmande,24.5,24.5,68,96,90,150,0,91
Marmande,22.9,22.7,83,125,96,165,0,90
Cerise,24.2,21.8,75,137,70,154,0,87
Cœur de Bœuf,23.4,27.2,83,127,62,143,1,73
Cœur de Bœuf,25.4,27.7,78,139,71,137,0,83
Cœur de Bœuf,25.1,23.5,42,91,79,158,0,84
Cerise,23.3,21.6,76,132,89,154,0,60
Cœur de Bœuf,24.8,25.9,83,94,69,152,0,64
Cerise,26.7,20.2,51,106,98,165,1,63
Noire de Crimée,22.3,25.9,59,126,74,141,0,94
Noire de Crimée,22.1,26.4,62,124,80,141,1,66
Cerise,25.6,20.1,61,97,77,147,0,70
Marmande,23.8,27.8,71,132,91,165,1,77
Noire de Crimée,18.7,27.9,46,92,78,148,1,92
Cœur de Bœuf,26.9,27.4,61,92,89,164,0,87
Cerise,18.3,23.5,83,90,92,156,1,71
Cœur de Bœuf,25.5,21.2,41,113,81,132,1,83
Cœur de Bœuf,25.6,24.2,53,134,88,142,0,50
Marmande,27.5,22.8,55,119,83,167,1,72
Cœur de Bœuf,18.5,20.9,63,131,63,148,0,81
Marmande,24.0,22.8,46,115,71,164,0,53
Noire de Crimée,22.3,25.0,43,127,95,144,0,90
Cerise,21.3,19.6,76,132,63,145,0,92
Cœur de Bœuf,18.9,22.0,85,129,64,164,1,55
Cerise,23.6,19.2,80,132,78,134,0,65
Cœur de Bœuf,22.8,25.7,44,127,98,136,0,59
Cerise,19.0,24.8,41,133,90,150,0,84
Cœur de Bœuf,24.1,19.6,44,139,66,130,1,73
Cœur de Bœuf,25.4,27.7,42,92,71,154,0,59
Cœur de Bœuf,25.7,19.2,81,102,69,159,0,61
Cœur de Bœuf,27.1,24.3,47,125,88,148,0,82
Cœur de Bœuf,22.1,26.0,65,130,80,153,1,76
Cœur de Bœuf,27.5,26.1,49,137,72,144,0,74
Cœur de Bœuf,26.7,19.3,73,101,82,164,0,59
Cœur de Bœuf,21.0,27.2,85,109,65,153,1,74
Cœur de Bœuf,19.6,27.3,75,128,90,165,0,81
Cerise,22.4,24.1,51,133,68,143,1,91
Marmande,22.0,23.3,59,97,83,151,0,75
Cœur de Bœuf,23.8,19.4,68,136,75,168,1,53
Marmande,23.8,24.1,53,91,70,137,1,58
Cœur de Bœuf,25.5,22.7,87,100,95,145,0,76
Cœur de Bœuf,23.1,26.0,44,110,60,146,0,58
Cerise,19.0,22.6,87,126,80,134,0,93
Noire de Crimée,26.6,25.2,66,95,95,164,0,75
Noire de Crimée,21.1,19.9,43,108,96,166,0,60
Cerise,27.7,20.2,68,119,65,147,1,87
Marmande,19.2,20.3,42,135,73,150,0,81
Noire de Crimée,27.6,19.4,72,128,88,130,1,79
Cerise,18.9,23.9,69,133,60,146,0,88
Cerise,20.3,26.1,75,138,67,137,1,58
Noire de Crimée,18.5,24.5,48,125,78,158,0,60
Marmande,25.1,24.2,40,109,82,149,1,72
Cerise,26.5,25.1,87,99,98,166,0,66
Cœur de Bœuf,22.3,22.1,62,113,70,168,0,81
Marmande,27.3,22.3,42,122,86,134,0,60
Marmande,23.9,21.8,71,118,99,139,0,71
Noire de Crimée,24.3,25.4,63,119,95,135,0,99
Noire de Crimée,26.5,20.5,45,125,79,136,0,81
Cœur de Bœuf,21.0,19.1,52,134,67,164,0,58
Cerise,21.5,24.4,88,95,95,156,1,66
Noire de Crimée,27.1,27.5,54,136,85,150,0,74
Noire de Crimée,27.0,24.5,69,103,94,153,0,65
Marmande,27.8,26.0,51,92,62,158,1,95
Noire de Crimée,27.0,25.1,79,113,63,156,0,82
Noire de Crimée,19.3,23.5,87,108,88,167,0,51
Noire de Crimée,26.2,25.5,74,127,87,131,0,92
Noire de Crimée,22.1,26.4,67,123,78,154,0,88
Marmande,27.9,21.0,43,98,87,131,0,91
Cœur de Bœuf,22.7,22.0,46,119,77,167,1,61
Cœur de Bœuf,23.5,21.0,86,121,73,147,1,92
Cerise,23.3,23.1,82,102,73,136,0,83
Noire de Crimée,21.2,27.0,55,107,88,133,0,74
Marmande,18.8,22.1,61,133,62,169,0,63
Cerise,27.0,22.4,85,111,93,139,0,58
Cerise,26.0,26.7,84,93,68,157,0,79
Cœur de Bœuf,19.4,23.6,80,112,99,159,0,61
Marmande,25.8,23.8,64,96,64,153,0,59
Marmande,24.3,26.7,89,133,88,165,0,73
Marmande,22.1,23.4,42,100,64,145,0,83
Cœur de Bœuf,20.5,25.1,61,128,72,162,0,61
Cœur de Bœuf,26.6,19.8,70,131,85,139,0,75
Cœur de Bœuf,25.0,20.6,76,130,68,150,0,81
Cœur de Bœuf,23.5,22.6,61,123,63,156,0,84
Cœur de Bœuf,24.1,23.5,66,94,98,150,1,62
Noire de Crimée,18.9,27.7,41,131,90,156,0,68
Noire de Crimée,22.7,27.7,61,114,64,161,1,62
Marmande,19.9,26.7,56,117,66,134,1,71
Cerise,20.1,21.8,87,103,87,164,0,97
Marmande,24.6,27.7,59,116,99,151,1,72
Cerise,27.1,25.2,63,105,73,165,0,50
Cœur de Bœuf,22.0,22.5,84,116,83,139,0,57
Cerise,20.1,25.3,70,91,97,163,1,94
Marmande,24.5,19.1,82,108,64,135,0,88
Marmande,26.7,20.3,47,112,93,143,0,83
Cerise,25.5,26.5,44,130,87,166,0,62
Noire de Crimée,26.7,24.8,41,103,67,148,0,93
Cœur de Bœuf,23.4,22.3,43,136,80,161,0,98
Cœur de Bœuf,25.5,23.5,74,115,83,149,0,90
Marmande,19.4,27.1,73,97,83,150,0,59
Noire de Crimée,21.5,24.7,42,116,72,144,1,52
Cerise,21.9,22.6,87,136,74,146,1,77
Cœur de Bœuf,23.1,20.1,59,129,84,153,0,76
Noire de Crimée,27.3,21.6,48,117,87,150,0,70
Cœur de Bœuf,26.7,27.8,45,93,98,144,0,60
Noire de Crimée,19.3,22.9,86,127,67,140,0,73
Noire de Crimée,19.7,23.2,44,100,90,166,0,61
Marmande,21.6,23.5,80,133,66,159,0,56
Cœur de Bœuf,20.9,27.0,77,113,98,147,1,91
Cerise,24.1,24.4,74,117,76,157,1,81
Marmande,27.0,25.2,70,130,94,142,0,59
Marmande,27.6,22.5,52,107,81,139,0,77
Cerise,24.5,19.3,65,138,66,168,0,75
Marmande,26.4,27.4,61,110,69,141,0,78
Noire de Crimée,23.3,27.5,71,115,87,167,1,76
Noire de Crimée,20.1,27.5,54,92,98,169,0,59
Cœur de Bœuf,23.2,27.5,50,102,88,155,0,53
Cœur de Bœuf,23.6,26.3,55,127,94,148,0,91
Cerise,25.4,25.2,86,117,81,152,1,71
Cœur de Bœuf,20.2,26.6,45,103,68,165,1,59
Noire de Crimée,21.7,24.4,85,90,95,156,1,53
Cerise,21.6,20.2,50,117,67,145,1,56
Cerise,27.6,22.5,49,125,89,136,1,99
Cœur de Bœuf,22.4,27.7,55,139,89,142,0,72
Noire de Crimée,25.6,22.2,51,100,90,141,0,52
Cerise,25.5,26.8,46,132,81,156,1,73
Noire de Crimée,20.7,19.8,78,129,90,162,1,96
Noire de Crimée,23.7,22.0,66,93,99,160,0,86
Noire de Crimée,26.9,22.2,63,123,87,140,0,79
Cœur de Bœuf,22.8,19.5,89,90,64,146,0,90
Marmande,27.5,20.1,54,99,76,167,0,61
Marmande,20.1,20.7,45,106,70,131,0,70
Cerise,18.7,26.5,58,96,81,132,0,97
Noire de Crimée,26.9,19.6,47,128,84,163,1,92
Cœur de Bœuf,26.5,21.7,86,102,72,161,0,66
Noire de Crimée,27.9,19.1,75,111,95,153,0,52
Noire de Crimée,24.8,25.3,89,90,70,153,0,64
Cœur de Bœuf,27.4,24.6,52,117,64,142,0,85
Marmande,26.3,24.8,72,122,73,151,0,81
Noire de Crimée,26.4,22.4,71,102,81,148,0,58
Noire de Crimée,23.7,20.9,67,90,62,159,0,89
Marmande,21.8,25.5,79,127,94,168,1,99
Cœur de Bœuf,27.3,26.3,88,114,91,150,1,71
Cerise,22.3,20.2,49,131,97,152,0,85
Marmande,23.4,23.4,72,110,99,145,0,81
Cerise,22.5,21.2,40,122,83,136,0,54
Cerise,23.6,20.5,60,126,87,149,0,90
Marmande,22.7,25.6,44,123,80,143,1,97
Noire de Crimée,18.5,23.8,40,92,92,155,0,53
Cerise,26.8,20.9,60,119,87,151,1,97
Cerise,22.4,21.8,64,92,98,165,1,54
Cœur de Bœuf,23.9,27.7,59,107,95,155,0,56
Noire de Crimée,19.4,26.6,84,112,69,141,0,60
Cerise,18.0,26.9,48,97,96,160,0,88
Cœur de Bœuf,20.5,23.1,55,98,99,169,0,55
Noire de Crimée,25.0,24.6,67,91,84,133,0,78
Marmande,19.0,22.4,79,91,76,169,0,66
Marmande,27.1,19.7,85,116,63,156,0,77
Cœur de Bœuf,20.2,22.6,88,137,69,138,0,87
Marmande,20.0,24.3,75,128,84,141,0,68
Cerise,19.8,21.6,78,125,91,158,0,98
Noire de Crimée,18.1,26.6,88,94,67,157,1,93
Cerise,25.7,20.4,63,90,71,145,0,61
Cerise,26.8,22.3,55,111,80,137,1,94
Marmande,24.1,20.1,53,99,86,142,0,87
Cerise,19.9,22.6,87,134,89,143,1,68
Marmande,20.9,19.4,73,113,69,144,0,82
Noire de Crimée,22.8,21.5,63,104,80,138,0,94
Noire de Crimée,27.5,22.6,86,122,60,161,0,54
Cerise,20.5,23.3,50,139,68,151,0,50
Cœur de Bœuf,25.3,23.9,84,112,62,154,0,84
Marmande,22.4,21.5,75,103,78,155,0,84
Marmande,21.0,23.7,40,107,65,158,1,96
Cerise,22.6,23.6,86,114,66,147,0,96
Marmande,18.7,21.8,51,111,75,165,1,80
Marmande,26.0,26.5,60,133,95,149,0,85
Cœur de Bœuf,20.4,23.9,48,133,63,162,0,89
Cœur de Bœuf,25.3,22.0,78,126,77,149,0,84
Cerise,18.7,27.5,42,96,91,132,1,89
Cœur de Bœuf,27.6,26.6,55,115,91,163,0,61
Cerise,19.9,27.8,43,113,77,135,0,67
Noire de Crimée,26.8,25.2,65,102,98,160,0,77
Cerise,26.1,22.4,85,130,96,164,1,62
Noire de Crimée,27.7,21.5,52,95,87,161,0,79
Cerise,22.8,25.0,59,110,98,138,0,89
Marmande,25.3,27.8,58,96,61,156,1,66
Cœur de Bœuf,21.7,24.6,66,107,96,153,0,58
Noire de Crimée,19.8,26.9,41,104,96,151,1,88
Cerise,22.4,22.0,49,97,61,159,0,71
Cœur de Bœuf,19.7,22.7,64,105,78,165,0,64
Cerise,27.8,27.2,58,138,64,155,0,78
Cœur de Bœuf,19.0,25.8,54,92,72,131,0,65
Cœur de Bœuf,23.9,27.8,78,134,81,136,1,69
Cerise,24.3,26.0,86,98,66,156,0,74
Noire de Crimée,23.4,23.0,88,136,61,145,1,89
Noire de Crimée,24.6,23.8,63,115,73,158,1,73
Marmande,19.2,27.1,55,115,84,150,1,65
Cœur de Bœuf,23.6,24.0,56,119,85,155,0,65
Marmande,20.9,21.3,55,116,64,147,0,74
Marmande,27.4,22.9,57,105,79,130,0,95
Cerise,25.6,23.6,88,137,71,131,0,97
Cerise,27.7,19.9,43,93,95,143,1,50
Cerise,18.4,25.7,41,108,90,167,1,99
Cœur de Bœuf,20.9,20.0,88,123,76,144,0,99
Cerise,20.0,22.6,88,95,75,165,0,82
Cerise,18.1,26.2,70,134,69,153,1,98
Cœur de Bœuf,20.4,23.2,41,104,94,154,1,56
Cœur de Bœuf,24.8,26.6,41,99,92,138,0,87
Noire de Crimée,20.3,22.1,54,131,97,144,1,94
Cerise,23.1,27.6,87,125,94,166,0,77
Cerise,26.9,20.9,82,135,86,135,0,88
Cerise,24.9,19.3,68,129,66,141,0,77
Noire de Crimée,21.9,26.9,73,95,86,156,1,81
Cerise,21.7,25.8,79,133,71,136,0,73
Noire de Crimée,22.6,21.1,71,129,92,157,0,57
Marmande,19.8,27.9,60,95,72,141,0,93
Noire de Crimée,24.3,23.5,69,104,61,164,0,81
Marmande,21.6,27.6,63,118,62,131,0,77
Cerise,26.5,23.5,83,114,70,155,1,97
Marmande,25.6,23.2,53,108,64,149,0,52
Noire de Crimée,24.1,23.0,67,103,61,154,1,56
Cœur de Bœuf,21.6,22.0,53,92,87,150,0,55
Marmande,20.1,23.8,83,139,72,130,0,78
Marmande,25.8,23.1,73,131,94,157,0,94
Cerise,22.9,19.3,53,135,99,167,0,63
Noire de Crimée,20.2,21.3,64,103,72,142,1,94
Marmande,20.0,20.9,51,128,71,159,0,89
Marmande,19.7,26.8,80,128,77,139,0,68
Marmande,25.8,24.4,79,110,77,151,0,95
Marmande,20.3,25.9,59,100,76,158,0,74
Cœur de Bœuf,23.3,27.6,87,139,98,134,0,86
Noire de Crimée,22.5,24.8,81,99,81,137,0,67
Cerise,23.8,27.8,46,104,72,140,0,53
Cerise,26.8,21.8,54,119,97,155,0,50
Cœur de Bœuf,26.7,20.7,48,133,78,148,0,82
Noire de Crimée,22.5,22.6,43,106,83,148,0,77
Marmande,18.2,23.2,70,118,78,159,0,90
Cœur de Bœuf,22.3,27.1,62,106,80,165,0,68
Noire de Crimée,24.1,24.0,45,122,83,138,1,82
Marmande,23.6,21.6,67,127,89,136,1,64
Cœur de Bœuf,24.5,25.7,51,110,87,147,0,94
Noire de Crimée,19.5,23.6,86,136,94,138,1,72
Cerise,24.5,20.5,61,103,97,135,1,78
Cerise,19.8,24.2,63,99,76,135,0,88
Noire de Crimée,25.5,27.2,73,131,93,151,0,63
Cerise,21.4,26.6,58,112,68,146,1,79
Noire de Crimée,25.1,24.3,63,128,72,144,0,51
Marmande,18.5,22.4,59,128,73,138,0,62
Noire de Crimée,22.1,19.8,73,103,85,135,0,89
Marmande,25.1,23.2,86,136,80,152,0,77
Cœur de Bœuf,20.3,25.8,66,111,79,146,0,80
Noire de Crimée,26.0,22.2,83,130,70,161,0,61
Cœur de Bœuf,24.3,21.1,68,117,94,161,0,62
Cerise,23.9,27.4,40,136,90,166,1,52
Marmande,21.5,26.4,85,98,77,132,0,78
Noire de Crimée,22.8,24.7,75,112,73,145,0,79
Cœur de Bœuf,24.0,20.2,82,96,64,131,0,61
Marmande,22.7,20.3,78,113,76,132,0,70
Marmande,25.0,19.9,84,132,80,143,0,51
Cerise,22.3,24.5,85,126,73,143,1,99
Cerise,20.0,20.0,46,98,62,159,1,65
Marmande,20.1,26.6,82,127,90,169,1,81
Marmande,18.1,27.9,59,96,84,156,1,77
Noire de Crimée,21.0,22.3,59,112,76,146,1,58
Marmande,25.5,23.1,64,114,85,168,0,66
Noire de Crimée,25.9,25.4,82,135,76,138,0,99
Marmande,20.0,27.4,60,111,78,165,1,68
Cerise,27.6,27.0,48,132,86,139,1,56
Noire de Crimée,23.0,19.5,66,96,66,158,0,85
Cœur de Bœuf,27.2,20.5,67,95,85,133,0,89
Cerise,25.1,25.8,64,125,64,150,0,50
Noire de Crimée,25.2,25.2,75,135,61,166,0,91
Noire de Crimée,18.9,20.2,73,111,75,131,0,85
Cœur de Bœuf,20.2,23.5,41,124,70,144,0,98
Noire de Crimée,18.1,26.0,48,138,98,157,1,88
Marmande,25.2,21.0,58,136,82,154,0,50
Cœur de Bœuf,21.4,26.8,54,122,94,155,0,97
Cerise,25.9,19.5,60,110,65,138,0,73
Cerise,21.4,26.0,89,100,96,159,0,59
Marmande,26.2,24.5,55,102,60,138,1,60
Cerise,19.3,21.8,41,92,92,130,0,87
Noire de Crimée,19.7,25.5,65,102,77,141,1,71
Noire de Crimée,21.4,26.0,83,139,62,142,0,80
Marmande,22.1,27.4,68,130,78,143,0,50
Cerise,21.5,22.3,72,123,69,139,0,90
Cerise,25.6,25.2,73,117,79,146,0,60
Marmande,19.0,24.4,85,129,70,146,1,55
Cœur de Bœuf,21.5,23.7,66,123,91,160,1,94
Cerise,26.4,27.0,46,121,99,155,1,66
Cœur de Bœuf,18.7,19.0,88,112,79,164,1,63
Cerise,27.4,21.5,54,113,91,165,1,81
Cerise,27.9,23.8,56,90,96,140,0,69
Cerise,18.9,20.6,48,113,81,145,1,53
Cerise,20.9,27.2,52,92,63,158,0,88
Noire de Crimée,21.7,24.8,71,106,72,147,0,96
Cœur de Bœuf,25.8,23.3,41,96,65,140,0,71
Cœur de Bœuf,24.0,26.3,71,99,88,140,0,78
Cerise,24.4,23.1,86,108,61,138,0,91
Cerise,25.6,24.0,59,113,84,154,0,86
Cœur de Bœuf,19.2,19.0,82,98,91,161,1,62
Noire de Crimée,26.3,22.3,58,139,85,163,0,64
Marmande,25.1,20.2,85,104,85,132,0,84
Marmande,23.8,25.2,66,138,97,143,1,74
Cœur de Bœuf,26.9,23.3,75,111,81,169,1,52
Cerise,25.0,21.7,69,106,69,154,0,61
Cerise,20.0,23.2,50,108,82,145,0,63
Noire de Crimée,22.3,20.9,55,98,63,165,0,89
Marmande,22.9,27.3,65,127,75,138,0,81
Noire de Crimée,18.6,19.5,69,108,92,133,0,99
Marmande,27.5,26.8,41,97,72,131,0,53
Cœur de Bœuf,19.3,23.6,73,95,72,154,0,78
Marmande,25.0,24.6,80,138,92,151,1,80
Noire de Crimée,23.1,21.7,61,127,73,134,0,81
Noire de Crimée,18.3,27.7,70,134,67,150,0,73
Noire de Crimée,27.2,21.5,60,110,85,139,1,60
Cœur de Bœuf,26.5,24.3,75,118,81,152,1,79
Marmande,23.2,27.9,79,123,60,156,0,98
Marmande,20.3,26.9,62,101,75,159,0,68
Noire de Crimée,19.2,23.8,65,128,88,133,0,85
Marmande,21.6,27.9,57,121,82,135,0,55
Cerise,20.6,25.3,54,95,64,155,0,51
Cerise,23.1,20.9,73,106,80,139,0,88
Cerise,27.7,22.7,61,121,95,134,0,68
Marmande,23.7,22.0,67,97,79,168,1,95
Cœur de Bœuf,26.9,22.1,82,127,67,166,0,97
Cœur de Bœuf,24.5,25.8,88,118,85,169,1,89
Cœur de Bœuf,22.8,24.3,46,120,84,130,0,67
Cœur de Bœuf,26.5,19.3,79,108,66,163,0,90
Cerise,22.7,26.9,81,98,81,137,0,85
Cerise,26.7,21.7,63,117,92,150,0,95
Noire de Crimée,20.9,28.0,74,137,64,160,0,99
Marmande,19.3,27.6,52,139,97,152,0,69
Marmande,26.6,27.5,88,128,71,140,1,86
Cœur de Bœuf,23.9,26.3,52,129,73,145,1,50
Cerise,26.9,21.0,70,120,66,156,1,72
Cœur de Bœuf,27.4,23.8,58,108,87,136,0,87
Noire de Crimée,18.5,21.0,68,122,75,153,0,69
Marmande,23.0,21.3,61,115,61,161,0,53
Marmande,21.7,24.5,80,134,90,164,1,98
Cœur de Bœuf,24.3,19.4,60,90,95,160,0,87
Noire de Crimée,25.9,27.7,55,100,73,158,0,54
Marmande,20.8,27.3,69,91,87,133,0,55
Noire de Crimée,23.6,22.4,44,124,91,164,1,75
Noire de Crimée,25.1,23.6,80,102,87,140,1,50
Cœur de Bœuf,19.3,23.2,80,128,71,163,1,99
Cerise,26.1,26.9,45,123,72,168,1,64
Cœur de Bœuf,24.1,25.2,60,123,81,144,1,65
Cerise,27.5,21.5,81,124,88,143,1,72
Noire de Crimée,21.4,23.0,89,121,89,150,0,90
Cerise,19.1,22.9,50,134,74,136,0,71
Noire de Crimée,23.1,27.6,63,101,99,146,1,54
Marmande,18.9,20.6,67,122,63,147,0,92
Marmande,27.7,19.8,54,107,92,143,0,54
Marmande,18.4,26.9,78,94,68,167,1,55
Cœur de Bœuf,25.5,27.1,85,108,97,158,1,51
Cœur de Bœuf,23.3,26.8,79,120,75,139,1,59
Noire de Crimée,21.7,23.6,86,116,85,146,1,85
Marmande,18.7,24.9,58,131,86,161,0,95
Cœur de Bœuf,24.2,24.1,89,127,70,149,0,84
Marmande,23.9,19.6,56,139,85,146,1,94
Cœur de Bœuf,20.8,24.4,42,104,73,136,0,72
Cerise,27.1,19.1,42,135,60,168,0,96
Cerise,21.0,21.9,78,137,70,159,0,65
Marmande,22.5,27.4,67,93,89,167,0,86
Noire de Crimée,23.4,21.7,70,108,83,169,0,91
Cœur de Bœuf,19.0,27.5,81,110,63,139,1,84
Cœur de Bœuf,27.3,21.3,88,129,81,161,1,97
Cerise,21.7,21.8,86,90,67,155,0,89
Cerise,18.8,24.7,47,109,75,146,1,65
Noire de Crimée,21.9,25.9,56,111,92,130,1,54
Noire de Crimée,24.0,23.5,74,102,92,168,0,60
Noire de Crimée,23.1,26.9,75,130,69,155,0,78
Marmande,24.9,19.4,66,90,61,159,0,97
Cerise,18.6,27.3,79,104,63,138,0,95
Marmande,20.8,20.8,84,104,82,162,1,60
Cerise,26.2,27.0,72,103,86,155,0,95
Cerise,18.8,22.6,89,94,92,139,0,65
Cœur de Bœuf,26.6,26.5,50,138,92,161,0,74
Cerise,18.9,25.0,60,95,79,168,0,99
Cerise,26.3,20.6,45,130,72,162,1,52
Marmande,21.6,27.3,87,120,70,156,0,52
Cerise,24.1,21.2,60,115,78,158,1,50
Marmande,19.5,21.2,67,114,91,148,0,61
Noire de Crimée,18.7,26.3,56,138,62,147,0,56
Cerise,20.2,20.0,57,128,72,164,0,92
Cerise,19.3,21.0,50,129,87,157,1,94
Marmande,21.1,23.5,85,104,81,167,1,95
Noire de Crimée,23.1,26.5,83,95,78,139,0,81
Cœur de Bœuf,23.9,20.3,64,90,90,132,0,71
Noire de Crimée,25.9,23.9,69,130,79,158,0,61
Marmande,24.6,25.4,64,96,83,145,0,55
Noire de Crimée,24.1,26.7,46,93,91,165,0,87
Marmande,22.1,27.4,88,90,68,130,1,88
Marmande,22.7,26.1,76,130,78,147,1,87
Cœur de Bœuf,22.1,24.9,85,91,82,133,1,90
Cerise,26.4,22.9,66,137,84,134,0,70
Marmande,20.3,20.0,65,123,92,150,1,77
Marmande,18.1,25.4,52,124,61,133,0,81
Cœur de Bœuf,24.5,27.9,63,135,62,149,0,76
Marmande,20.0,25.6,51,102,87,148,0,98
Cerise,26.9,19.2,53,106,96,164,0,98
Cœur de Bœuf,26.6,23.5,48,99,94,153,0,64
Cerise,18.8,24.5,70,92,73,149,0,82
Cerise,19.1,25.2,43,93,83,157,0,81
Cœur de Bœuf,23.0,25.5,58,114,96,167,0,95
Marmande,24.1,24.0,40,126,62,153,1,83
Cerise,20.7,21.0,68,132,82,149,0,56
Cerise,25.2,27.5,84,127,93,153,0,62
Cerise,23.9,25.3,45,118,68,135,0,88
Cerise,21.2,21.1,40,90,77,167,0,99
Cœur de Bœuf,18.3,21.9,64,119,61,154,0,55
Cœur de Bœuf,25.5,27.3,66,128,81,161,1,58
Noire de Crimée,20.1,27.0,61,99,94,146,1,91
Noire de Crimée,26.3,22.6,56,118,90,146,0,53
Cerise,22.2,19.3,68,133,85,134,0,79
Marmande,23.8,19.4,42,121,73,146,0,77
Cerise,26.7,21.6,56,133,87,138,0,70
Marmande,26.6,24.7,41,90,70,149,1,61
Cerise,21.7,24.3,71,130,91,131,0,62
Noire de Crimée,20.1,24.7,61,106,80,148,1,99
Noire de Crimée,25.8,25.5,78,101,82,138,0,62
Marmande,22.3,19.2,72,91,83,169,0,76
Cerise,19.9,19.9,61,98,71,148,1,77
Marmande,27.0,22.2,86,101,62,133,1,67
Noire de Crimée,20.0,20.4,43,114,65,135,0,86
Cerise,18.3,19.7,77,125,71,165,0,65
Cerise,18.2,24.8,52,133,79,140,0,70
Marmande,24.2,26.3,62,139,65,150,0,59
Cœur de Bœuf,24.6,25.8,52,124,79,154,0,63
Marmande,21.1,26.4,59,111,73,159,0,77
Noire de Crimée,21.2,25.0,72,122,60,147,0,78
Noire de Crimée,21.4,25.6,73,139,79,154,1,96
Noire de Crimée,24.8,21.4,77,110,81,150,0,60
Noire de Crimée,18.6,27.9,68,129,99,152,0,79
Noire de Crimée,27.3,20.6,71,111,90,159,0,89
Cœur de Bœuf,20.2,20.9,50,117,90,147,0,76
Cerise,28.0,21.6,57,93,87,162,1,98
Marmande,19.7,27.8,84,115,71,164,0,52
Marmande,25.7,27.9,60,112,75,151,0,50
Noire de Crimée,20.2,26.2,51,137,92,153,1,81
Marmande,18.8,24.7,78,138,94,152,0,88
Noire de Crimée,26.7,23.7,59,112,63,130,0,70
Cœur de Bœuf,26.6,27.7,46,130,69,144,0,51
Cœur de Bœuf,22.0,25.3,66,97,93,157,0,59
Cerise,25.0,27.5,46,121,62,149,0,80
Cœur de Bœuf,23.6,21.8,41,128,90,165,0,67
Cœur de Bœuf,26.5,22.0,82,133,90,145,1,56
Cerise,21.2,26.7,72,90,60,134,0,54
Marmande,23.2,20.3,60,119,64,144,0,78
Noire de Crimée,22.9,27.5,68,117,64,131,0,53
Noire de Crimée,21.5,23.6,71,106,61,153,0,95
Marmande,26.9,27.3,84,112,74,142,0,52
Cerise,19.7,22.0,51,127,60,152,0,62
Marmande,19.5,25.4,52,113,80,141,0,52
Cœur de Bœuf,23.8,23.3,78,111,96,162,0,57
Cerise,24.6,24.6,83,94,66,154,1,99
Cerise,19.9,23.5,88,114,70,164,0,53
Cerise,21.9,27.7,79,96,85,164,1,91
Noire de Crimée,27.5,25.2,42,111,61,130,0,84
Marmande,20.5,21.3,78,133,89,133,1,61
Cerise,24.7,27.2,47,126,73,160,1,73
Cerise,25.4,21.6,85,123,64,157,1,87
Cerise,22.5,22.3,85,125,90,140,0,68
Marmande,27.4,19.9,41,138,91,161,1,85
Noire de Crimée,25.4,27.1,45,129,93,131,1,84
Cœur de Bœuf,22.6,21.6,87,109,69,142,0,67
Noire de Crimée,23.7,21.3,80,126,90,146,0,89
Cerise,24.9,27.3,54,106,86,133,0,83
Noire de Crimée,23.9,26.2,86,93,77,160,0,74
Noire de Crimée,26.8,20.3,51,139,64,167,0,56
Cœur de Bœuf,21.6,25.9,80,107,76,132,0,60
Marmande,21.0,27.2,87,117,70,141,0,87
Marmande,20.1,19.7,71,139,64,147,1,68
Noire de Crimée,18.4,26.4,45,105,97,159,1,84
Noire de Crimée,18.4,23.9,66,132,96,140,1,94
Marmande,26.7,25.0,86,97,80,153,1,69
Marmande,24.8,23.4,52,133,83,150,0,76
Cœur de Bœuf,24.6,25.3,62,107,89,164,1,80
Cerise,24.1,19.3,49,139,75,133,0,74
Noire de Crimée,26.5,25.9,53,118,81,155,0,51
Marmande,22.8,19.3,42,129,61,137,0,78
Noire de Crimée,26.7,23.1,51,105,78,153,0,86
Noire de Crimée,21.6,20.4,64,119,96,141,0,80
Marmande,27.3,26.4,40,138,61,134,0,96
Cœur de Bœuf,25.0,21.8,71,123,70,145,0,91
Noire de Crimée,20.6,23.1,63,119,92,161,1,55
Cœur de Bœuf,23.6,22.9,87,110,68,158,0,95
Marmande,23.3,26.0,81,111,84,162,1,70
Cerise,19.4,23.3,48,136,65,143,1,82
Cerise,23.9,26.1,89,114,70,154,0,58
Noire de Crimée,21.1,19.7,40,111,86,137,0,59
Marmande,18.5,20.7,81,117,67,156,1,71
Cœur de Bœuf,27.5,24.0,78,128,90,164,0,80
Noire de Crimée,24.4,27.5,49,122,86,151,1,60
Marmande,26.8,19.7,83,91,64,136,0,68
Marmande,24.8,19.4,82,93,74,165,0,90
Cœur de Bœuf,21.6,20.4,80,105,61,141,0,61
Noire de Crimée,23.1,24.8,69,101,74,138,0,87
Marmande,24.8,22.6,44,106,90,164,0,65
Marmande,27.6,26.4,43,125,79,168,0,62
Marmande,20.5,19.6,84,105,62,148,0,87
Cœur de Bœuf,26.7,20.8,47,128,98,157,0,62
Noire de Crimée,27.2,21.7,55,112,69,158,0,64
Noire de Crimée,24.7,24.6,40,97,85,137,1,67
Noire de Crimée,27.3,25.2,88,98,69,156,0,65
Noire de Crimée,22.0,20.1,54,103,99,134,1,90
Cerise,27.5,27.5,63,98,72,158,0,99
Cerise,25.0,22.1,54,136,80,164,0,91
Noire de Crimée,18.4,25.4,89,115,93,162,0,93
Cœur de Bœuf,27.1,23.7,45,125,91,161,0,54
Cerise,22.8,21.0,41,92,68,150,0,76
Marmande,22.6,26.6,44,99,89,139,0,51
Cerise,23.7,26.4,78,114,60,145,0,90
Marmande,19.5,22.6,80,93,71,140,0,99
Noire de Crimée,22.7,24.3,73,119,94,148,0,76
Cerise,26.3,21.3,78,139,83,142,0,50
Cœur de Bœuf,18.2,25.2,71,100,99,144,0,63
Cerise,20.7,21.8,68,108,69,165,1,84
Cerise,18.0,26.6,68,139,83,161,0,72
Cerise,22.2,21.0,63,102,77,148,1,92
Noire de Crimée,25.3,19.1,85,125,67,144,0,71
Cœur de Bœuf,26.0,21.4,70,92,72,167,1,76
Cerise,27.5,20.7,63,137,75,151,1,99
Cœur de Bœuf,24.1,23.6,54,103,73,142,0,74
Noire de Crimée,20.5,20.8,51,99,68,149,1,83
Marmande,27.2,25.9,59,127,68,144,1,98
Cerise,25.8,21.2,43,129,64,136,0,76
Cœur de Bœuf,23.7,25.4,52,116,70,151,0,84
Cœur de Bœuf,25.0,24.2,80,113,78,149,0,70
Noire de Crimée,27.2,27.9,83,105,97,148,0,88
Cerise,25.1,28.0,49,99,69,156,0,52
Marmande,21.7,26.8,80,116,75,137,0,74
Cœur de Bœuf,25.1,25.8,62,96,88,147,0,96
Cerise,18.4,22.5,46,117,64,139,0,53
Marmande,21.9,25.8,51,115,77,164,0,64
Cœur de Bœuf,22.1,27.6,87,107,94,144,1,52
Cœur de Bœuf,19.7,19.2,54,102,95,152,0,60
Marmande,18.2,23.8,46,97,81,141,0,77
Marmande,19.3,21.0,47,116,83,156,1,52
Noire de Crimée,24.5,24.0,46,103,71,135,1,67
Cerise,26.0,23.2,82,130,98,153,0,95
Cerise,27.9,24.2,43,133,71,151,0,58
Noire de Crimée,21.5,24.0,89,95,94,138,0,64
Cœur de Bœuf,24.0,27.6,46,109,78,139,1,89
Marmande,27.4,24.0,84,117,96,132,1,57
Marmande,19.7,26.6,80,112,73,135,1,89
Marmande,25.2,21.9,69,101,82,155,0,63
Cœur de Bœuf,25.5,22.9,57,113,99,143,0,87
Marmande,18.9,23.2,69,133,81,165,0,62
Marmande,26.6,21.5,46,111,70,148,1,88
Noire de Crimée,26.1,22.4,87,115,61,168,0,96
Cœur de Bœuf,18.3,24.4,62,111,69,152,0,59
Cerise,18.9,24.2,76,96,64,134,0,93
Noire de Crimée,18.5,24.7,46,104,89,144,0,79
Noire de Crimée,21.3,22.2,77,137,80,159,0,54
Cerise,23.1,21.8,68,119,92,162,0,71
Noire de Crimée,23.3,24.5,73,93,84,167,0,84
Cœur de Bœuf,20.7,20.2,78,95,66,148,1,54
Marmande,27.1,21.3,80,137,99,134,0,61
Cœur de Bœuf,21.7,19.4,84,136,87,138,1,84
Cerise,18.5,19.7,88,91,75,136,0,70
Cerise,21.0,21.2,88,120,96,153,0,75
Noire de Crimée,23.3,19.2,86,113,62,145,0,50
Cœur de Bœuf,22.1,21.2,57,124,78,166,1,98
Cœur de Bœuf,20.7,24.9,86,136,71,139,0,59
Cerise,19.3,19.5,82,120,78,150,1,87
Cœur de Bœuf,26.2,22.9,64,114,70,150,1,73
Cerise,28.0,27.2,66,97,62,144,1,80
Cœur de Bœuf,21.3,26.1,66,101,61,142,0,94
Cœur de Bœuf,21.8,21.7,51,91,85,136,0,96
Cœur de Bœuf,24.2,27.3,62,104,81,169,0,72
Cerise,25.2,22.0,56,129,76,137,1,70
Noire de Crimée,21.9,19.7,83,121,93,167,1,51
Cœur de Bœuf,27.0,27.9,46,100,74,131,0,80
Cerise,23.6,26.8,63,106,71,166,0,51
Cerise,22.5,23.2,46,110,75,151,0,79
Cœur de Bœuf,24.5,25.0,68,111,75,133,0,74
Cœur de Bœuf,27.5,25.0,67,122,98,136,1,98
Noire de Crimée,25.9,20.8,62,118,65,130,0,68
Cerise,18.4,20.8,49,104,67,148,0,50
Cerise,21.3,23.2,55,110,84,159,0,86
Marmande,22.7,27.2,82,91,78,131,0,77
Cerise,21.1,19.1,87,131,78,142,0,69
Noire de Crimée,25.0,26.0,73,127,71,157,0,97
Marmande,26.3,19.5,64,92,68,143,0,54
Marmande,25.3,23.3,41,114,88,132,0,79
Marmande,27.9,24.7,89,102,86,145,0,72
Cœur de Bœuf,20.7,25.2,44,113,64,154,0,91
Cœur de Bœuf,26.7,19.5,53,120,85,132,1,76
Cerise,25.7,22.8,70,104,89,163,0,91
Marmande,21.6,24.3,79,95,73,132,0,50
Noire de Crimée,25.3,19.6,45,130,92,158,0,58
Cœur de Bœuf,19.0,20.2,67,99,94,169,1,99
Noire de Crimée,25.9,25.0,48,98,70,148,0,56
Noire de Crimée,23.3,23.7,45,139,63,149,0,75
Cœur de Bœuf,20.9,20.5,56,130,92,150,0,65
Cœur de Bœuf,24.6,23.8,79,139,65,149,1,55
Cœur de Bœuf,24.4,27.2,74,130,87,157,0,91
Cœur de Bœuf,20.1,19.1,51,94,69,156,0,86
Marmande,18.3,24.8,84,134,95,154,0,94
Marmande,22.3,19.7,57,133,85,131,0,61
Marmande,23.7,19.1,82,130,89,153,1,73
Marmande,26.8,20.4,73,108,81,162,0,66
Cerise,27.3,22.8,85,109,64,148,0,51
Marmande,23.3,26.2,40,122,61,155,1,80
Cœur de Bœuf,25.5,21.5,54,132,92,132,0,86
Noire de Crimée,22.4,24.6,57,126,75,156,0,91
Marmande,25.5,22.7,61,120,66,143,0,78
Cerise,20.0,21.1,57,128,80,149,1,50
Cœur de Bœuf,21.7,23.6,88,102,94,164,0,93
Noire de Crimée,24.3,26.2,40,127,81,152,0,63
Noire de Crimée,18.2,26.5,85,134,81,154,0,89
Marmande,25.2,26.6,59,95,65,133,0,98
Noire de Crimée,26.4,22.0,87,136,92,131,1,60
Marmande,22.0,26.1,75,97,98,131,0,81
Marmande,22.5,20.9,77,132,84,154,0,69
Cœur de Bœuf,26.5,25.6,64,99,77,152,1,51
Cœur de Bœuf,25.8,27.5,55,130,94,150,1,80
Cerise,20.9,19.1,59,93,83,154,1,54
Cœur de Bœuf,21.2,23.0,77,103,99,156,1,81
Cœur de Bœuf,24.8,24.8,86,93,99,140,1,99
Marmande,23.6,25.3,72,113,82,143,0,58
Cœur de Bœuf,19.6,20.6,46,136,92,146,0,90
Marmande,21.1,27.7,62,110,88,144,0,59
Marmande,27.0,24.5,50,99,69,160,0,85
Cœur de Bœuf,24.9,20.5,72,135,74,163,0,98
Cerise,27.9,19.2,79,114,69,165,1,75
Cerise,25.7,26.0,85,95,85,169,1,93
Noire de Crimée,27.4,19.7,44,105,99,142,0,52
Noire de Crimée,20.2,20.3,84,133,88,147,1,85
Cœur de Bœuf,25.7,24.2,86,117,93,146,0,72
Cerise,18.2,24.4,80,125,77,168,1,79
Marmande,24.7,25.2,47,122,61,157,1,88
Noire de Crimée,22.7,22.5,56,119,84,155,1,72
Marmande,21.5,26.0,57,125,80,143,0,72
Noire de Crimée,26.6,27.8,89,114,90,166,1,92
Cœur de Bœuf,26.5,21.4,66,102,81,140,1,85
Cerise,18.2,25.3,70,128,68,161,1,74
Noire de Crimée,24.1,27.4,43,104,86,153,0,69
Cerise,21.7,25.2,41,127,84,160,1,87
Marmande,22.2,25.1,44,119,84,169,0,82
Cœur de Bœuf,26.3,21.0,56,103,86,137,0,82
Cerise,21.1,23.8,78,139,69,168,0,87
Cœur de Bœuf,27.4,24.1,71,93,89,137,0,50
Cerise,19.8,25.3,68,90,63,160,0,96
Marmande,24.6,28.0,55,92,80,148,0,82
Marmande,24.7,19.3,40,134,89,165,1,87
Cœur de Bœuf,20.5,19.6,51,139,92,168,0,73
Marmande,21.2,19.7,58,125,85,161,1,58
Noire de Crimée,26.3,25.7,48,93,61,150,0,80
Cerise,25.6,20.2,87,132,82,152,0,87
Marmande,21.3,24.6,46,103,90,165,0,98
Noire de Crimée,23.3,21.9,69,114,63,144,1,77
Cœur de Bœuf,18.6,23.1,54,128,79,131,0,72
Noire de Crimée,20.1,20.9,83,92,84,141,0,79
Cœur de Bœuf,22.9,26.8,43,96,60,167,1,67
Cœur de Bœuf,18.9,24.3,45,97,61,135,0,75
Cerise,26.4,27.5,77,133,65,167,0,82
Cerise,25.2,24.2,86,96,66,130,0,65
Noire de Crimée,27.4,20.1,74,137,63,167,1,78
Cerise,24.9,20.5,41,114,77,155,1,65
Cerise,27.4,27.9,44,106,64,152,0,82
Cerise,23.5,25.5,47,115,84,130,0,88
Noire de Crimée,24.0,19.4,69,93,60,150,0,95
Marmande,27.8,25.3,87,138,93,148,1,96
Cerise,24.4,22.7,58,107,62,158,0,87
Cerise,18.3,21.8,69,93,76,155,0,72
Noire de Crimée,25.2,20.4,70,106,91,163,1,75
Marmande,27.1,26.6,55,136,83,146,0,98
Cerise,26.0,19.6,77,106,61,147,0,66
Cœur de Bœuf,23.8,21.6,61,134,60,161,1,87
Noire de Crimée,24.7,21.8,72,114,93,133,1,94
Cerise,27.9,20.4,89,92,67,159,1,73
Cerise,18.9,23.6,61,101,68,160,1,92
Cœur de Bœuf,24.7,19.1,47,116,87,147,0,68
Cœur de Bœuf,20.8,21.7,76,106,78,134,0,91
Noire de Crimée,24.4,27.4,51,111,79,161,1,76
Noire de Crimée,24.1,21.8,89,128,66,158,0,51
Cœur de Bœuf,19.5,22.2,44,128,94,141,0,57
Noire de Crimée,20.1,23.3,64,132,78,144,1,64
Cœur de Bœuf,24.2,24.1,68,137,76,144,0,90
Cerise,19.3,26.3,52,125,99,164,0,62
Cœur de Bœuf,20.7,20.7,65,105,77,164,0,76
Cœur de Bœuf,26.4,26.8,61,126,66,143,0,71
Marmande,21.3,25.8,68,118,86,168,0,96
Cœur de Bœuf,22.9,25.5,51,103,98,147,1,96
Cœur de Bœuf,27.4,19.8,87,96,89,167,0,50
Marmande,20.3,19.2,85,130,82,151,0,54
Noire de Crimée,21.9,24.3,82,117,79,167,0,78
Marmande,24.1,26.8,67,102,82,140,0,64
Cerise,25.6,24.3,48,105,85,132,1,79
Marmande,27.0,20.9,49,110,73,143,0,95
Cerise,27.2,19.8,87,93,90,154,0,55
Noire de Crimée,25.8,25.3,81,128,86,143,0,55
Marmande,20.3,25.5,65,124,68,160,0,72
Marmande,18.2,20.6,75,104,82,154,1,54
Noire de Crimée,21.8,19.3,79,115,69,148,1,71
Cerise,19.4,22.7,50,135,82,141,0,90
Marmande,25.1,24.2,45,96,69,136,0,69
Cerise,24.6,25.4,43,107,61,143,0,69
Marmande,18.4,26.3,66,114,96,158,1,88
Cœur de Bœuf,26.4,24.5,63,126,99,143,0,79
Marmande,20.5,20.0,44,110,97,152,0,97
Noire de Crimée,22.3,25.1,89,97,97,143,0,66
Noire de Crimée,24.7,27.9,42,109,60,152,0,72
Cerise,22.3,27.2,46,107,77,137,0,89
Marmande,22.4,26.8,63,108,94,142,0,99
Cerise,18.7,21.7,61,92,66,165,0,62
Cerise,22.0,25.8,51,127,81,130,1,95
Cœur de Bœuf,25.6,26.7,74,107,84,166,0,85
Cœur de Bœuf,27.2,25.1,56,116,82,155,0,91
Noire de Crimée,22.1,21.3,42,104,68,133,0,59
Cerise,22.2,27.6,50,135,86,145,1,87
Noire de Crimée,25.0,23.1,45,110,70,154,0,88
Marmande,27.4,20.2,82,111,86,148,0,88
Cerise,20.7,20.0,75,97,99,149,0,53
Cerise,22.4,24.8,56,100,87,155,0,68
Marmande,26.0,22.9,61,132,77,161,0,90
Marmande,24.1,19.9,40,101,95,132,1,77
Noire de Crimée,19.1,25.7,83,137,93,136,0,76
Noire de Crimée,24.3,26.2,42,128,72,161,0,72
Marmande,19.9,25.5,55,116,89,134,0,68
Noire de Crimée,23.1,20.8,74,124,87,150,0,65
Marmande,23.3,25.2,53,91,81,159,0,84
Cerise,26.8,19.1,88,124,83,149,0,54
Cerise,22.6,21.7,46,120,89,158,0,73
Cœur de Bœuf,20.8,22.6,65,97,97,153,0,54
Cerise,20.3,26.5,82,109,79,130,0,78
Marmande,26.7,22.5,87,97,65,154,1,55
Noire de Crimée,19.7,19.1,70,93,92,156,1,90
Cœur de Bœuf,22.3,22.2,63,120,97,154,1,90
Noire de Crimée,19.9,23.5,58,121,74,150,0,93
Marmande,25.7,27.5,76,102,74,146,0,97
Cerise,22.7,27.5,40,111,91,157,0,97
Cœur de Bœuf,21.5,20.6,64,115,73,161,1,86
Marmande,21.6,20.7,49,106,67,163,0,78
Cœur de Bœuf,26.5,20.5,57,118,95,151,0,82
Cœur de Bœuf,23.5,26.1,81,116,81,148,1,76
Cerise,25.2,19.1,40,111,97,137,1,84
Marmande,27.0,20.1,68,107,79,131,0,87
Noire de Crimée,27.0,23.8,52,94,83,134,0,89
Cœur de Bœuf,21.3,21.2,43,101,80,157,0,97
Cœur de Bœuf,27.5,19.8,51,91,87,133,0,55
Noire de Crimée,18.2,22.2,87,131,82,165,1,95
Marmande,21.8,21.5,58,96,83,130,1,59
Cœur de Bœuf,27.0,23.6,65,136,98,144,0,85
Cœur de Bœuf,20.7,27.8,83,115,82,142,0,93
Cœur de Bœuf,20.7,20.1,77,128,63,160,1,56
Marmande,21.0,22.4,55,104,63,146,0,56
Marmande,24.1,27.4,83,137,89,135,0,78
Noire de Crimée,22.4,26.9,64,122,87,153,1,65
Marmande,25.3,22.5,49,136,90,142,0,50
Marmande,26.9,25.3,76,92,92,150,1,97
Cerise,24.7,19.8,67,131,78,153,0,84
Noire de Crimée,20.0,25.4,67,137,69,151,0,96
Cœur de Bœuf,27.3,27.8,64,91,84,158,1,78
Marmande,20.6,23.8,64,106,96,153,0,87
Cœur de Bœuf,19.5,23.5,51,90,72,141,0,62
Cœur de Bœuf,18.9,20.7,47,125,65,149,0,89
Cerise,23.6,24.7,75,132,89,163,1,61
Marmande,19.1,24.3,78,106,82,144,0,72
Noire de Crimée,19.4,24.9,63,91,95,133,0,95
Marmande,21.0,19.2,62,122,75,143,0,65
Cœur de Bœuf,20.8,23.9,76,118,67,130,0,63
Noire de Crimée,24.0,24.4,50,95,75,162,0,65
Marmande,26.2,20.9,56,132,70,158,1,55
Cœur de Bœuf,25.6,20.9,67,125,60,139,1,85
Cœur de Bœuf,20.6,21.5,42,113,81,165,0,73
Cerise,20.5,25.4,41,100,77,143,1,76
Cerise,27.7,24.5,68,94,95,151,0,74
Cerise,18.1,26.6,73,119,70,162,0,89
Cœur de Bœuf,26.8,21.7,53,99,79,157,1,85
Marmande,20.0,27.2,72,126,69,136,0,78
Cerise,27.5,25.7,87,116,69,165,0,80
Marmande,21.4,22.6,86,116,96,165,0,52
Cerise,22.4,19.9,57,113,81,163,0,62
Noire de Crimée,25.1,21.3,68,92,70,166,0,53
Noire de Crimée,23.9,27.6,41,127,94,135,0,60
Cerise,21.2,21.8,50,115,68,164,0,97
Cœur de Bœuf,23.5,22.0,70,134,74,156,0,64
Cerise,25.3,20.7,88,137,78,159,0,51
Cerise,18.4,26.3,52,128,96,161,1,64
Cœur de Bœuf,18.1,21.5,83,107,65,148,0,55
Noire de Crimée,22.6,22.0,65,92,95,151,0,96
Marmande,19.3,22.7,73,127,64,150,0,62
Cerise,24.6,22.9,89,131,62,134,1,84
Cœur de Bœuf,20.1,22.7,49,137,69,150,0,93
Cerise,22.3,23.5,51,114,72,149,0,93
Cœur de Bœuf,20.0,26.3,88,102,63,167,0,98
Marmande,23.5,26.4,61,114,99,160,0,89
Marmande,19.2,26.2,85,113,92,166,1,62
Noire de Crimée,18.2,19.9,70,130,93,135,0,61
Cœur de Bœuf,18.5,26.2,58,105,95,160,1,65
Cœur de Bœuf,27.5,20.1,84,132,92,153,0,92
Noire de Crimée,19.4,20.1,63,130,80,147,0,90
Noire de Crimée,25.1,27.5,64,131,98,158,0,69
Cœur de Bœuf,18.7,26.4,74,100,64,141,0,89
Noire de Crimée,19.1,24.0,47,110,72,141,0,62
Marmande,23.1,26.9,44,120,99,158,0,83
Cerise,22.6,27.9,61,104,76,136,1,68
Marmande,27.5,24.5,67,134,69,145,0,94
Noire de Crimée,27.4,24.5,51,138,69,141,0,76
Cœur de Bœuf,25.8,25.8,72,125,61,150,0,78
Cœur de Bœuf,24.0,21.1,55,132,97,133,0,68
Marmande,22.5,20.5,65,90,80,146,1,92
Cœur de Bœuf,21.6,25.8,51,117,60,157,1,76
Noire de Crimée,27.5,22.1,62,122,89,160,0,51
Marmande,24.0,20.2,88,92,77,137,0,89
Cœur de Bœuf,23.8,21.8,65,104,94,155,0,88
Cerise,20.3,22.2,80,122,98,169,0,50
Cerise,18.5,27.7,52,121,81,160,1,63
Noire de Crimée,27.5,25.3,62,112,62,148,0,57
Cœur de Bœuf,21.1,23.8,70,115,65,136,0,76
Noire de Crimée,22.4,27.7,75,137,95,134,0,82
Marmande,19.1,27.1,66,106,75,142,1,80
Cerise,26.4,23.6,75,98,62,147,0,79
Marmande,18.3,27.2,86,94,95,147,1,74
Cœur de Bœuf,26.3,22.6,81,118,70,149,0,98
Noire de Crimée,19.4,21.1,62,95,76,152,1,85
Noire de Crimée,26.9,21.1,77,136,78,165,0,87
Noire de Crimée,25.3,25.0,42,130,67,169,0,50
Marmande,19.6,23.5,69,124,73,162,0,80
Cerise,23.7,24.9,71,110,85,136,0,84
Marmande,21.1,25.2,54,134,84,169,0,70
Marmande,19.8,19.2,77,134,69,134,0,83
Cœur de Bœuf,26.6,19.5,50,112,91,161,0,66
Cœur de Bœuf,22.0,23.8,41,124,74,138,0,58
Cœur de Bœuf,22.0,20.7,65,135,63,159,0,78
Cerise,19.7,24.7,73,91,87,161,1,57
Cerise,21.8,24.0,40,131,63,168,0,68
Cœur de Bœuf,26.7,24.3,50,98,72,133,0,96
Cœur de Bœuf,21.6,21.7,44,102,71,154,1,55
Cerise,27.5,24.8,65,132,74,151,0,73
Noire de Crimée,27.5,26.5,45,123,88,137,1,55
Cerise,19.4,28.0,74,105,82,131,0,89
Cerise,19.8,26.5,44,94,72,166,0,52
Cerise,26.6,24.0,48,90,97,164,1,80
Cœur de Bœuf,21.9,20.7,67,129,94,166,0,80
Noire de Crimée,18.0,25.1,58,111,99,151,0,61
Cerise,20.7,27.4,44,137,71,130,0,57
Cœur de Bœuf,24.0,20.9,62,135,89,168,1,92
Marmande,26.0,21.3,83,115,64,162,1,75
Marmande,19.3,20.3,83,123,61,133,0,75
Cerise,19.1,25.6,55,139,89,138,0,64
Marmande,27.2,22.7,46,110,94,137,0,62
Noire de Crimée,25.5,19.6,53,96,69,151,0,71
Marmande,23.9,26.9,61,114,68,150,0,62
Marmande,25.7,24.0,48,101,76,157,1,95
Noire de Crimée,22.3,22.0,86,120,97,166,0,58
Cerise,25.6,22.1,62,136,89,131,0,73
Cerise,21.7,21.6,82,116,94,146,0,52
Noire de Crimée,20.4,23.1,43,111,66,160,0,72
Noire de Crimée,25.3,22.0,82,123,71,142,0,61
Noire de Crimée,22.2,23.9,65,106,93,147,0,90
Marmande,27.8,26.0,80,100,62,153,1,93
Noire de Crimée,21.5,25.1,45,118,92,160,1,60
Cœur de Bœuf,27.2,21.7,70,123,99,162,0,68
Marmande,27.3,23.8,56,126,72,160,0,58
Cerise,20.4,26.6,48,138,70,156,1,86
Cerise,26.0,19.6,66,137,99,165,0,59
Cerise,22.3,19.7,45,115,79,150,0,58
Marmande,27.2,24.0,45,134,90,134,0,82
Cœur de Bœuf,22.5,24.8,43,134,92,140,0,62
Noire de Crimée,25.4,20.9,82,134,93,163,0,69
Noire de Crimée,22.7,25.7,42,121,68,163,0,93
Cerise,20.3,24.8,63,126,66,132,0,60
Cerise,20.0,27.3,57,94,68,135,0,90
Marmande,22.3,20.5,71,109,85,149,0,78
Cœur de Bœuf,25.6,25.8,87,96,61,133,0,96
Noire de Crimée,24.1,19.8,60,132,64,166,1,62
Marmande,24.9,24.1,87,112,61,168,0,93
Noire de Crimée,20.8,24.0,68,90,69,136,1,63
Cerise,22.8,22.5,71,128,90,146,0,58
Noire de Crimée,18.4,26.6,64,92,92,167,1,91
Cœur de Bœuf,26.2,19.0,51,134,65,165,0,87
Cœur de Bœuf,27.9,23.7,85,92,73,163,1,68
Cerise,22.1,21.0,48,95,73,135,0,91
Cœur de Bœuf,18.1,25.7,46,120,74,168,0,96
Cœur de Bœuf,19.7,19.4,53,116,92,131,0,57
Marmande,24.5,26.5,59,118,90,147,1,67
Noire de Crimée,24.1,26.5,59,104,76,156,0,83
Cerise,25.9,26.5,49,125,74,168,0,85
Cerise,20.5,20.4,50,94,79,148,0,58
Cerise,25.6,24.7,78,92,80,161,0,65
Cerise,24.9,19.1,58,114,88,153,0,54
Cerise,21.2,26.6,58,121,68,163,1,64
Cœur de Bœuf,23.5,25.5,82,110,88,154,0,73
Marmande,19.5,23.8,45,137,93,153,0,96
Cerise,22.5,25.6,47,106,68,154,1,93
Marmande,26.8,19.8,40,98,89,141,0,97
Marmande,22.2,23.8,62,115,76,159,0,92
Cœur de Bœuf,26.4,21.6,79,111,63,135,0,88
Cerise,23.9,27.8,76,130,99,159,1,74
Cœur de Bœuf,19.9,26.7,49,135,91,162,0,65
Cerise,23.8,25.6,41,112,91,144,1,91
Cœur de Bœuf,23.1,27.4,75,100,66,158,0,71
Marmande,22.0,22.1,41,99,97,143,0,99
Cerise,19.2,27.1,54,112,91,154,0,65
Noire de Crimée,22.2,21.9,59,94,64,134,0,82
Marmande,18.7,25.6,81,115,62,131,0,54
Noire de Crimée,19.0,25.6,60,93,79,145,0,56
Marmande,22.2,19.2,69,132,76,168,1,67
Cœur de Bœuf,21.1,22.2,63,116,75,167,0,55
Cerise,27.3,19.2,41,127,70,146,0,98
Marmande,21.8,28.0,77,123,72,160,0,61
Cœur de Bœuf,25.6,20.1,61,92,77,130,0,93
Cerise,23.3,23.9,68,139,73,135,0,82
Cerise,25.0,26.1,53,121,93,160,0,83
Marmande,20.6,20.8,44,115,71,135,1,70
Cerise,27.4,23.4,63,107,81,165,1,67
Marmande,23.3,24.5,65,96,80,137,1,63
Cerise,26.3,20.4,41,134,85,158,0,91
Noire de Crimée,21.7,26.0,85,102,98,138,1,79
Cœur de Bœuf,19.0,21.7,84,95,61,151,0,95
Noire de Crimée,24.7,20.9,73,124,75,139,0,52
Marmande,18.1,24.0,62,120,93,153,0,62
Noire de Crimée,22.8,22.7,80,131,70,169,1,86
Marmande,19.9,27.3,74,126,78,131,0,68
Cerise,24.3,26.9,54,132,89,149,0,86
Cerise,27.8,23.4,42,93,66,146,0,62
Marmande,22.6,22.2,51,131,86,162,0,64
Noire de Crimée,26.2,21.9,77,93,81,143,0,75
Cerise,23.1,21.4,56,134,76,161,0,55
Cœur de Bœuf,23.0,23.9,77,97,74,166,1,76
Cerise,27.3,26.2,66,127,68,153,0,61
Cœur de Bœuf,26.9,21.8,58,100,71,149,0,97
Noire de Crimée,25.9,20.7,88,91,67,135,0,74
Cœur de Bœuf,21.0,23.3,87,107,61,162,1,99
Cœur de Bœuf,23.5,19.6,60,107,75,157,0,96
Cœur de Bœuf,20.2,25.3,79,111,62,140,0,65
Cœur de Bœuf,22.4,23.7,63,101,90,165,0,95
Cerise,22.8,23.5,63,106,85,149,0,65
Cœur de Bœuf,26.3,21.7,58,106,61,135,0,52
Cerise,27.0,27.1,70,125,89,137,1,83
Cœur de Bœuf,22.1,19.8,79,118,72,148,0,73
Marmande,18.2,26.8,59,138,96,144,1,91
Noire de Crimée,26.6,22.4,54,105,73,151,1,95
Cœur de Bœuf,19.7,26.9,79,130,60,131,0,72
Marmande,24.2,25.6,74,100,91,157,0,79
Cœur de Bœuf,18.2,19.9,87,133,65,165,1,98
Cœur de Bœuf,22.0,26.5,74,132,81,165,0,70
Cœur de Bœuf,27.9,25.1,72,134,70,147,0,66
Marmande,19.0,19.3,79,111,82,141,1,67
Noire de Crimée,22.2,20.2,80,119,73,148,0,52
Marmande,21.1,24.7,83,97,73,155,0,96
Noire de Crimée,27.1,25.0,57,135,79,154,1,61
Cœur de Bœuf,26.7,25.7,56,107,66,157,0,65
Cerise,20.4,25.5,47,135,78,144,0,87
Cœur de Bœuf,18.8,24.9,59,105,85,139,0,63
Noire de Crimée,24.3,25.9,50,136,81,168,0,76
Marmande,21.4,24.2,69,109,65,163,1,67
Cœur de Bœuf,24.7,21.3,66,128,72,142,0,69
Marmande,18.3,27.2,78,97,69,145,1,84
Marmande,19.3,19.2,53,119,78,169,1,66
Marmande,24.9,22.3,81,127,90,160,0,69
Cœur de Bœuf,20.1,25.6,54,118,69,130,0,55
Marmande,26.6,22.8,51,102,96,152,0,75
Marmande,18.6,19.2,59,106,72,143,0,56
Cœur de Bœuf,20.2,19.6,56,129,76,168,1,87
Marmande,28.0,24.8,79,132,64,159,0,61
Cœur de Bœuf,22.3,27.7,65,106,80,149,1,66
Noire de Crimée,25.0,24.0,53,98,98,154,1,70
Noire de Crimée,19.8,23.6,64,91,79,140,0,55
Noire de Crimée,24.1,21.9,65,131,66,155,1,96
Marmande,25.3,21.3,86,113,74,150,1,86
Cerise,21.1,19.2,64,110,74,134,0,74
Cerise,26.3,21.5,64,135,82,136,0,64
Marmande,24.0,23.0,66,91,92,141,0,60
Cerise,21.9,20.8,82,94,61,131,0,58
Cœur de Bœuf,23.6,19.8,51,106,91,168,0,53
Cerise,23.8,25.5,59,113,74,150,0,52
Marmande,19.7,27.1,55,97,66,161,0,62
Marmande,22.0,27.4,64,119,68,134,0,81
Cœur de Bœuf,21.4,24.6,66,139,87,156,0,55
Noire de Crimée,22.0,19.5,57,111,81,160,0,50
Marmande,25.6,25.7,49,113,62,141,0,91
Cœur de Bœuf,22.8,20.0,89,115,61,165,1,54
Cerise,27.4,25.0,69,97,81,150,0,51
Cerise,20.9,26.0,40,101,84,148,0,71
Cœur de Bœuf,22.2,25.5,43,103,84,132,0,81
Cœur de Bœuf,25.9,27.6,62,119,91,146,1,97
Marmande,23.5,25.6,46,124,66,159,0,90
Cerise,23.5,25.2,69,120,90,165,0,99
Cœur de Bœuf,18.5,21.4,65,117,96,138,0,98
Cerise,22.0,27.3,40,135,63,163,0,56
Cœur de Bœuf,20.7,20.6,68,116,92,158,0,70
Cerise,28.0,27.1,64,125,74,139,0,66
Noire de Crimée,21.1,21.8,79,90,68,138,0,69
Marmande,26.8,20.2,65,130,65,169,0,50
Cerise,24.8,26.4,56,103,90,140,1,81
Noire de Crimée,21.4,19.0,70,99,93,148,0,89
Cerise,23.4,26.5,47,139,97,151,0,81
Cerise,26.4,21.4,44,131,72,151,0,69
Noire de Crimée,26.8,27.0,40,96,95,145,0,59
Cerise,19.6,25.2,54,129,91,146,0,55
Cerise,21.4,25.0,75,103,81,169,0,90
Marmande,21.4,22.3,46,125,88,136,1,82
Noire de Crimée,18.4,19.5,85,116,70,160,0,59
Noire de Crimée,24.0,26.5,83,100,65,133,1,74
Cœur de Bœuf,26.5,20.5,66,131,64,158,0,73
Cerise,21.8,22.4,74,138,60,136,1,80
Marmande,25.4,24.4,66,126,98,159,0,78
Cerise,24.3,23.3,59,131,69,132,1,61
Cerise,21.8,20.8,57,99,69,154,1,92
Cœur de Bœuf,19.4,20.3,79,96,83,163,1,86
Cerise,25.1,20.1,41,106,66,162,0,91
Marmande,26.5,26.8,69,101,81,160,0,99
Marmande,24.9,19.3,77,126,80,153,0,58
Cœur de Bœuf,18.2,27.8,69,126,81,167,1,78
Cerise,20.2,20.8,46,125,92,133,0,52
Marmande,18.7,20.0,78,96,84,139,0,53
Cerise,23.7,24.2,52,113,90,154,0,70
Cerise,25.6,19.7,72,123,75,166,0,55
Cerise,19.1,24.4,79,90,74,130,0,51
Cœur de Bœuf,26.4,26.7,69,118,88,146,1,86
Cerise,23.6,19.4,69,115,78,136,1,69
Marmande,24.9,26.2,62,99,76,143,0,94
Cerise,27.7,22.6,84,90,85,130,0,82
Marmande,18.8,20.4,63,134,95,135,1,63
Cerise,27.0,20.6,59,106,95,168,0,69
Marmande,19.3,27.3,67,130,94,139,0,92
Marmande,21.9,20.0,58,125,99,150,1,51
Cerise,26.5,26.8,88,98,82,132,1,96
Cerise,27.1,23.9,52,128,68,148,0,56
Marmande,23.1,19.4,55,112,93,157,0,86
Noire de Crimée,23.9,23.2,54,118,77,131,0,61
Cœur de Bœuf,25.1,26.4,50,91,75,156,0,98
Noire de Crimée,26.3,25.5,51,107,91,161,0,65
Noire de Crimée,19.2,23.4,61,117,87,141,0,66
Cerise,26.1,26.7,64,136,91,130,1,80
Cœur de Bœuf,22.8,20.1,42,131,77,169,0,56
Noire de Crimée,22.5,27.2,63,138,93,158,1,75
Cerise,22.2,26.6,64,96,88,138,0,50
Noire de Crimée,23.1,25.4,48,100,80,147,1,51
Noire de Crimée,27.5,26.4,67,96,60,165,1,80
Cerise,23.5,23.9,85,132,75,145,0,69
Cerise,27.5,25.1,69,113,92,164,0,86
Cerise,19.8,24.0,46,104,80,165,0,82
Cœur de Bœuf,25.2,22.2,50,120,94,133,0,62
Noire de Crimée,26.1,24.1,49,108,86,169,0,50
Cerise,24.8,21.3,42,99,79,164,0,82
Marmande,24.1,23.0,58,137,90,148,0,52
Noire de Crimée,23.6,21.5,41,97,75,135,1,86
Marmande,26.6,20.1,56,90,73,160,0,68
Cœur de Bœuf,26.2,21.9,68,91,91,156,0,93
Cerise,19.2,26.7,41,118,91,132,0,89
Marmande,26.5,22.4,55,131,61,165,0,81
Cœur de Bœuf,22.1,25.7,88,99,81,165,0,54
Cerise,20.5,20.6,49,131,96,131,0,96
Marmande,26.7,22.8,43,98,76,166,1,92
Marmande,22.3,20.0,82,139,91,144,0,96
Cœur de Bœuf,26.1,20.2,65,120,97,166,0,86
Cerise,20.6,24.6,88,121,76,152,0,55
Cerise,18.0,24.5,63,91,93,135,1,85
Marmande,23.0,20.9,51,113,66,162,0,86
Marmande,19.0,23.3,60,126,88,134,1,62
Marmande,25.5,26.8,81,132,76,150,0,61
Cerise,20.8,20.6,55,95,83,157,1,55
Cœur de Bœuf,22.4,19.2,75,97,67,150,1,79
Cœur de Bœuf,18.9,24.9,74,129,82,153,0,86
Cerise,20.9,19.5,48,114,92,157,0,77
Noire de Crimée,25.8,27.8,45,131,88,140,0,59
Cœur de Bœuf,19.5,24.5,83,132,78,151,0,77
Marmande,24.5,23.2,40,114,64,163,1,55
Noire de Crimée,27.2,22.9,53,135,96,166,1,58
Noire de Crimée,24.8,24.2,63,100,82,146,0,73
Cœur de Bœuf,26.1,19.8,49,124,85,144,1,67
Noire de Crimée,19.1,27.4,57,90,83,158,0,53
Noire de Crimée,20.5,24.6,84,112,80,163,0,94
Cœur de Bœuf,26.9,20.7,48,92,92,151,1,72
Cœur de Bœuf,25.2,24.1,66,130,85,156,0,76
Noire de Crimée,24.4,20.2,58,90,69,167,0,53
Marmande,24.6,19.2,75,133,88,144,1,62
Cerise,22.1,24.7,42,101,94,150,0,60
Noire de Crimée,18.4,24.8,77,127,87,133,0,60
Noire de Crimée,25.8,24.3,48,129,71,147,1,68
Marmande,24.8,20.7,49,120,66,136,0,82
Noire de Crimée,22.7,24.4,48,118,75,145,1,63
Noire de Crimée,27.0,19.5,56,124,79,164,0,62
Cerise,21.4,24.5,81,117,88,141,0,56
Cerise,20.9,24.0,77,110,94,136,1,82
Cerise,26.7,24.9,87,100,87,139,1,81
Cœur de Bœuf,26.0,27.1,88,115,66,130,0,94
Cœur de Bœuf,23.1,26.7,82,100,81,141,0,86
Cerise,19.3,27.8,59,94,73,156,0,57
Cerise,20.2,27.8,46,96,95,157,1,95
Cœur de Bœuf,24.6,26.0,43,120,69,147,0,83
Marmande,21.9,27.6,49,128,61,130,0,68
Noire de Crimée,26.4,26.8,60,131,81,152,0,85
Noire de Crimée,27.5,25.5,53,97,75,168,0,83
Cerise,26.1,19.7,64,116,94,146,0,85
Marmande,21.8,19.4,56,110,99,130,1,55
Cœur de Bœuf,25.9,26.5,67,119,70,167,0,99
Cerise,21.5,23.4,53,103,92,133,0,50
Marmande,19.7,26.3,52,90,93,144,0,94
Marmande,18.3,21.8,73,134,92,150,1,79
Marmande,21.9,22.6,80,113,78,150,1,64
Cœur de Bœuf,27.0,25.3,42,95,79,151,0,58
Cœur de Bœuf,20.4,27.2,43,95,69,143,0,78
Noire de Crimée,20.1,19.8,83,94,78,164,0,51
Noire de Crimée,27.7,26.8,54,124,71,133,0,79
Marmande,18.3,26.1,59,133,69,164,0,95
Marmande,25.9,21.8,47,104,66,161,0,53
Cœur de Bœuf,21.2,22.2,89,124,99,157,0,68
Noire de Crimée,18.4,19.4,44,137,70,141,0,69
Marmande,27.2,19.1,41,139,75,159,0,54
Noire de Crimée,19.4,23.3,67,130,92,138,0,58
Noire de Crimée,23.5,19.9,61,97,97,148,0,69
Marmande,20.7,20.7,48,132,76,145,0,98
Cœur de Bœuf,18.7,26.6,67,124,84,159,0,65
Marmande,18.5,24.1,85,94,90,130,0,98
Marmande,19.2,24.7,40,120,60,152,1,69
Noire de Crimée,18.7,20.7,75,131,98,141,1,69
Marmande,25.6,26.5,88,120,79,134,1,75
Cœur de Bœuf,22.9,26.8,81,126,68,149,0,88
Marmande,21.4,23.7,41,97,61,132,0,82
Cœur de Bœuf,22.2,27.2,77,95,60,131,0,61
Cœur de Bœuf,27.3,26.6,65,112,98,149,0,70
Noire de Crimée,27.1,25.6,70,105,64,131,0,72
Cerise,25.2,25.6,80,133,71,169,0,69
Cerise,26.8,19.9,58,138,73,164,0,72
Noire de Crimée,21.2,21.4,70,97,98,133,1,98
Marmande,21.8,19.6,48,93,91,165,0,96
Noire de Crimée,24.1,19.1,42,121,99,169,0,55
Cœur de Bœuf,24.2,20.4,77,138,68,135,0,94
Cerise,22.8,26.9,45,92,92,143,0,61
Noire de Crimée,22.0,21.2,88,139,84,144,0,84
Marmande,27.9,27.7,84,105,97,166,0,57
Noire de Crimée,26.2,24.4,84,123,73,162,0,76
Cerise,22.3,21.1,46,102,68,148,1,65
Noire de Crimée,25.3,23.5,80,122,86,141,0,96
Noire de Crimée,20.7,21.0,64,111,78,138,1,81
Cerise,19.0,27.9,64,120,84,148,1,78
Cœur de Bœuf,21.5,26.6,89,113,91,161,1,56
Cœur de Bœuf,22.0,19.2,40,92,81,157,0,65
Cerise,18.2,27.5,61,122,88,157,0,78
Noire de Crimée,26.1,25.5,59,119,87,160,0,74
Cerise,21.6,19.7,52,115,72,165,0,92
Cœur de Bœuf,23.8,25.0,79,123,87,142,1,85
Marmande,18.7,24.8,60,111,62,162,1,97
Noire de Crimée,19.7,21.0,62,119,89,147,0,53
Cœur de Bœuf,26.9,25.8,80,124,70,158,0,76
Noire de Crimée,24.1,19.8,72,114,61,168,1,72
Cerise,27.5,23.4,48,117,68,137,0,72
Marmande,28.0,19.1,68,122,92,151,0,79
Cerise,21.7,27.7,71,112,85,130,0,92
Marmande,21.0,25.8,50,115,75,160,1,73
Noire de Crimée,26.6,20.4,75,98,84,149,1,97
Noire de Crimée,28.0,22.1,68,97,60,165,1,65
Cerise,24.3,20.4,87,126,80,152,1,56
Marmande,26.0,25.9,70,122,79,146,1,72
Marmande,25.8,19.5,53,104,64,139,0,87
Noire de Crimée,21.6,26.6,89,138,76,138,0,80
Cerise,23.7,27.5,64,136,99,146,0,91
Marmande,26.3,25.1,65,97,97,132,1,68
Noire de Crimée,24.9,20.9,61,110,60,162,0,96
Cœur de Bœuf,18.2,22.2,48,92,72,130,0,53
Cerise,21.4,23.3,72,98,77,149,1,55
Cœur de Bœuf,19.4,24.4,62,103,63,131,0,68
Cerise,20.3,25.0,74,127,73,145,0,76
Noire de Crimée,27.1,24.0,59,116,64,138,0,78
Marmande,18.4,22.2,72,109,92,143,1,61
Marmande,20.2,27.0,74,93,85,130,0,87
Marmande,21.1,19.7,85,113,63,164,0,62
Cerise,24.2,23.2,69,116,89,147,0,77
Noire de Crimée,23.3,26.0,85,101,76,130,0,54
Cœur de Bœuf,20.2,19.5,69,117,87,134,0,95
Noire de Crimée,19.6,25.3,61,124,65,140,1,95
Cœur de Bœuf,20.4,26.4,84,113,86,167,1,66
Cerise,23.0,24.9,40,120,95,153,0,76
Cerise,20.7,19.1,54,92,66,168,0,75
Cœur de Bœuf,27.5,20.6,64,119,60,161,1,53
Cœur de Bœuf,22.6,22.1,59,116,69,145,0,57
Cœur de Bœuf,18.6,21.1,46,106,72,132,0,75
Noire de Crimée,25.3,27.7,55,95,91,137,1,82
Cœur de Bœuf,21.3,24.9,62,136,73,161,1,61
Cerise,24.5,21.7,60,132,92,151,0,62
Cerise,20.8,27.4,40,107,89,146,0,70
Marmande,23.7,25.7,86,124,68,156,1,86
Cœur de Bœuf,25.7,21.6,59,116,65,132,0,74
Noire de Crimée,27.3,22.4,86,106,69,155,0,88
Noire de Crimée,20.6,20.8,58,100,70,164,1,52
Noire de Crimée,21.3,27.7,45,127,98,142,1,68
Marmande,22.6,23.7,77,126,79,146,1,56
Cerise,27.3,27.1,71,131,84,159,0,66
Noire de Crimée,27.0,22.1,40,123,71,158,1,62
Cerise,18.9,26.7,69,136,81,143,0,73
Marmande,19.3,19.5,55,121,71,159,0,94
Cœur de Bœuf,23.0,27.8,66,132,73,166,0,57
Cœur de Bœuf,19.1,27.2,57,135,95,167,1,57
Cœur de Bœuf,21.5,22.3,52,135,73,138,1,94
Noire de Crimée,19.5,26.0,83,124,61,161,1,51
Cœur de Bœuf,24.4,25.8,89,117,61,133,0,79
Noire de Crimée,27.5,27.1,67,111,65,135,0,52
Marmande,28.0,21.8,49,105,84,130,0,94
Marmande,21.8,23.2,53,135,62,154,1,75
Noire de Crimée,24.0,26.8,68,131,82,169,0,66
Cerise,26.6,26.0,50,129,68,167,1,87
Cœur de Bœuf,19.2,22.5,89,101,90,132,0,52
Cœur de Bœuf,24.9,26.6,66,94,87,150,1,82
Cœur de Bœuf,22.1,19.4,83,115,84,143,0,79
Noire de Crimée,20.1,26.0,56,115,94,159,0,64
Marmande,22.0,20.9,42,102,60,131,0,57
Cœur de Bœuf,18.8,21.6,70,113,61,151,0,79
Marmande,25.0,23.4,60,133,74,142,0,72
Cœur de Bœuf,20.5,23.0,72,92,99,154,0,61
Cœur de Bœuf,21.1,23.7,40,121,75,140,0,88
Noire de Crimée,19.2,23.9,45,112,82,139,0,97
Cerise,26.6,22.0,43,138,94,166,0,57
Noire de Crimée,22.9,20.6,61,126,67,154,0,58
Cœur de Bœuf,23.7,25.9,52,127,66,164,1,57
Cœur de Bœuf,23.7,22.6,83,134,80,148,0,87
Cerise,22.1,23.6,69,127,94,157,0,82
Marmande,19.9,24.8,79,102,98,139,0,97
Marmande,25.5,27.2,65,104,96,144,0,82
Cœur de Bœuf,19.3,25.4,78,91,92,161,0,94
Marmande,19.0,19.4,78,100,96,132,0,60
Cœur de Bœuf,25.1,26.5,46,105,94,153,1,72
Cerise,20.1,27.9,53,107,77,139,0,92
Cerise,21.1,23.3,65,123,78,159,0,92
Cœur de Bœuf,22.8,27.7,57,99,69,162,0,74
Cerise,22.5,23.9,63,102,63,154,0,64
Noire de Crimée,25.1,23.1,64,121,89,168,0,59
Noire de Crimée,24.2,22.0,89,97,92,168,0,69
Cerise,24.4,24.9,71,96,63,154,0,65
Cœur de Bœuf,25.1,21.1,45,137,68,167,1,84
Cœur de Bœuf,20.9,19.9,55,106,76,141,1,83
Cerise,21.2,19.2,42,130,98,133,1,70
Marmande,22.4,21.6,60,116,83,157,0,95
Noire de Crimée,21.1,22.6,71,97,98,149,1,96
Marmande,27.8,24.0,41,118,72,139,1,89
Cœur de Bœuf,26.1,21.6,86,126,85,160,0,50
Cœur de Bœuf,19.6,27.9,59,116,78,148,0,74
Marmande,18.1,21.6,50,126,76,131,1,95
Cerise,18.4,23.0,57,113,89,133,1,63
Marmande,20.4,19.9,50,134,85,144,0,68
Marmande,19.1,21.3,74,105,72,167,0,57
Noire de Crimée,23.3,19.4,75,115,77,162,0,90
Noire de Crimée,26.6,24.0,77,120,80,147,1,64
Marmande,25.4,25.8,51,116,93,169,0,93
Marmande,20.2,20.8,70,115,68,161,0,67
Cœur de Bœuf,22.0,22.3,75,132,89,161,1,50
Noire de Crimée,23.1,19.1,69,104,88,142,0,96
Noire de Crimée,26.1,26.6,83,138,88,145,0,82
Cœur de Bœuf,26.4,26.0,43,104,78,162,1,50
Cerise,27.1,19.6,41,112,67,163,0,83
Noire de Crimée,23.1,22.3,83,114,76,143,1,53
Noire de Crimée,24.9,27.6,52,133,71,131,0,66
Cerise,19.1,22.5,65,93,74,142,1,51
Noire de Crimée,23.7,23.7,68,125,64,158,0,88
Noire de Crimée,20.5,22.2,87,105,93,163,0,59
Cerise,22.3,24.4,75,136,62,146,1,91
Cerise,24.3,27.8,67,129,64,132,1,94
Marmande,20.6,28.0,47,110,93,159,0,86
Cœur de Bœuf,18.5,26.0,44,129,68,133,1,75
Cœur de Bœuf,18.1,22.6,71,132,83,160,0,76
Cerise,18.2,23.4,69,106,64,134,0,88
Cerise,18.1,22.2,53,92,86,131,1,74
Noire de Crimée,19.1,27.9,86,96,79,133,0,78
Marmande,20.4,25.4,82,101,61,167,0,95
Marmande,20.2,23.0,49,90,82,156,0,67
Cerise,27.9,19.1,49,132,93,156,0,71
Noire de Crimée,21.1,23.7,45,126,88,144,1,75
Noire de Crimée,19.3,27.9,55,95,94,168,0,75
Cœur de Bœuf,23.5,23.7,65,135,89,167,0,70
Cœur de Bœuf,26.6,20.6,60,138,62,143,0,70
Noire de Crimée,24.8,19.2,75,112,69,147,1,91
Cœur de Bœuf,21.0,22.2,80,114,93,158,0,57
Cerise,23.6,27.3,81,114,60,136,0,51
Noire de Crimée,25.1,28.0,69,92,65,167,0,95
Cœur de Bœuf,25.3,27.5,44,93,65,153,0,83
Marmande,24.7,25.6,49,119,75,167,0,61
Noire de Crimée,26.7,24.0,87,122,60,135,0,98
Noire de Crimée,26.7,24.3,70,118,64,149,0,67
Marmande,23.8,23.9,50,93,84,165,0,66
Cerise,22.3,25.4,77,103,86,139,0,64
Marmande,24.4,22.8,46,110,97,151,0,52
Noire de Crimée,26.2,25.0,51,96,85,162,0,70
Cerise,18.1,20.1,84,110,75,152,0,68
Cœur de Bœuf,27.9,21.4,88,96,85,133,1,81
Cœur de Bœuf,19.8,26.5,80,90,96,150,1,60
Cœur de Bœuf,22.7,27.1,47,123,87,142,1,67
Noire de Crimée,26.7,23.9,67,112,87,142,0,78
Marmande,20.3,19.3,55,92,89,141,0,52
Cerise,22.8,27.3,42,107,72,153,1,99
Cœur de Bœuf,19.3,25.3,76,132,84,164,0,53
Cerise,22.0,22.7,71,101,78,148,0,77
Noire de Crimée,19.8,24.4,60,103,72,138,0,58
Cœur de Bœuf,21.6,22.9,84,130,70,142,1,87
Noire de Crimée,21.7,23.2,57,117,82,151,0,56
Marmande,27.9,27.0,87,131,73,169,1,50
Noire de Crimée,27.9,20.4,85,134,69,165,0,84
Noire de Crimée,19.1,19.9,50,113,93,157,0,96
Marmande,25.3,19.0,89,113,99,136,1,83
Cerise,18.5,21.8,47,92,82,159,0,58
Marmande,18.3,20.3,51,98,99,160,0,75
Marmande,19.1,21.0,41,113,80,140,0,57
Noire de Crimée,27.7,19.1,80,91,79,159,0,68
Cerise,27.4,21.0,61,129,91,144,1,75
Cœur de Bœuf,19.9,22.0,48,117,73,142,1,95
Marmande,19.6,19.3,53,96,83,164,0,59
Cerise,20.4,24.5,54,98,77,164,0,92
Marmande,23.2,24.1,50,134,89,149,1,79
Marmande,23.7,19.9,52,128,87,152,1,89
Marmande,20.2,24.4,67,128,73,166,0,85
Marmande,25.6,28.0,64,122,80,149,0,80
Noire de Crimée,21.1,27.5,76,123,93,148,0,57
Cerise,27.2,19.0,45,110,64,147,0,91
Cerise,24.6,26.2,76,118,90,133,0,96
Cerise,22.4,22.2,72,116,62,137,0,62
Marmande,25.9,19.6,64,106,82,159,1,86
Noire de Crimée,26.2,21.7,89,131,98,149,1,79
Marmande,20.9,21.9,62,136,89,137,0,64
Marmande,21.4,23.7,47,137,89,134,1,84
Cerise,27.4,24.9,56,112,95,163,0,52
Marmande,19.6,25.7,70,134,97,169,0,78
Cœur de Bœuf,18.4,21.2,65,110,66,136,1,73
Marmande,22.5,21.9,50,97,64,151,1,94
Cœur de Bœuf,26.0,21.8,69,98,65,138,0,72
Marmande,25.7,22.3,50,122,73,140,0,58
Noire de Crimée,27.2,28.0,42,93,70,141,0,51
Noire de Crimée,23.3,26.0,79,107,96,137,0,64
Cerise,19.0,27.8,79,121,61,161,1,81
Marmande,23.9,25.2,60,119,90,146,0,67
Cœur de Bœuf,25.8,22.7,74,114,86,155,1,78
Cœur de Bœuf,18.9,22.5,67,122,75,162,0,89
Marmande,19.7,23.4,61,124,61,155,1,52
Cœur de Bœuf,18.1,22.8,81,131,85,151,0,82
Noire de Crimée,23.9,26.5,85,123,75,132,0,56
Cœur de Bœuf,26.9,23.2,57,139,68,160,0,79
Cerise,24.7,21.7,62,91,68,143,1,76
Noire de Crimée,27.8,26.0,65,102,64,147,0,87
Noire de Crimée,18.6,26.7,74,130,95,163,0,78
Noire de Crimée,27.0,22.8,68,112,66,169,1,80
Marmande,26.1,25.0,85,112,91,146,0,50
Marmande,21.1,19.5,50,120,88,141,0,90
Noire de Crimée,27.7,23.8,81,91,96,168,0,92
Marmande,20.9,19.4,85,91,62,162,0,76
Cœur de Bœuf,26.9,19.3,40,94,89,161,1,76
Marmande,26.8,24.5,55,103,99,150,0,78
Marmande,25.6,21.7,64,112,90,143,0,54
Noire de Crimée,23.6,25.7,77,124,86,131,0,52
Cerise,19.2,27.1,57,135,65,136,0,78
Cerise,23.3,20.3,55,90,88,144,0,90
Cerise,21.6,25.5,58,130,68,160,0,88
Cœur de Bœuf,25.9,23.6,55,137,79,157,1,62
Marmande,25.6,20.0,44,138,70,137,1,82
Cerise,27.1,24.9,66,129,78,136,0,69
Noire de Crimée,18.1,24.5,83,104,98,165,1,52
Cerise,26.1,23.6,45,119,69,139,0,55
Cerise,27.4,27.3,73,110,64,168,0,92
Marmande,25.9,23.7,55,97,98,159,0,66
Marmande,19.3,27.9,62,96,82,169,1,96
Marmande,18.8,23.6,82,130,65,134,0,53
Cœur de Bœuf,18.2,20.0,83,123,90,150,1,82
Cœur de Bœuf,24.3,23.2,71,131,77,135,1,82
Cerise,24.3,20.6,82,126,80,145,0,55
Marmande,27.9,24.4,62,137,74,145,0,90
Cerise,22.0,25.2,59,121,90,153,0,63
Noire de Crimée,21.3,23.2,58,122,69,148,1,95
Noire de Crimée,24.2,19.9,68,95,65,148,1,56
Marmande,26.3,23.2,47,131,83,166,1,55
Marmande,27.4,19.7,68,99,92,162,0,52
Noire de Crimée,26.0,25.1,57,115,87,134,1,86
Marmande,22.3,26.1,44,134,87,138,0,71
Cœur de Bœuf,24.3,27.7,51,115,69,150,1,87
Cœur de Bœuf,26.6,20.3,49,108,82,136,0,57
Marmande,22.9,23.8,86,124,74,154,1,73
Noire de Crimée,20.2,24.1,76,134,96,150,0,62
Cerise,19.7,27.3,56,93,73,142,1,62
Marmande,18.0,24.6,71,114,73,150,0,50
Marmande,25.2,20.3,43,97,66,139,0,90
Cerise,19.1,22.9,70,101,95,153,0,85
Marmande,20.4,24.9,65,113,77,156,0,81
Cerise,21.0,25.3,51,113,74,162,0,54
Noire de Crimée,23.6,26.8,57,106,92,155,1,98
Cœur de Bœuf,22.0,20.6,47,114,81,165,0,56
Noire de Crimée,24.7,27.6,71,122,76,146,1,99
Cœur de Bœuf,18.6,19.5,59,116,85,150,1,94
Cerise,19.2,27.9,88,91,74,131,1,81
Cœur de Bœuf,23.0,26.7,79,98,99,144,0,77
Noire de Crimée,21.4,24.9,52,122,77,131,1,82
Cœur de Bœuf,21.0,25.6,62,108,67,136,0,95
Cerise,18.7,19.7,42,138,62,165,1,63
Cœur de Bœuf,27.0,19.4,74,94,73,161,0,62
Marmande,24.9,19.9,78,136,93,132,0,78
Noire de Crimée,19.2,19.8,89,109,92,132,0,99
Marmande,18.7,23.9,60,113,96,162,0,89
Cerise,27.7,20.9,46,120,60,154,0,50
Cœur de Bœuf,24.8,26.7,65,133,94,166,0,96
Marmande,22.2,23.0,62,93,69,165,0,98
Marmande,25.0,25.3,71,121,78,164,0,98
Cœur de Bœuf,25.6,24.9,41,136,70,148,1,76
Cœur de Bœuf,25.8,21.9,78,124,94,148,0,79
Noire de Crimée,22.8,21.2,41,103,61,162,0,83
Marmande,22.3,22.1,78,125,62,147,0,95
Marmande,18.1,26.2,85,95,74,156,0,50
Cerise,27.3,24.3,54,106,87,159,0,83
Noire de Crimée,24.0,21.3,55,107,61,160,0,56
Cerise,20.0,26.4,65,97,89,168,0,50
Marmande,27.2,19.5,47,101,97,132,0,91
Cerise,27.1,25.3,55,106,64,151,0,67
Marmande,27.9,23.0,60,120,65,139,0,84
Marmande,26.7,25.6,78,90,64,137,0,99
Cerise,28.0,27.3,50,100,71,163,0,68
Cerise,20.4,25.8,63,131,63,147,0,62
Cœur de Bœuf,26.4,23.0,75,105,83,141,0,72
Cœur de Bœuf,26.2,20.4,57,126,84,161,0,51
Cœur de Bœuf,20.3,26.3,62,138,85,131,0,52
Marmande,19.0,23.1,52,117,92,146,0,71
Cerise,27.8,19.7,88,98,80,141,0,85
Noire de Crimée,21.0,25.5,83,97,82,136,1,98
Marmande,26.7,21.6,89,114,96,144,0,57
Noire de Crimée,18.0,19.4,81,99,96,131,0,72
Cerise,18.2,27.1,78,129,71,156,0,57
Marmande,22.7,23.3,83,92,96,155,0,74
Noire de Crimée,20.4,21.5,83,112,80,154,0,84
Noire de Crimée,24.9,25.4,84,112,72,141,1,96
Cœur de Bœuf,23.7,27.0,40,133,92,146,1,60
Cœur de Bœuf,18.8,19.0,46,93,65,130,0,90
Cœur de Bœuf,19.6,25.2,87,139,71,160,0,92
Marmande,21.9,25.9,87,112,97,169,0,55
Cerise,19.9,20.9,60,98,89,134,0,91
Cerise,25.9,23.4,55,93,96,157,0,91
Cœur de Bœuf,22.2,19.8,87,123,77,157,1,99
Cœur de Bœuf,18.9,25.7,53,128,75,137,0,94
Cœur de Bœuf,22.8,26.6,82,107,66,143,0,66
Noire de Crimée,18.9,20.0,82,123,60,135,0,85
Cœur de Bœuf,19.3,26.3,41,123,87,147,0,67
Noire de Crimée,20.4,25.9,70,131,62,166,0,82
Cerise,26.6,22.1,78,92,98,139,1,67
Marmande,27.2,25.2,48,108,69,164,1,56
Marmande,26.3,19.0,80,123,73,164,1,78
Marmande,21.3,27.4,53,115,74,146,1,54
Marmande,20.7,24.0,49,124,65,156,1,65
Noire de Crimée,23.5,24.6,87,130,98,153,0,80
Noire de Crimée,25.2,25.0,63,132,75,139,1,54
Cœur de Bœuf,27.9,24.1,89,120,77,146,0,59
Noire de Crimée,19.3,26.7,72,132,94,162,0,78
Cœur de Bœuf,18.5,24.5,73,116,84,162,0,78
Cœur de Bœuf,24.9,27.2,59,92,92,146,0,65
Marmande,26.3,24.2,67,126,92,147,0,53
Noire de Crimée,26.5,20.5,43,101,78,167,0,50
Noire de Crimée,24.8,27.2,73,136,97,136,1,57
Cœur de Bœuf,27.5,25.1,43,112,70,155,0,77
Cœur de Bœuf,23.1,25.3,45,106,98,130,0,50
Cerise,27.1,27.9,61,105,62,140,0,77
Cerise,27.7,19.7,43,106,97,139,0,52
Cœur de Bœuf,26.5,22.9,89,104,60,160,0,99
Cerise,21.1,21.2,44,115,99,154,0,51
Cerise,20.0,24.7,50,134,84,130,0,74
Cœur de Bœuf,23.5,26.3,84,91,91,132,1,86
Cœur de Bœuf,22.5,27.7,74,106,95,130,1,60
Noire de Crimée,26.8,23.1,58,90,63,136,0,95
Cœur de Bœuf,19.0,26.1,50,119,82,143,1,67
Cœur de Bœuf,20.6,27.3,50,121,75,152,0,91
Marmande,25.5,25.1,66,119,70,146,0,88
Noire de Crimée,18.9,21.2,41,131,81,143,0,89
Noire de Crimée,21.2,24.5,86,93,98,138,0,69
Noire de Crimée,21.9,27.7,47,131,92,150,0,66
Marmande,24.2,27.9,73,133,97,131,0,56
Cœur de Bœuf,19.6,24.8,79,121,72,161,0,97
Noire de Crimée,26.6,27.0,59,124,80,137,0,66
Noire de Crimée,22.5,20.8,62,90,71,165,0,53
Cerise,27.2,21.2,54,108,85,155,1,85
Noire de Crimée,22.7,27.6,87,122,60,166,0,79
Cœur de Bœuf,20.8,20.2,52,108,81,144,0,50
Cœur de Bœuf,19.4,20.7,70,125,86,163,0,84
Cerise,18.0,22.8,88,116,91,150,0,61
Noire de Crimée,23.3,24.3,85,102,67,152,0,66
Noire de Crimée,19.1,24.4,53,116,93,138,1,65
Noire de Crimée,21.9,21.6,40,135,77,169,0,77
Marmande,23.9,27.3,66,103,63,155,0,81
Noire de Crimée,20.8,27.2,72,113,60,151,0,95
Cœur de Bœuf,19.8,22.5,74,124,75,142,1,84
Cœur de Bœuf,25.7,22.9,54,108,89,154,0,68
Marmande,27.5,25.3,44,114,82,136,0,78
Marmande,19.0,25.0,76,100,90,156,0,78
Noire de Crimée,19.6,22.4,43,98,87,144,1,65
Cerise,27.6,22.7,85,95,96,141,0,53
Marmande,18.4,22.1,59,125,75,162,0,70
Marmande,27.8,21.1,78,126,68,150,1,98
Noire de Crimée,18.0,23.1,61,118,61,154,1,93
Noire de Crimée,26.7,25.2,63,98,61,169,1,50
Marmande,21.1,25.7,86,122,91,151,1,68
Cerise,27.4,26.0,50,112,75,143,0,93
Marmande,21.2,22.4,85,104,72,137,1,75
Noire de Crimée,24.5,25.9,45,100,86,153,1,61
Noire de Crimée,18.8,19.1,66,112,90,132,0,66
Marmande,20.4,23.3,49,115,92,141,0,86
Cerise,25.7,26.1,78,90,80,151,0,77
Marmande,23.3,24.7,49,119,78,145,0,85
Marmande,27.3,23.3,85,106,72,136,1,78
Noire de Crimée,22.3,24.8,65,136,78,147,0,54
Cerise,26.7,27.2,76,135,94,152,1,87
Cœur de Bœuf,22.5,24.1,72,130,94,155,1,52
Cerise,27.8,26.2,47,112,92,167,1,64
Marmande,27.6,27.8,88,125,62,131,0,52
Marmande,21.3,25.4,67,130,80,131,0,62
Marmande,26.9,24.2,87,94,99,151,1,54
Cerise,26.5,19.3,75,124,82,167,0,70
Noire de Crimée,20.1,22.4,79,139,70,157,0,90
Marmande,24.2,24.1,64,98,63,146,1,72
Marmande,18.7,26.2,75,93,63,147,0,96
Cerise,26.4,22.9,52,96,74,131,0,71
Cœur de Bœuf,19.7,27.6,46,90,87,164,1,83
Cœur de Bœuf,18.7,21.4,40,105,95,144,0,90
Noire de Crimée,22.0,25.7,48,114,67,144,0,75
Noire de Crimée,23.8,22.8,67,95,83,163,0,96
Marmande,26.5,23.4,75,127,93,144,0,80
Cerise,27.7,26.2,85,103,74,147,0,84
Marmande,22.4,21.7,69,126,82,142,0,56
Noire de Crimée,18.6,19.9,48,100,86,167,0,89
Cerise,25.5,23.7,69,90,73,137,0,94
Cerise,23.7,23.8,74,131,61,145,0,81
Noire de Crimée,22.5,26.2,86,90,94,149,0,71
Cœur de Bœuf,21.1,27.7,66,125,66,155,0,96
Cœur de Bœuf,23.0,19.5,68,97,75,164,1,55
Cerise,21.4,24.3,44,121,81,146,1,70
Marmande,25.6,25.1,40,122,87,155,0,94
Cœur de Bœuf,23.4,27.9,82,97,91,147,0,88
Marmande,26.8,27.5,44,103,66,136,0,98
Cœur de Bœuf,23.4,25.4,68,113,81,164,0,96
Cœur de Bœuf,20.4,23.7,56,138,61,141,0,86
Marmande,26.5,20.5,88,130,67,130,0,76
Noire de Crimée,23.6,22.5,76,118,66,154,0,59
Cœur de Bœuf,20.1,24.3,63,114,97,145,0,71
Cœur de Bœuf,24.2,25.5,66,95,80,144,1,93
Marmande,21.6,24.7,48,90,81,140,1,67
Noire de Crimée,26.4,25.4,77,112,94,166,0,53
Cœur de Bœuf,22.5,22.9,52,130,77,168,1,94
Cœur de Bœuf,25.3,25.5,65,122,68,132,0,84
Noire de Crimée,19.0,20.3,50,103,61,168,1,87
Cœur de Bœuf,22.0,20.5,63,117,76,149,0,87
Noire de Crimée,27.8,20.5,72,118,99,152,0,85
Noire de Crimée,26.1,27.0,88,132,79,144,0,53
Marmande,19.6,19.7,45,129,65,147,0,94
Cerise,20.8,26.2,74,112,70,168,0,59
Noire de Crimée,21.3,21.1,55,133,64,164,1,81
Marmande,24.5,23.2,52,127,69,158,0,59
Cerise,25.6,27.2,83,138,82,149,0,92
Cœur de Bœuf,25.5,24.3,50,132,92,144,0,94
Cerise,23.1,20.9,62,99,99,161,1,59
Noire de Crimée,26.1,21.6,41,116,95,141,1,60
Noire de Crimée,22.4,27.3,69,97,98,141,0,99
Noire de Crimée,19.2,22.8,58,133,93,154,0,88
Noire de Crimée,23.6,24.3,79,93,76,163,1,58
Noire de Crimée,27.5,23.1,84,110,85,137,0,62
Marmande,25.9,22.4,85,110,86,153,0,91
Noire de Crimée,23.8,21.0,86,119,62,130,0,67
Marmande,24.5,25.2,88,102,78,154,1,96
Cœur de Bœuf,27.3,25.5,54,92,67,163,0,86
Noire de Crimée,22.3,21.5,81,109,76,143,0,96
Noire de Crimée,21.3,26.1,72,125,60,165,0,60
Cerise,27.8,26.7,83,129,66,135,0,77
Cœur de Bœuf,26.6,27.3,80,94,95,138,0,55
Noire de Crimée,21.2,20.5,44,111,62,130,1,82
Noire de Crimée,22.6,21.7,61,91,78,138,0,63
Cœur de Bœuf,22.2,26.7,66,114,86,153,0,96
Marmande,19.5,20.8,86,129,62,168,0,78
Noire de Crimée,27.6,19.0,74,113,93,147,0,88
Cerise,22.0,26.8,58,94,64,168,0,64
Noire de Crimée,26.8,21.9,78,105,96,147,0,97
Cerise,19.9,22.7,46,104,75,157,0,54
Cerise,23.5,23.0,78,102,73,131,0,71
Noire de Crimée,18.2,26.6,73,100,89,166,0,80
Noire de Crimée,25.6,22.0,73,105,91,165,0,68
Cerise,23.8,27.0,66,107,71,153,1,67
Cœur de Bœuf,24.3,24.6,83,114,86,164,1,55
Cœur de Bœuf,18.5,23.7,44,136,85,135,1,58
Noire de Crimée,20.1,21.9,43,127,88,146,1,79
Marmande,18.7,21.2,46,129,82,159,0,80
Cœur de Bœuf,20.9,24.6,87,93,81,137,0,84
Noire de Crimée,24.3,23.0,42,137,79,139,1,66
Cœur de Bœuf,23.7,27.2,60,110,97,145,0,91
Marmande,24.1,23.4,73,100,75,167,1,65
Noire de Crimée,23.5,23.6,88,123,90,155,0,82
Marmande,20.7,22.8,48,119,62,160,0,53
Noire de Crimée,20.4,26.1,59,93,80,137,0,80
Marmande,19.4,22.8,79,103,98,164,0,82
Cœur de Bœuf,26.5,21.4,51,100,64,163,0,99
Cœur de Bœuf,24.2,26.8,78,93,79,139,0,85
Marmande,19.9,24.4,85,115,82,169,1,60
Marmande,19.8,24.3,67,92,91,141,0,53
Marmande,26.7,24.5,87,126,68,156,0,85
Noire de Crimée,25.4,25.5,72,127,62,148,0,54
Cœur de Bœuf,24.6,21.8,49,130,86,155,0,70
Noire de Crimée,22.1,19.3,50,93,86,144,1,62
Cœur de Bœuf,20.6,26.3,46,115,69,160,0,53
Cerise,27.8,20.2,57,128,75,166,1,91
Noire de Crimée,26.0,25.5,58,134,83,147,1,99
Cœur de Bœuf,21.0,19.7,53,131,82,158,1,84
Cœur de Bœuf,26.5,22.4,56,133,68,156,0,75
Noire de Crimée,25.6,19.6,62,131,61,167,0,75
Noire de Crimée,21.0,23.7,58,100,65,149,0,68
Cœur de Bœuf,22.3,24.9,84,100,96,150,1,86
Noire de Crimée,19.9,20.5,42,127,94,158,1,60
Marmande,19.1,22.3,73,127,66,144,0,51
Noire de Crimée,25.2,27.4,64,109,74,151,0,80
Noire de Crimée,20.7,23.0,80,115,80,152,0,67
Noire de Crimée,26.2,26.2,70,127,97,133,0,60
Cœur de Bœuf,28.0,27.3,78,101,95,153,0,93
Marmande,18.8,27.8,53,118,82,143,1,65
Cerise,22.7,27.1,76,103,88,166,0,51
Cerise,26.0,21.9,86,139,72,150,1,81
Marmande,25.9,27.7,59,114,64,168,0,97
Marmande,25.6,26.3,71,131,98,142,0,97
Marmande,21.5,26.5,72,131,98,148,0,71
Cœur de Bœuf,22.5,19.1,70,128,60,155,1,85
Cerise,23.9,27.6,46,115,79,165,0,57
Marmande,27.7,26.0,44,99,60,162,0,85
Cœur de Bœuf,21.3,25.9,43,103,94,169,0,92
Cerise,27.2,19.7,50,94,99,145,0,74
Noire de Crimée,20.7,21.1,58,111,66,148,0,89
Cœur de Bœuf,27.9,27.7,77,100,94,166,0,93
Cerise,24.7,23.5,59,118,93,143,0,80
Cœur de Bœuf,22.6,22.6,66,96,64,159,0,53
Cerise,24.1,26.6,68,107,88,160,0,88
Cerise,20.7,19.8,57,120,86,149,0,94
Noire de Crimée,20.7,22.8,76,132,66,136,0,92
Cœur de Bœuf,19.1,22.4,86,109,60,166,0,59
Marmande,19.1,22.1,64,124,68,131,0,76
Noire de Crimée,21.5,21.8,59,96,60,151,0,90
Noire de Crimée,25.6,20.9,45,119,86,142,0,87
Cerise,24.1,20.6,75,93,76,167,1,66
Marmande,19.0,24.8,88,119,91,160,0,94
Cœur de Bœuf,26.5,27.3,54,119,89,130,0,87
Marmande,24.0,23.6,57,119,74,142,1,74
Marmande,27.6,21.7,77,107,87,146,1,66
Marmande,24.7,20.4,64,132,62,133,1,62
Marmande,19.8,26.5,59,135,87,160,0,70
Marmande,22.7,27.7,61,99,64,162,0,64
Cerise,24.5,22.1,51,103,61,143,0,97
Cerise,18.3,21.6,80,125,97,150,1,73
Noire de Crimée,18.1,24.4,79,112,75,151,0,56
Cerise,19.3,26.0,86,101,76,134,1,94
Noire de Crimée,20.5,23.1,72,101,71,166,0,87
Noire de Crimée,22.3,24.7,68,123,85,161,0,89
Cœur de Bœuf,22.9,25.4,41,115,66,132,0,71
Marmande,19.4,27.6,65,95,83,142,0,91
Cerise,24.7,20.5,71,126,75,140,1,59
Cœur de Bœuf,24.0,28.0,42,104,77,167,0,82
Cerise,20.9,22.5,69,131,67,153,1,61
Noire de Crimée,18.1,25.5,58,128,86,138,1,57
Cerise,18.8,24.2,49,108,85,142,0,89
Marmande,21.9,23.4,64,129,90,151,0,71
Noire de Crimée,19.5,25.3,85,136,77,147,1,88
Noire de Crimée,21.8,22.6,58,112,61,139,0,88
Cœur de Bœuf,24.3,20.1,82,125,82,141,0,96
Marmande,23.5,23.4,60,102,81,159,1,93
Noire de Crimée,20.3,23.7,45,120,92,148,0,65
Marmande,21.4,20.8,53,126,77,148,0,97
Cerise,24.1,27.4,47,115,74,139,0,83
Marmande,26.6,21.0,41,132,62,130,1,95
Noire de Crimée,25.5,22.7,57,137,82,136,0,65
Cœur de Bœuf,23.5,20.4,61,107,61,140,0,63
Noire de Crimée,21.6,23.8,69,136,63,133,0,55
Marmande,21.7,21.8,75,122,85,165,1,99
Marmande,26.8,23.4,67,129,78,150,1,59
Noire de Crimée,18.4,21.0,74,121,69,151,0,73
Marmande,27.9,19.5,41,93,81,139,1,76
Cerise,24.6,26.0,75,130,65,152,0,96
Noire de Crimée,24.8,24.8,57,108,60,134,1,99
Cœur de Bœuf,18.4,22.1,82,96,75,141,1,58
Noire de Crimée,24.1,19.4,48,136,66,159,0,97
Cerise,22.8,26.8,67,124,83,162,0,65
Cerise,19.1,20.5,47,115,94,166,1,51
Cerise,20.8,27.4,47,133,73,147,0,80
Cerise,26.9,23.3,44,112,63,133,0,96
Cerise,23.5,22.1,52,123,74,156,0,68
Cœur de Bœuf,22.1,25.7,46,96,82,152,0,60
Marmande,18.7,26.9,60,100,78,135,1,71
Cerise,25.1,22.3,68,97,73,136,0,78
Cerise,25.0,22.7,76,102,86,148,0,80
Noire de Crimée,24.1,22.9,84,121,95,144,0,57
Cœur de Bœuf,23.1,27.3,87,130,97,151,1,59
Cœur de Bœuf,22.3,25.2,53,123,81,161,1,55
Marmande,23.9,21.2,76,107,70,144,0,80
Cœur de Bœuf,20.3,20.7,43,104,63,135,1,84
Noire de Crimée,27.4,21.1,61,132,91,135,0,99
Noire de Crimée,23.9,21.4,50,113,99,135,1,89
Marmande,21.1,21.1,73,136,83,141,0,78
Noire de Crimée,22.5,24.9,84,110,93,131,0,70
Cerise,26.1,20.0,55,107,62,154,0,90
Cerise,19.6,22.5,48,103,97,133,0,54
Noire de Crimée,20.9,24.6,55,108,61,135,0,54
Marmande,24.8,21.6,78,102,82,166,0,73
Cœur de Bœuf,21.2,19.6,55,105,99,167,0,64
Marmande,25.9,19.7,70,91,79,143,1,77
Cœur de Bœuf,19.3,20.1,70,123,67,148,1,83
Noire de Crimée,25.6,26.5,52,138,94,136,0,62
Noire de Crimée,18.7,24.9,44,115,62,147,0,93
Cerise,18.1,19.6,86,111,91,137,0,81
Cœur de Bœuf,27.0,22.5,78,109,90,157,1,71
Marmande,23.8,21.5,57,118,90,150,0,78
Noire de Crimée,21.5,24.2,59,107,60,164,1,52
Marmande,20.3,23.7,41,118,71,139,0,54
Cerise,24.2,23.3,79,131,77,157,0,99
Cœur de Bœuf,23.1,21.8,69,133,83,148,0,60
Cœur de Bœuf,27.9,20.2,49,116,95,164,0,97
Noire de Crimée,27.8,25.7,81,124,88,157,0,90
Cœur de Bœuf,24.4,26.9,50,118,84,132,0,75
Noire de Crimée,22.4,27.5,68,95,82,168,0,58
Cerise,22.9,19.5,79,126,62,156,0,93
Cœur de Bœuf,24.8,25.7,55,114,89,146,0,60
Noire de Crimée,19.0,25.5,87,110,76,144,1,50
Marmande,21.3,27.5,67,120,89,168,0,87
Noire de Crimée,18.8,21.3,56,129,78,151,1,94
Cœur de Bœuf,18.7,25.7,77,139,64,149,0,77
Cerise,20.0,19.5,89,105,99,156,1,72
Cœur de Bœuf,22.9,24.7,88,103,93,164,0,80
Cœur de Bœuf,25.8,22.2,83,95,68,134,0,51
Noire de Crimée,22.9,25.9,54,100,98,131,0,67
Marmande,21.4,26.8,70,116,85,149,0,65
Cœur de Bœuf,18.8,22.3,46,127,64,136,0,91
Marmande,23.5,23.7,85,94,83,165,1,66
Noire de Crimée,20.7,20.1,69,104,90,137,1,97
Marmande,24.1,22.8,75,127,83,156,1,66
Noire de Crimée,27.8,22.2,88,105,80,135,0,96
Cerise,19.1,20.6,65,107,81,153,0,84
Marmande,20.1,27.1,50,122,97,165,1,80
Marmande,22.7,20.3,45,124,81,134,1,84
Cerise,27.7,24.7,81,113,80,149,0,73
Marmande,25.7,27.0,68,124,89,149,0,90
Cerise,27.0,27.2,67,96,69,169,1,86
Cœur de Bœuf,21.3,26.1,54,103,62,163,0,98
Noire de Crimée,27.9,20.6,68,139,98,168,1,79
Cerise,19.0,26.4,45,119,88,139,0,67
Marmande,18.5,21.5,87,113,84,132,1,76
Cerise,26.6,27.3,51,104,61,163,0,65
Marmande,27.3,25.4,55,102,72,164,0,69
Cœur de Bœuf,18.9,26.1,85,108,86,166,0,90
Cerise,19.1,19.8,77,118,88,167,0,96
Cœur de Bœuf,18.3,24.2,48,111,73,152,1,77
Noire de Crimée,19.0,26.4,61,91,63,166,0,70
Marmande,20.1,26.8,72,128,67,150,1,90
Marmande,27.7,19.3,65,102,64,156,0,94
Cœur de Bœuf,24.7,27.5,79,125,86,130,0,82
Noire de Crimée,25.8,19.4,46,127,83,138,1,97
Cerise,25.8,24.5,85,107,93,132,1,58
Cerise,23.4,25.2,71,104,87,167,0,73
Marmande,26.0,20.0,79,124,83,165,1,62
Cœur de Bœuf,24.0,19.4,82,106,64,163,0,79
Cœur de Bœuf,21.1,26.1,63,137,72,159,0,95
Cerise,23.6,22.5,80,102,77,160,1,92
Noire de Crimée,23.3,20.0,78,111,76,159,1,82
Noire de Crimée,26.2,25.9,77,129,89,145,0,95
Cerise,27.8,26.6,89,110,97,158,0,73
Cerise,22.1,24.3,76,115,78,135,0,69
Cœur de Bœuf,25.6,20.5,58,135,81,143,1,99
Noire de Crimée,19.0,19.1,82,93,77,139,1,50
Cerise,25.8,25.3,44,96,85,153,0,72
Cerise,21.7,24.0,69,99,74,165,1,82
Marmande,18.4,24.9,64,104,87,153,0,66
Cerise,21.6,26.3,69,115,89,136,0,51
Cerise,24.1,22.9,64,105,87,166,0,80
Noire de Crimée,19.2,20.1,48,129,79,169,0,80
Cœur de Bœuf,27.2,27.5,66,123,63,167,1,65
Noire de Crimée,18.8,23.9,63,106,63,154,0,86
Cœur de Bœuf,27.3,24.5,79,127,96,163,0,86
Marmande,25.1,27.4,82,105,74,130,0,56
Cerise,21.3,27.4,77,123,93,157,1,85
Marmande,21.9,24.1,54,118,70,158,0,50
Cœur de Bœuf,25.4,21.7,77,107,82,161,0,79
Noire de Crimée,24.0,28.0,65,100,94,134,0,67
Noire de Crimée,24.7,25.1,69,101,94,163,0,91
Marmande,21.9,22.7,50,126,70,155,0,88
Cœur de Bœuf,22.9,24.0,68,91,61,142,0,75
Marmande,27.9,22.7,54,107,74,141,0,60
Marmande,20.1,27.0,83,127,99,151,0,50
Cerise,22.2,23.3,48,122,87,138,0,87
Marmande,20.9,26.4,81,98,90,135,0,54
Cerise,25.7,26.6,68,104,91,165,0,71
Cerise,25.6,26.4,54,117,93,139,0,62
Noire de Crimée,20.9,25.5,56,97,81,166,1,66
Cerise,18.8,26.7,55,135,88,161,0,99
Cerise,18.1,22.5,61,125,67,133,0,56
Noire de Crimée,22.3,20.0,79,128,81,133,0,87
Marmande,22.1,26.6,88,97,71,142,1,56
Cœur de Bœuf,27.9,23.5,82,131,82,145,1,61
Cœur de Bœuf,22.7,20.1,50,139,97,155,1,87
Cœur de Bœuf,20.6,20.0,77,139,61,162,1,72
Marmande,26.9,20.4,64,108,71,133,0,97
Cerise,22.9,25.8,69,93,80,155,0,57
Cœur de Bœuf,24.0,25.4,41,116,71,138,0,64
Marmande,19.0,20.8,40,102,90,140,0,79
Cerise,21.8,26.6,77,127,68,134,0,58
Noire de Crimée,27.4,21.5,76,110,74,167,1,94
Cœur de Bœuf,23.9,26.1,48,115,91,161,1,70
Cerise,21.4,23.4,44,134,68,158,1,93
Cœur de Bœuf,24.3,25.6,89,112,83,167,0,63
Cœur de Bœuf,27.1,22.4,63,119,67,169,1,57
Cœur de Bœuf,20.7,22.1,66,120,87,157,1,96
Cerise,23.1,26.6,69,120,77,153,1,85
Marmande,27.6,19.3,54,105,96,148,0,58
Cerise,19.7,27.8,86,131,95,130,0,75
Cœur de Bœuf,25.2,24.8,48,130,96,134,0,69
Cerise,24.1,22.9,85,96,91,152,0,87
Noire de Crimée,24.8,24.7,76,106,80,148,0,55
Marmande,21.5,20.1,69,113,98,131,1,83
Cerise,21.1,23.6,88,109,88,131,0,72
Noire de Crimée,24.8,27.9,54,128,77,138,0,88
Marmande,20.2,21.1,59,116,82,147,1,82
Noire de Crimée,22.2,25.5,88,91,92,145,1,70
Marmande,19.9,22.9,64,90,68,168,0,90
Cerise,18.1,24.9,48,123,97,138,0,75
Noire de Crimée,27.7,20.8,84,116,63,152,1,54
Cœur de Bœuf,22.3,23.2,61,126,75,162,1,58
Noire de Crimée,27.7,27.8,52,139,62,167,1,94
Marmande,19.4,20.8,76,95,67,163,1,82
Cerise,23.9,24.7,67,127,75,155,1,74
Marmande,20.0,24.2,53,116,61,146,0,96
Noire de Crimée,25.9,24.1,69,137,78,143,1,66
Noire de Crimée,25.8,24.5,78,105,83,142,1,89
Cœur de Bœuf,19.1,23.5,44,124,75,151,0,96
Cerise,27.1,19.2,51,116,99,147,1,68
Cerise,19.9,27.1,74,124,61,149,0,60
Noire de Crimée,24.1,26.4,80,125,91,159,0,57
Cerise,27.9,20.6,81,127,60,164,0,55
Cœur de Bœuf,26.8,22.7,40,117,77,162,0,55
Marmande,27.6,25.9,85,92,98,146,0,57
Cerise,21.4,27.8,40,130,91,164,1,73
Noire de Crimée,19.1,27.6,81,120,68,141,0,68
Marmande,19.9,27.1,82,92,62,131,0,90
Marmande,23.0,20.4,59,127,83,163,0,76
Cœur de Bœuf,25.9,27.2,73,113,70,141,1,69
Noire de Crimée,19.5,26.9,73,115,87,155,0,73
Cerise,24.6,22.4,63,130,75,161,0,87
Noire de Crimée,21.2,22.6,67,136,88,150,0,54
Marmande,21.4,23.1,50,117,71,134,0,65
Noire de Crimée,24.6,24.9,47,98,63,157,1,88
Cerise,22.7,21.3,74,126,85,152,1,82
Cerise,26.1,19.2,80,116,63,161,1,59
Cœur de Bœuf,19.6,20.3,55,137,70,134,1,54
Cerise,25.9,23.0,55,92,61,164,0,68
Cerise,18.6,21.5,81,130,90,135,0,90
Noire de Crimée,19.9,25.9,45,138,62,148,0,70
Noire de Crimée,24.6,20.0,59,117,84,169,0,52
Marmande,26.5,27.3,50,121,93,135,0,77
Cœur de Bœuf,20.5,27.1,47,124,60,143,1,90
Noire de Crimée,21.3,27.2,59,96,64,132,0,68
Cerise,23.4,25.7,71,96,98,140,1,65
Marmande,20.1,20.0,72,110,90,168,1,51
Noire de Crimée,26.1,22.9,45,121,95,153,1,57
Cœur de Bœuf,25.7,20.2,67,127,62,147,0,95
Cœur de Bœuf,19.5,27.9,47,109,97,160,1,87
Marmande,22.6,22.0,53,97,71,139,0,61
Marmande,25.7,24.3,42,93,75,155,0,73
Marmande,21.4,26.0,41,115,67,158,0,50
Marmande,24.3,27.3,61,104,70,131,0,67
Marmande,18.5,25.8,72,95,73,159,0,72
Cerise,24.1,25.1,82,137,86,168,0,88
Cerise,19.5,23.2,60,121,77,139,1,76
Noire de Crimée,26.3,24.4,45,94,67,141,0,93
Cœur de Bœuf,21.6,19.8,79,133,92,149,0,93
Cerise,20.8,27.0,46,135,63,148,0,55
Cerise,26.4,23.9,45,95,89,135,0,77
Cerise,18.5,19.4,89,92,79,152,1,72
Noire de Crimée,22.0,27.3,83,118,89,148,0,83
Marmande,21.7,23.4,47,108,86,160,1,74
Noire de Crimée,20.8,26.8,63,99,84,162,1,60
Cœur de Bœuf,27.1,26.7,66,96,65,131,0,97
Cœur de Bœuf,25.5,26.3,67,134,64,144,0,50
Cœur de Bœuf,18.6,19.6,44,90,73,140,0,87
Cœur de Bœuf,25.1,21.2,58,90,73,155,0,59
Cerise,23.3,26.9,48,106,93,147,0,58
Cerise,27.0,27.1,64,111,84,130,1,75
Noire de Crimée,21.1,23.1,83,125,98,161,0,59
Marmande,23.7,23.0,86,103,77,133,0,67
Cœur de Bœuf,23.0,20.6,84,95,79,151,0,99
Noire de Crimée,22.9,27.7,52,119,67,165,0,58
Cerise,22.6,20.9,76,135,85,158,1,94
Cerise,20.1,20.7,41,136,80,165,1,75
Marmande,25.6,24.9,79,122,86,162,0,91
Marmande,22.5,21.2,53,109,91,168,1,58
Marmande,27.6,27.4,70,105,76,143,0,85
Noire de Crimée,20.6,19.1,45,93,60,166,0,64
Cerise,24.8,19.1,64,123,86,134,0,73
Cerise,27.4,23.5,78,90,95,151,0,89
Marmande,24.6,23.4,85,102,70,134,0,51
Cœur de Bœuf,26.7,20.5,70,137,94,166,0,53
Marmande,26.3,23.5,77,97,97,167,0,87
Noire de Crimée,21.6,22.7,55,111,97,163,0,80
Marmande,24.0,27.0,66,93,95,144,0,69
Marmande,19.6,19.1,69,123,69,166,0,88
Noire de Crimée,23.4,27.8,43,134,99,156,0,94
Marmande,20.3,24.6,78,126,60,130,0,75
Cerise,25.4,20.4,55,112,81,158,0,54
Cœur de Bœuf,23.3,19.4,75,109,76,137,1,53
Marmande,22.1,23.8,46,113,71,162,0,71
Noire de Crimée,20.7,21.1,60,116,72,136,1,55
Cœur de Bœuf,28.0,21.7,41,102,84,158,0,86
Noire de Crimée,18.7,21.2,47,94,85,160,0,80
Cœur de Bœuf,18.4,24.9,81,105,99,167,0,54
Cœur de Bœuf,20.2,24.0,66,127,98,137,0,56
Marmande,27.7,19.7,41,137,92,160,1,54
Cerise,27.8,23.7,45,118,67,166,1,53
Marmande,24.5,26.1,43,115,72,144,1,76
Noire de Crimée,26.8,19.7,60,111,85,161,0,58
Noire de Crimée,20.1,27.0,40,113,76,155,0,86
Cœur de Bœuf,27.7,24.2,77,102,83,140,0,51
Cœur de Bœuf,19.4,27.6,51,132,83,152,0,98
Cerise,19.0,20.3,66,110,71,163,0,68
Marmande,19.1,27.9,53,90,90,162,0,88
Noire de Crimée,23.7,24.8,54,93,75,146,1,66
Cœur de Bœuf,25.8,24.1,63,92,75,162,0,66
Cerise,21.7,23.6,57,139,89,131,1,97
Noire de Crimée,27.8,19.2,56,112,87,133,0,89
Cœur de Bœuf,22.3,27.5,48,105,62,141,0,99
Noire de Crimée,19.5,24.8,86,134,92,158,0,73
Cerise,22.7,19.8,57,102,83,168,0,62
Cerise,24.8,19.2,57,128,89,148,1,77
Noire de Crimée,26.3,19.5,44,120,99,131,0,95
Marmande,22.6,24.5,87,113,87,136,1,99
Noire de Crimée,23.9,24.5,48,136,98,151,0,94
Cœur de Bœuf,20.7,23.5,74,104,61,140,1,91
Marmande,24.5,21.8,83,94,72,162,1,63
Cœur de Bœuf,27.9,23.8,85,138,96,149,0,72
Noire de Crimée,18.5,23.6,40,111,69,134,0,72
Marmande,26.9,19.2,80,111,99,133,1,59
Cœur de Bœuf,23.6,21.5,48,100,72,143,1,87
Noire de Crimée,20.5,19.5,71,113,78,132,1,98
Noire de Crimée,27.5,27.1,59,134,65,147,1,66
Marmande,22.8,25.5,52,99,77,156,1,76
Noire de Crimée,21.3,28.0,79,136,99,133,1,60
Cerise,19.8,21.7,50,123,68,132,1,68
Cœur de Bœuf,20.4,26.9,85,100,76,156,0,94
Cœur de Bœuf,26.3,24.4,87,132,63,157,1,93
Noire de Crimée,24.1,23.1,82,118,65,151,0,93
Noire de Crimée,27.1,21.0,81,111,70,158,0,76
Cerise,20.3,25.6,65,122,85,145,1,85
Marmande,19.2,27.1,79,97,70,164,1,65
Noire de Crimée,18.1,21.1,50,138,67,148,0,72
Noire de Crimée,23.1,20.6,64,121,62,159,0,82
Noire de Crimée,28.0,25.3,79,129,61,144,1,71
Noire de Crimée,24.9,27.8,64,134,77,134,0,63
Cœur de Bœuf,21.1,25.7,59,112,61,160,0,62
Noire de Crimée,26.8,21.6,81,94,85,160,0,71
Cœur de Bœuf,25.8,22.8,88,120,71,138,1,56
Noire de Crimée,18.2,22.5,50,118,96,142,0,87
Marmande,26.2,26.7,83,95,85,150,0,50
Cerise,21.0,25.9,49,114,95,160,0,82
Marmande,19.5,24.3,88,114,75,130,0,71
Noire de Crimée,20.3,21.5,42,120,73,142,0,72
Noire de Crimée,22.7,27.4,78,103,61,163,0,64
Noire de Crimée,22.2,24.9,66,106,80,165,1,93
Marmande,20.9,27.7,74,105,66,145,0,64
Noire de Crimée,19.7,24.2,88,117,70,139,0,80
Marmande,25.6,26.4,79,98,88,167,0,77
Cœur de Bœuf,27.9,26.3,70,91,96,163,1,52
Cerise,25.8,22.0,60,93,98,154,0,91
Cerise,21.0,27.7,61,109,87,130,0,74
Marmande,20.4,19.2,58,130,99,141,0,82
Cœur de Bœuf,20.2,25.9,53,125,63,151,1,82
Marmande,19.4,27.7,76,126,63,151,0,72
Cœur de Bœuf,23.5,22.1,84,95,86,131,0,77
Noire de Crimée,24.1,24.8,89,90,65,137,1,65
Cœur de Bœuf,25.1,24.1,62,134,93,162,1,86
Cœur de Bœuf,24.8,25.9,65,139,99,134,0,54
Cœur de Bœuf,20.9,26.8,82,92,77,139,1,92
Cerise,21.3,24.4,83,126,89,132,0,60
Cœur de Bœuf,24.8,26.3,79,134,92,140,0,61
Noire de Crimée,21.5,21.8,51,131,79,159,0,70
Noire de Crimée,20.1,21.1,40,92,95,157,1,67
Noire de Crimée,21.7,22.9,89,132,64,134,0,63
Cœur de Bœuf,20.7,25.1,73,122,94,141,0,82
Marmande,18.9,20.7,83,104,78,158,0,70
Marmande,26.3,25.1,58,93,71,155,1,75
Noire de Crimée,26.5,22.5,62,104,85,158,1,74
Cerise,20.2,26.2,46,96,78,158,0,89
Marmande,18.6,19.3,46,136,70,143,1,74
Cœur de Bœuf,25.4,25.0,40,93,79,165,0,84
Marmande,20.1,24.8,57,92,68,164,0,99
Noire de Crimée,21.9,27.5,47,112,79,137,1,69
Cerise,18.6,25.4,64,103,86,145,0,51
Marmande,20.3,26.2,81,95,64,134,0,90
Marmande,25.9,27.1,68,122,69,145,0,61
Noire de Crimée,26.0,25.1,62,98,68,142,0,81
Cerise,20.1,21.6,68,101,84,137,0,92
Cerise,21.4,26.8,40,139,72,155,0,82
Noire de Crimée,19.3,25.7,54,124,91,134,1,97
Cœur de Bœuf,18.7,22.8,54,120,67,138,1,80
Marmande,27.9,25.4,67,92,86,167,0,82
Cœur de Bœuf,24.6,26.8,75,135,81,131,0,69
Marmande,23.4,27.8,81,125,87,136,1,90
Marmande,25.7,27.6,79,102,77,159,0,86
Cœur de Bœuf,26.4,21.9,71,102,82,146,0,86
Noire de Crimée,26.1,22.8,85,123,90,160,0,89
Noire de Crimée,18.2,20.0,52,110,93,130,0,63
Marmande,19.9,21.2,60,123,66,157,0,85
Noire de Crimée,24.5,26.9,88,131,64,159,0,61
Marmande,21.8,22.2,78,132,80,160,1,75
Noire de Crimée,27.8,24.6,77,117,65,153,1,83
Marmande,24.7,25.0,48,136,94,160,1,55
Noire de Crimée,27.6,26.0,59,124,82,140,1,95
Cerise,20.0,20.6,59,103,62,145,0,62
Cœur de Bœuf,26.6,21.7,47,107,92,138,0,71
Cerise,21.2,23.0,53,108,97,159,1,84
Cœur de Bœuf,27.9,22.3,59,108,82,141,1,68
Cœur de Bœuf,19.6,27.8,74,122,75,145,0,86
Marmande,23.2,26.5,84,124,84,162,0,72
Cœur de Bœuf,25.9,23.3,60,109,75,135,0,99
Cerise,22.3,26.9,80,118,84,130,0,81
Cerise,22.7,22.1,80,97,66,142,1,93
Noire de Crimée,27.9,26.1,61,114,67,166,0,60
Cerise,22.3,21.0,82,106,62,164,1,53
Noire de Crimée,24.0,26.0,45,90,64,155,0,61
Cœur de Bœuf,18.5,23.1,83,127,78,138,0,88
Cerise,26.4,20.0,66,138,66,146,1,79
Cœur de Bœuf,24.5,21.5,43,119,81,167,1,59
Cerise,22.0,22.6,43,117,85,164,0,73
Cerise,18.2,25.7,67,122,84,154,0,72
Noire de Crimée,23.9,19.7,66,102,65,136,1,50
Cœur de Bœuf,18.1,24.9,56,113,64,160,0,97
Cerise,18.0,25.4,78,133,97,161,1,53
Marmande,24.2,24.9,77,126,97,148,0,77
Cœur de Bœuf,19.9,25.8,68,111,81,146,0,93
Cœur de Bœuf,19.9,20.6,79,102,90,135,0,94
Cœur de Bœuf,24.5,24.3,46,129,81,154,0,52
Noire de Crimée,18.5,27.5,47,101,70,162,0,97
Marmande,21.1,24.5,80,130,91,148,0,51
Cœur de Bœuf,19.5,24.5,72,138,76,144,0,90
Cerise,23.8,25.6,71,135,81,164,1,55
Cerise,24.6,22.0,74,96,75,161,1,91
Noire de Crimée,25.2,25.3,57,125,74,167,1,66
Cerise,20.6,27.2,82,118,67,165,0,86
Cœur de Bœuf,18.9,19.1,55,118,62,161,0,93
Cerise,18.8,26.8,57,115,72,161,1,72
Cœur de Bœuf,22.3,21.0,77,116,89,169,1,89
Cerise,27.5,23.1,64,113,87,165,0,70
Marmande,20.2,26.7,73,120,68,163,0,93
Noire de Crimée,20.6,26.4,43,96,71,139,0,80
Noire de Crimée,19.0,27.0,44,106,84,162,0,61
Marmande,24.1,27.5,53,138,96,139,0,78
Marmande,24.8,23.0,40,122,80,164,1,91
Noire de Crimée,24.4,24.9,61,123,98,151,0,62
Marmande,26.6,22.5,85,107,98,152,0,75
Cœur de Bœuf,22.9,22.2,60,130,78,136,0,82
Cerise,19.3,22.9,52,94,67,150,1,83
Noire de Crimée,20.9,25.7,87,90,97,130,0,69
Marmande,24.6,23.5,75,96,62,142,0,96
Cœur de Bœuf,24.1,26.3,68,123,81,138,0,59
Noire de Crimée,23.3,25.7,77,92,60,149,1,50
Marmande,24.8,19.2,48,125,97,139,0,78
Noire de Crimée,24.4,24.7,72,124,78,155,0,71
Marmande,26.8,22.9,61,101,80,130,0,99
Noire de Crimée,23.9,23.1,56,104,72,146,0,50
Cœur de Bœuf,25.8,26.4,62,93,86,146,0,93
Cœur de Bœuf,20.5,23.9,75,122,76,168,1,57
Cerise,24.8,27.0,45,105,79,141,0,58
Noire de Crimée,27.0,25.4,87,118,89,144,1,72
Cerise,21.9,24.0,78,95,97,130,0,69
Noire de Crimée,25.8,25.8,68,138,70,161,0,83
Marmande,25.2,19.3,66,126,86,140,0,65
Marmande,18.6,19.2,44,112,97,134,0,71
Cerise,23.8,19.8,48,102,87,147,0,95
Noire de Crimée,19.3,22.9,63,133,85,147,1,72
Cerise,27.7,21.1,58,90,98,152,1,50
Cœur de Bœuf,26.1,27.9,72,101,92,136,0,63
Cerise,19.1,23.9,69,116,91,155,0,98
Cerise,19.2,25.0,79,114,84,130,0,72
Marmande,23.9,21.5,43,111,83,157,0,87
Cerise,21.4,21.9,71,123,99,149,1,89
Noire de Crimée,18.3,22.0,88,107,86,152,1,99
Marmande,23.4,25.3,40,130,81,161,0,57
Cerise,21.9,23.3,73,105,79,167,1,81
Cœur de Bœuf,19.0,23.7,60,118,92,168,0,89
Cerise,26.0,24.3,70,119,64,147,1,51
Cerise,27.2,25.9,53,119,88,162,1,97
Cerise,25.6,19.8,65,109,64,154,0,62
Marmande,26.2,26.0,61,136,98,161,0,76
Noire de Crimée,20.2,24.1,73,111,76,157,1,95
Cœur de Bœuf,20.6,25.0,72,131,88,142,0,56
Cerise,20.1,21.9,52,123,70,148,0,52
Noire de Crimée,25.7,22.7,71,93,81,132,0,70
Noire de Crimée,27.5,21.1,47,139,90,156,1,57
Marmande,25.2,27.8,61,120,98,146,0,50
Cœur de Bœuf,26.8,23.5,80,139,60,158,0,66
Marmande,24.4,28.0,59,103,74,162,1,75
Noire de Crimée,21.9,23.4,60,97,78,157,1,78
Noire de Crimée,22.3,21.0,73,126,69,149,0,57
Noire de Crimée,18.8,23.6,88,94,68,163,0,87
Marmande,18.3,19.4,69,97,72,145,1,92
Cœur de Bœuf,25.0,27.1,45,100,85,168,0,57
Cerise,22.4,26.4,74,118,65,131,1,57
Marmande,23.5,25.5,66,110,99,157,0,74
Noire de Crimée,23.6,24.5,59,128,61,146,0,91
Marmande,20.8,24.2,88,102,88,149,1,91
Noire de Crimée,22.8,28.0,77,138,71,147,0,94
Cerise,22.7,21.5,79,108,82,157,0,76
Cerise,21.9,26.0,53,92,62,157,1,71
Cœur de Bœuf,26.2,24.2,49,123,70,145,0,52
Noire de Crimée,22.5,27.8,81,127,64,162,0,98
Cœur de Bœuf,24.0,26.5,54,108,69,150,0,96
Cœur de Bœuf,27.0,28.0,79,121,65,134,1,87
Cerise,26.7,24.3,82,136,75,166,1,98
Marmande,26.9,20.8,87,125,90,147,0,73
Marmande,20.7,23.5,42,128,82,134,0,82
Cœur de Bœuf,18.3,25.4,54,103,89,140,0,84
Cerise,20.6,26.0,84,96,99,151,1,89
Noire de Crimée,20.8,19.0,70,109,79,152,0,78
Marmande,27.1,23.5,50,121,84,155,1,57
Cœur de Bœuf,24.5,21.1,85,135,94,156,0,60
Marmande,18.8,26.9,78,120,64,132,0,65
Marmande,19.4,20.4,58,111,62,131,0,82
Noire de Crimée,19.6,25.0,54,94,93,146,0,60
Cerise,24.3,21.4,77,120,71,132,0,78
Noire de Crimée,25.4,22.2,59,104,86,132,0,98
Cerise,26.6,27.5,61,133,64,169,0,94
Marmande,27.4,21.2,46,106,81,145,0,73
Cœur de Bœuf,20.0,19.9,53,126,63,141,0,51
Noire de Crimée,21.1,19.6,43,108,87,130,0,54
Cerise,20.4,23.5,48,99,66,133,1,73
Marmande,21.6,24.8,78,133,93,146,0,93
Cerise,27.1,21.9,64,123,61,148,0,96
Cerise,23.8,25.2,86,138,68,133,1,56
Cerise,25.4,19.5,74,114,74,168,0,80
Marmande,22.9,26.7,76,126,90,149,0,79
Cœur de Bœuf,18.3,26.3,88,117,95,168,1,55
Cœur de Bœuf,18.6,27.9,66,104,74,133,1,54
Cœur de Bœuf,23.4,27.4,67,109,92,146,0,64
Cerise,25.2,22.2,63,102,90,144,0,76
Marmande,20.2,22.6,72,109,86,157,0,84
Cerise,25.2,25.7,72,132,61,145,0,58
Cœur de Bœuf,26.1,20.2,55,120,68,135,0,72
Cœur de Bœuf,22.1,21.8,62,107,60,157,0,66
Marmande,25.5,20.1,85,130,78,161,1,72
Cerise,22.0,23.1,50,137,68,146,0,95
Noire de Crimée,24.8,24.0,85,117,61,154,1,88
Noire de Crimée,25.6,20.9,79,136,96,168,0,96
Cœur de Bœuf,27.9,19.2,58,93,60,146,0,78
Marmande,21.5,25.5,73,113,71,144,0,88
Cerise,22.1,19.2,62,133,85,147,1,94
Cerise,19.7,27.8,49,134,69,149,0,95
Cœur de Bœuf,20.0,21.0,76,98,60,152,0,60
Cœur de Bœuf,24.9,25.0,86,136,60,134,0,99
Cerise,27.2,22.9,40,139,90,168,1,62
Cerise,21.9,19.5,41,121,70,141,0,61
Cœur de Bœuf,19.8,23.2,61,121,64,146,0,51
Cerise,20.9,23.7,56,128,94,159,0,91
Noire de Crimée,22.6,26.7,86,110,70,148,0,60
Cœur de Bœuf,20.9,25.6,63,133,63,161,0,97
Cerise,20.3,19.7,89,131,97,145,0,98
Cœur de Bœuf,25.4,20.9,60,128,98,131,1,63
Marmande,18.1,21.8,79,135,80,141,0,71
Cœur de Bœuf,23.4,20.0,68,116,95,132,0,70
Cœur de Bœuf,25.9,23.1,53,136,87,137,0,94
Marmande,20.7,27.9,47,125,67,166,0,98
Noire de Crimée,24.0,23.6,69,97,79,153,0,86
Cerise,24.7,25.7,61,108,80,154,0,85
Marmande,24.6,25.1,62,118,94,154,0,74
Cœur de Bœuf,22.5,26.6,79,108,91,143,0,92
Cerise,21.5,20.9,52,94,95,165,0,98
Marmande,26.4,25.8,67,111,64,144,0,52
Cerise,25.6,26.9,69,124,63,161,0,51
Cerise,21.2,20.5,44,99,66,131,0,76
Marmande,19.0,22.1,49,104,93,150,0,82
Cerise,18.7,27.7,78,91,79,133,0,67
Noire de Crimée,18.9,26.0,48,131,66,158,0,97
Marmande,23.8,21.5,53,111,83,158,0,60
Noire de Crimée,18.5,24.1,77,137,80,152,0,56
Cœur de Bœuf,21.4,22.6,49,124,68,132,1,86
Cerise,25.5,23.4,72,128,78,150,0,99
Cœur de Bœuf,20.9,22.2,50,108,79,145,1,85
Cœur de Bœuf,25.6,21.5,79,136,87,149,0,76
Cerise,25.5,25.1,45,101,91,164,0,71
Marmande,20.5,26.0,56,123,93,134,1,80
Cerise,25.3,26.9,75,134,75,155,1,89
Cœur de Bœuf,25.5,20.4,45,109,97,136,0,55
Cœur de Bœuf,22.0,26.4,86,96,76,145,0,82
Marmande,20.1,21.3,49,113,70,146,1,56
Cerise,23.2,22.8,88,92,63,131,0,55
Cœur de Bœuf,27.2,27.1,81,95,99,141,0,50
Noire de Crimée,24.4,23.1,44,122,99,142,0,88
Cœur de Bœuf,19.7,20.8,58,123,77,134,0,95
Cœur de Bœuf,24.8,20.4,46,122,65,145,0,87
Marmande,22.3,23.3,63,118,91,157,0,91
Noire de Crimée,23.9,25.9,81,112,64,137,0,99
Cœur de Bœuf,25.3,28.0,58,93,74,157,0,97
Cœur de Bœuf,23.1,26.1,50,94,75,137,0,93
Noire de Crimée,26.1,26.9,42,123,76,158,0,78
Cerise,25.2,25.7,69,105,96,147,0,60
Cerise,24.2,27.1,82,129,74,145,1,77
Cœur de Bœuf,19.5,19.7,77,136,94,155,1,89
Cœur de Bœuf,26.4,27.4,45,132,67,151,0,64
Cerise,27.4,22.6,86,131,94,144,0,79
Marmande,19.4,27.3,74,92,95,142,1,72
Noire de Crimée,22.9,19.7,61,132,86,151,1,61
Noire de Crimée,20.6,25.4,50,138,73,150,0,77
Marmande,25.5,25.6,47,131,82,153,1,80
Marmande,25.2,28.0,66,138,79,130,1,79
Marmande,19.4,25.9,68,103,65,158,0,88
Marmande,26.8,22.4,47,122,83,130,0,65
Marmande,19.8,24.0,62,117,82,130,1,79
Marmande,26.0,22.3,68,130,95,138,0,53
Noire de Crimée,22.6,20.8,55,104,71,150,0,82
Marmande,21.3,21.2,74,93,61,143,0,82
Cerise,19.6,21.0,47,109,86,157,0,77
Marmande,19.7,23.9,47,114,91,147,0,70
Marmande,24.6,27.2,84,124,88,162,0,64
Noire de Crimée,23.5,27.2,72,128,99,131,0,75
Noire de Crimée,19.2,19.5,81,111,99,163,0,63
Marmande,19.1,19.7,44,124,92,153,0,64
Noire de Crimée,18.7,21.2,76,136,88,148,1,51
Cœur de Bœuf,25.4,21.3,56,117,92,131,0,65
Noire de Crimée,25.1,19.9,61,99,95,135,1,86
Noire de Crimée,18.6,22.5,53,105,76,144,0,60
Noire de Crimée,23.6,24.3,77,138,69,140,0,60
Noire de Crimée,18.8,24.2,71,112,60,145,0,82
Cerise,27.0,23.9,53,108,76,150,0,51
Cerise,27.1,22.0,83,90,87,156,1,82
Cerise,25.0,25.4,59,90,97,151,0,52
Marmande,27.3,26.4,61,135,95,132,0,69
Marmande,26.1,22.1,69,115,86,132,0,82
Cœur de Bœuf,26.3,19.8,72,123,96,150,0,75
Cerise,23.7,21.7,44,91,84,135,0,98
Marmande,21.1,20.2,57,117,93,154,0,83
Noire de Crimée,20.2,23.2,85,109,62,166,0,63
Noire de Crimée,21.3,20.4,46,131,88,159,0,78
Cerise,24.3,23.2,68,136,94,168,1,51
Cœur de Bœuf,19.7,21.0,86,116,69,149,0,99
Cœur de Bœuf,20.6,25.6,48,117,97,130,0,57
Noire de Crimée,22.7,19.2,86,120,97,164,0,76
Cœur de Bœuf,20.3,24.0,87,136,60,155,0,57
Cerise,23.9,20.5,80,96,60,150,1,56
Noire de Crimée,27.2,19.0,46,97,91,139,1,60
Marmande,25.5,26.8,46,121,81,158,0,88
Marmande,24.7,25.0,88,100,78,132,0,79
Cœur de Bœuf,23.8,19.9,82,137,94,142,1,88
Noire de Crimée,22.9,25.0,45,115,65,138,0,98
Noire de Crimée,19.9,24.5,85,114,93,145,0,96
Marmande,26.9,23.3,86,96,74,157,0,70
Noire de Crimée,20.5,22.8,79,109,62,157,1,70
Noire de Crimée,18.9,27.0,66,130,96,140,0,56
Noire de Crimée,25.5,21.2,43,119,81,159,1,69
Cœur de Bœuf,19.8,22.6,40,90,88,140,0,98
Noire de Crimée,21.7,22.0,45,107,73,158,0,63
Cerise,18.3,25.9,70,97,89,141,1,69
Cœur de Bœuf,19.4,27.2,40,118,74,137,1,54
Noire de Crimée,19.7,26.6,44,129,88,139,0,80
Noire de Crimée,18.5,26.2,58,111,73,164,0,61
Cerise,24.6,27.9,44,121,62,165,0,61
Cœur de Bœuf,26.4,25.3,44,129,81,142,0,51
Marmande,21.7,25.8,88,103,92,156,0,75
Marmande,26.7,27.8,70,91,82,169,0,53
Cœur de Bœuf,20.1,19.1,83,124,66,131,0,79
Noire de Crimée,21.3,24.7,46,96,79,157,1,83
Noire de Crimée,19.5,25.7,54,92,66,163,0,86
Marmande,24.2,27.3,52,104,76,150,0,69
Marmande,22.2,27.0,51,132,91,135,0,51
Marmande,24.1,26.6,58,123,74,168,0,94
Cerise,25.6,27.5,52,111,72,155,0,84
Marmande,23.5,23.8,66,107,62,165,1,64
Cerise,24.3,19.1,77,135,84,169,1,97
Cœur de Bœuf,27.4,19.1,72,107,91,147,1,63
Noire de Crimée,21.0,23.9,45,123,75,168,0,85
Marmande,21.6,22.9,52,125,60,134,1,98
Noire de Crimée,25.2,23.1,52,135,62,155,0,79
Noire de Crimée,24.1,22.6,52,128,79,140,0,93
Marmande,19.8,27.3,59,136,87,145,0,76
Marmande,21.8,22.2,75,127,81,148,0,51
Cœur de Bœuf,22.7,26.7,76,126,95,134,0,70
Cerise,22.2,27.1,84,107,60,136,0,63
Cerise,19.8,23.5,48,132,73,132,0,76
Noire de Crimée,27.2,23.0,56,129,74,154,0,70
Marmande,25.6,25.8,74,118,91,139,0,72
Cœur de Bœuf,22.8,25.4,57,101,77,134,0,84
Cœur de Bœuf,24.8,22.0,64,107,97,161,1,97
Cœur de Bœuf,27.0,19.9,54,120,81,161,0,57
Cœur de Bœuf,19.4,21.4,62,104,75,134,0,61
Cœur de Bœuf,20.5,20.2,40,129,70,148,0,77
Cerise,23.4,21.7,80,119,66,141,0,90
Cerise,26.0,21.4,77,125,68,160,1,82
Cerise,18.4,24.7,57,117,60,146,0,82
Marmande,27.8,27.6,40,104,67,151,0,58
Noire de Crimée,22.5,25.2,78,132,70,151,1,64
Cœur de Bœuf,21.6,27.3,49,122,64,155,0,59
Marmande,20.9,26.1,70,91,88,160,0,98
Cœur de Bœuf,19.7,25.6,77,97,65,135,0,51
Cerise,25.9,22.7,46,137,71,141,1,52
Marmande,27.6,21.9,77,122,98,156,0,72
Cerise,22.1,26.6,47,124,66,146,0,59
Cœur de Bœuf,27.5,27.1,73,107,71,139,0,68
Cœur de Bœuf,26.2,23.1,48,115,92,134,0,90
Noire de Crimée,22.8,19.1,64,137,78,133,0,67
Cœur de Bœuf,24.7,26.1,66,110,95,168,1,84
Cerise,22.3,21.6,80,117,78,144,0,90
Cœur de Bœuf,23.6,19.1,46,109,80,131,0,92
Noire de Crimée,18.6,26.2,71,134,78,137,0,58
Noire de Crimée,25.0,23.7,48,109,68,145,1,80
Cerise,18.5,25.2,56,93,81,149,0,79
Marmande,26.2,27.2,74,125,78,153,0,86
Cœur de Bœuf,26.2,23.9,87,123,96,164,0,99
Noire de Crimée,20.4,23.5,55,134,70,146,0,61
Cœur de Bœuf,21.2,21.6,41,102,84,134,1,66
Cœur de Bœuf,22.8,21.7,82,120,94,143,1,76
Marmande,24.0,26.2,70,128,64,143,1,70
Noire de Crimée,20.9,23.0,55,96,90,160,1,98
Cœur de Bœuf,23.9,20.5,86,106,73,149,0,97
Noire de Crimée,21.0,19.9,72,131,72,142,1,76
Cerise,18.6,23.3,60,101,93,138,1,63
Cerise,18.0,23.2,56,119,93,163,0,90
Cœur de Bœuf,19.0,24.9,74,137,77,141,0,62
Noire de Crimée,25.9,23.2,46,123,65,169,0,52
Cœur de Bœuf,27.6,20.3,68,111,80,145,1,73
Noire de Crimée,22.3,23.6,50,110,99,130,0,81
Noire de Crimée,23.1,27.2,69,98,64,145,1,86
Marmande,19.5,20.4,57,101,61,135,0,57
Marmande,23.5,25.2,85,106,65,149,0,84
Marmande,19.4,24.3,55,105,67,135,0,72
Cœur de Bœuf,24.1,25.7,45,94,61,164,0,65
Marmande,27.3,20.4,41,108,82,132,1,85
Marmande,20.0,27.5,82,117,79,150,0,58
Cerise,25.6,24.6,82,106,63,136,0,88
Noire de Crimée,18.2,26.6,49,111,74,143,0,67
Noire de Crimée,21.8,21.2,43,124,89,159,0,98
Marmande,19.1,25.7,88,138,79,151,1,80
Noire de Crimée,21.5,26.0,49,104,83,143,0,87
Cerise,19.7,22.6,48,108,68,154,0,91
Cerise,21.7,22.5,84,136,80,132,1,86
Marmande,22.2,24.9,82,139,97,134,1,96
Cerise,21.0,19.8,81,115,72,134,1,83
Noire de Crimée,24.6,25.6,63,133,64,138,1,96
Cœur de Bœuf,27.2,19.4,44,133,73,167,0,90
Noire de Crimée,22.0,20.7,74,124,66,166,1,55
Cœur de Bœuf,19.9,25.0,43,132,65,133,0,85
Marmande,20.7,19.9,74,112,71,149,0,63
Cœur de Bœuf,26.5,27.7,81,99,75,150,0,90
Cerise,23.7,26.8,52,111,91,153,0,73
Noire de Crimée,22.6,24.6,76,136,70,136,0,82
Cœur de Bœuf,19.5,26.4,71,100,63,137,0,91
Noire de Crimée,22.5,27.0,84,115,88,140,0,99
Marmande,20.8,21.3,40,90,93,138,0,68
Marmande,27.4,26.6,50,125,68,135,1,78
Cerise,26.8,20.8,65,110,69,169,0,55
Marmande,18.8,22.7,42,97,67,146,1,52
Cœur de Bœuf,23.2,24.0,88,109,95,142,0,67
Marmande,20.3,25.4,52,134,91,146,0,70
Cerise,22.1,19.3,71,106,65,131,0,78
Noire de Crimée,26.8,21.6,87,104,65,159,1,91
Noire de Crimée,23.3,24.5,89,110,86,161,0,85
Marmande,21.3,22.2,62,90,61,165,0,80
Cœur de Bœuf,20.1,26.0,62,92,68,136,0,57
Cerise,26.0,24.9,69,120,97,145,1,81
Cœur de Bœuf,24.2,21.1,45,120,64,148,0,65
Cerise,22.7,20.3,46,110,93,144,0,71
Marmande,20.2,24.7,86,112,73,143,0,51
Cerise,21.3,23.1,69,106,69,136,1,64
Cerise,27.6,20.5,76,111,66,162,0,89
Marmande,23.2,21.9,87,111,79,163,0,66
Cœur de Bœuf,22.0,21.7,71,125,70,153,0,62
Marmande,23.2,20.0,45,97,72,164,1,84
Cerise,25.8,23.9,74,136,76,150,1,74
Marmande,21.4,25.9,71,97,96,153,0,59
Cerise,19.8,24.2,51,103,95,166,0,94
Marmande,23.8,26.4,43,127,92,145,1,60
Noire de Crimée,24.7,20.1,71,113,69,146,1,82
Noire de Crimée,25.1,22.9,74,111,93,158,0,63
Marmande,26.8,24.5,87,104,72,147,0,83
Cœur de Bœuf,21.7,25.1,55,109,84,140,0,71
Cerise,18.8,25.3,54,116,92,132,1,93
Noire de Crimée,27.6,25.6,80,117,69,147,0,53
Cœur de Bœuf,22.4,24.9,41,111,83,145,0,93
Cerise,24.2,19.8,45,120,64,130,0,75
Noire de Crimée,24.7,25.3,53,98,69,156,0,50
Noire de Crimée,23.5,25.5,80,112,98,160,0,59
Marmande,20.1,27.9,68,94,86,157,1,85
Cerise,25.6,25.2,81,134,95,169,0,51
Cœur de Bœuf,26.0,25.2,65,128,92,156,1,78
Cœur de Bœuf,23.5,23.6,57,106,87,138,1,74
Cœur de Bœuf,22.9,26.8,86,129,99,167,0,72
Cerise,19.1,28.0,43,94,62,165,0,79
Cœur de Bœuf,18.8,26.0,76,96,90,156,0,74
Cœur de Bœuf,21.4,24.5,77,97,88,155,0,62
Cœur de Bœuf,21.1,19.7,64,96,80,156,0,89
Marmande,27.5,25.5,86,111,91,133,0,83
Marmande,25.8,25.4,68,133,87,167,1,84
Cerise,24.6,26.0,73,127,80,141,1,64
Cerise,23.2,20.1,55,110,94,144,1,88
Cœur de Bœuf,19.7,24.9,76,93,89,159,0,91
Marmande,27.8,21.7,69,121,76,143,0,69
Noire de Crimée,21.8,25.8,62,118,88,137,0,92
Noire de Crimée,19.1,21.2,75,119,61,157,1,71
Cœur de Bœuf,22.9,25.2,67,92,92,160,0,74
Cœur de Bœuf,26.7,21.7,40,94,63,131,0,63
Marmande,26.9,19.1,47,108,98,144,0,68
Marmande,18.1,24.7,81,97,84,169,0,95
Marmande,26.9,20.0,54,126,64,137,0,71
Cerise,20.7,24.9,73,120,63,134,1,72
Cerise,18.4,27.3,58,116,88,133,0,50
Cœur de Bœuf,26.5,27.7,83,102,96,141,1,88
Cerise,26.6,21.1,69,131,67,139,0,79
Marmande,24.0,26.3,49,95,79,133,0,54
Marmande,23.7,22.2,83,90,65,139,1,79
Cerise,26.1,27.1,66,119,95,158,0,56
Noire de Crimée,25.9,26.1,59,100,91,157,1,62
Cœur de Bœuf,26.9,19.7,64,130,64,158,0,80
Noire de Crimée,23.5,22.7,48,120,99,148,0,56
Cœur de Bœuf,27.7,22.0,79,105,79,142,0,78
Noire de Crimée,28.0,26.1,73,104,63,163,1,74
Cerise,19.2,22.7,60,94,98,149,1,62
Cœur de Bœuf,26.5,25.2,63,104,81,147,0,97
Cœur de Bœuf,23.0,24.4,46,90,92,165,1,64
Cœur de Bœuf,21.9,27.8,43,104,90,130,1,79
Marmande,24.1,27.4,47,125,88,155,0,56
Marmande,18.6,22.8,52,137,64,132,0,54
Noire de Crimée,23.1,25.5,60,128,69,132,0,63
Cerise,26.7,26.5,74,97,70,150,1,79
Marmande,20.1,27.1,44,111,96,147,0,72
Cœur de Bœuf,22.3,19.6,47,116,81,160,1,65
Marmande,27.4,21.7,41,123,83,165,1,73
Cerise,22.3,21.9,63,119,80,160,1,92
Marmande,21.6,22.9,81,101,95,137,0,70
Cœur de Bœuf,22.4,20.5,55,91,75,154,0,92
Noire de Crimée,23.2,23.5,43,135,61,149,1,79
Cœur de Bœuf,24.3,25.0,69,127,74,140,0,61
Cerise,26.0,23.5,85,111,85,169,1,94
Noire de Crimée,22.5,25.0,69,106,89,130,0,89
Marmande,26.2,19.6,74,124,61,150,1,79
Marmande,23.3,26.9,81,131,88,146,0,87
Marmande,21.4,27.5,52,134,65,157,0,71
Noire de Crimée,24.6,24.6,76,112,60,147,0,51
Cœur de Bœuf,25.2,26.9,88,118,99,158,1,72
Noire de Crimée,23.6,20.2,88,118,70,139,1,91
Noire de Crimée,18.6,26.2,50,139,82,138,0,72
Cerise,19.7,20.1,58,108,85,163,1,71
Noire de Crimée,20.9,22.7,57,106,90,149,0,79
Marmande,20.8,21.9,56,97,74,160,1,76
Cœur de Bœuf,24.7,24.3,50,139,68,132,1,83
Cœur de Bœuf,18.2,21.7,54,96,93,130,0,60
Cœur de Bœuf,25.6,24.7,47,100,98,162,1,78
Marmande,20.7,22.3,83,92,76,137,0,86
Marmande,21.1,26.7,68,91,94,147,0,55
Marmande,23.3,24.7,56,108,95,159,1,65
Marmande,20.2,20.9,65,117,62,162,0,69
Marmande,26.8,22.0,44,117,99,151,1,59
Noire de Crimée,18.9,26.6,43,114,70,146,0,95
Marmande,22.4,22.5,63,100,87,138,1,87
Marmande,26.5,23.8,50,129,87,151,0,86
Marmande,24.2,24.8,69,132,78,139,0,59
Marmande,20.9,22.1,79,91,61,162,1,93
Cœur de Bœuf,22.2,21.6,87,101,91,168,0,74
Marmande,25.1,23.3,87,130,70,132,1,71
Noire de Crimée,27.7,20.9,74,127,75,146,1,81
Noire de Crimée,26.9,21.6,83,101,70,138,0,66
Noire de Crimée,21.4,19.6,84,139,62,169,0,75
Cerise,28.0,21.7,72,114,88,165,0,65
Cœur de Bœuf,18.0,21.9,75,126,64,148,1,59
Marmande,18.3,27.7,60,120,87,163,0,66
Cerise,26.2,24.3,77,106,90,131,0,51
Marmande,20.0,26.1,44,137,72,156,0,51
Cerise,18.6,19.4,44,101,84,148,0,78
Cerise,20.4,20.0,60,119,65,162,0,95
Noire de Crimée,22.3,26.3,64,91,62,155,1,53
Noire de Crimée,25.3,24.6,49,105,81,163,0,79
Cerise,24.2,20.7,58,90,98,157,0,61
Noire de Crimée,20.4,22.6,71,123,91,145,0,83
Cerise,23.0,23.8,57,134,89,151,0,63
Cœur de Bœuf,27.3,26.6,73,137,66,157,0,73
Noire de Crimée,26.2,19.5,87,90,84,143,1,73
Noire de Crimée,21.2,24.4,54,125,61,135,0,67
Noire de Crimée,27.8,25.5,63,92,67,140,0,74
Cœur de Bœuf,25.1,27.8,44,123,92,149,1,74
Cerise,18.6,26.3,71,101,87,165,0,90
Marmande,18.4,21.5,48,134,69,145,1,74
Noire de Crimée,19.7,25.4,44,116,97,135,0,77
Cerise,25.3,25.9,44,139,77,137,0,79
Cœur de Bœuf,19.8,25.6,80,126,72,165,0,74
Marmande,23.1,26.4,80,114,80,133,1,73
Noire de Crimée,18.9,27.1,73,101,92,163,0,89
Cœur de Bœuf,27.2,19.9,46,122,82,149,0,88
Cœur de Bœuf,21.4,19.9,65,98,60,153,0,62
Marmande,27.1,26.2,40,90,99,132,0,51
Cerise,27.4,21.3,73,139,80,157,0,83
Noire de Crimée,18.1,19.5,65,112,64,159,1,65
Noire de Crimée,22.6,22.6,71,117,94,158,1,97
Cerise,18.2,26.4,51,92,77,150,1,73
Cerise,27.1,20.1,45,127,97,156,0,99
Cerise,23.2,25.0,59,125,95,154,0,51
Marmande,18.7,19.0,58,133,88,132,0,78
Marmande,19.1,20.0,55,133,85,130,0,88
Noire de Crimée,21.8,22.2,43,94,95,152,0,88
Marmande,27.4,19.8,71,118,97,134,1,66
Cœur de Bœuf,24.9,26.6,57,102,77,160,0,72
Noire de Crimée,26.7,26.8,44,133,88,154,0,61
Marmande,21.7,25.8,89,93,90,164,1,62
Cerise,18.4,21.2,45,95,72,130,0,54
Cœur de Bœuf,27.7,23.7,53,127,89,144,0,64
Cerise,18.2,20.7,88,95,66,168,0,51
Noire de Crimée,27.5,21.5,57,100,99,153,0,55
Cerise,21.7,23.6,49,116,65,163,0,85
Marmande,18.1,25.6,62,135,61,147,0,72
Marmande,24.9,19.9,57,124,67,154,0,62
Noire de Crimée,27.8,21.7,43,129,69,165,0,51
Cerise,27.7,27.3,71,93,81,130,0,54
Noire de Crimée,19.6,22.9,86,116,69,138,1,89
Cerise,19.8,27.4,45,105,94,160,0,65
Cœur de Bœuf,23.7,27.9,65,107,78,151,0,88
Marmande,24.4,23.7,45,96,63,167,1,84
Noire de Crimée,25.4,21.6,74,100,78,131,0,90
Cœur de Bœuf,19.8,26.1,80,97,79,149,1,94
Cœur de Bœuf,27.6,20.4,82,95,63,152,0,83
Noire de Crimée,24.4,21.3,44,137,85,141,1,68
Noire de Crimée,26.5,26.1,53,94,62,139,0,92
Cœur de Bœuf,23.4,22.9,41,95,89,161,0,75
Cerise,22.1,20.8,79,127,95,134,0,91
Cœur de Bœuf,27.8,24.9,52,91,65,158,1,92
Noire de Crimée,23.8,25.6,44,120,98,162,0,66
Cœur de Bœuf,26.7,20.1,86,128,86,152,0,98
Cerise,27.5,21.5,75,121,75,165,0,84
Marmande,24.8,21.0,75,98,75,142,1,61
Marmande,23.5,22.4,89,104,95,131,0,84
Cœur de Bœuf,18.0,25.9,58,110,93,140,0,86
Cerise,18.4,25.4,59,135,98,157,0,55
Marmande,20.0,25.0,61,117,83,154,1,59
Cœur de Bœuf,19.9,19.1,70,134,98,165,0,92
Cœur de Bœuf,20.5,20.3,80,116,65,147,0,72
Cerise,21.0,21.0,86,94,79,168,0,68
Noire de Crimée,21.6,21.4,83,106,68,138,1,92
Cœur de Bœuf,22.2,20.3,43,126,80,131,0,57
Noire de Crimée,19.0,22.7,42,113,70,165,0,58
Noire de Crimée,18.4,19.7,76,120,89,146,1,52
Marmande,24.7,25.8,64,124,60,162,1,82
Noire de Crimée,23.4,26.1,88,130,86,164,0,51
Cerise,22.4,24.2,76,130,65,162,1,83
Marmande,24.3,19.8,43,93,66,161,1,84
Marmande,26.3,27.0,78,109,81,149,0,67
Marmande,22.3,27.7,46,132,93,159,0,76
Cœur de Bœuf,24.4,20.8,46,106,79,151,1,98
Cœur de Bœuf,27.5,25.3,88,135,74,154,0,93
Noire de Crimée,26.4,26.6,64,99,68,140,0,76
Marmande,22.3,23.9,54,126,77,163,1,87
Marmande,24.4,21.9,46,110,95,157,1,88
Cerise,19.8,23.3,86,110,89,164,1,66
Noire de Crimée,23.6,23.6,43,138,70,133,1,58
Cerise,27.8,22.6,73,105,92,138,0,81
Noire de Crimée,23.2,27.4,84,122,99,151,0,72
Noire de Crimée,27.3,25.7,83,99,65,154,0,93
Cœur de Bœuf,22.1,21.2,81,133,98,150,1,63
Cœur de Bœuf,28.0,24.3,58,107,81,154,1,60
Cerise,23.8,25.2,86,122,98,146,1,53
Noire de Crimée,18.4,20.3,88,118,78,144,0,87
Marmande,23.9,22.2,77,120,81,136,0,97
Cœur de Bœuf,20.7,27.1,66,113,90,161,0,65
Marmande,18.3,24.1,44,101,84,137,0,85
Cerise,26.2,21.0,52,109,89,132,1,74
Cœur de Bœuf,20.8,20.1,85,95,63,162,0,54
Cœur de Bœuf,26.0,23.7,53,97,85,165,0,59
Noire de Crimée,20.9,23.9,69,103,66,146,0,54
Cerise,19.9,22.0,86,94,99,130,0,90
Noire de Crimée,27.7,24.7,87,125,71,165,1,67
Cœur de Bœuf,21.6,19.6,49,137,60,169,0,72
Cerise,24.0,20.3,71,127,65,146,0,87
Cœur de Bœuf,24.1,23.9,40,92,60,166,0,63
Cerise,23.6,19.6,63,125,67,154,1,72
Cœur de Bœuf,27.1,26.9,68,111,92,154,0,97
Marmande,24.7,20.3,82,97,63,142,0,84
Marmande,22.0,25.1,46,103,99,142,0,82
Noire de Crimée,26.6,22.5,70,96,65,141,0,87
Marmande,19.8,22.6,56,93,62,161,1,50
Cœur de Bœuf,23.4,25.9,69,108,74,164,1,55
Cœur de Bœuf,27.5,23.5,64,132,65,157,0,70
Marmande,24.3,25.5,67,136,65,149,0,76
Noire de Crimée,26.2,23.5,75,113,96,157,0,54
Marmande,24.5,24.3,46,105,86,160,1,76
Cerise,26.4,25.8,74,95,64,153,0,93
Cerise,27.4,24.5,59,133,98,140,0,55
Cerise,20.7,24.5,53,97,76,145,0,89
Marmande,19.7,26.1,89,114,82,167,0,74
Marmande,22.8,27.5,89,121,76,146,0,54
Marmande,25.0,22.4,69,114,82,134,0,64
Cerise,20.3,24.2,40,99,98,149,0,95
Noire de Crimée,18.0,19.8,77,132,92,164,1,97
Cœur de Bœuf,21.4,22.2,80,130,61,143,0,87
Marmande,27.7,22.7,64,106,69,155,0,66
Noire de Crimée,24.9,26.5,73,135,78,153,0,66
Cœur de Bœuf,22.0,23.6,47,92,99,160,0,97
Cœur de Bœuf,19.9,25.6,59,98,68,147,0,82
Cœur de Bœuf,21.6,19.2,69,107,74,168,1,67
Noire de Crimée,19.7,23.2,43,138,83,151,1,85
Noire de Crimée,19.1,27.1,60,119,71,150,1,52
Cerise,27.1,21.0,66,94,81,163,0,74
Noire de Crimée,28.0,19.3,49,121,77,154,0,84
Noire de Crimée,19.6,22.9,62,116,61,169,0,94
Noire de Crimée,18.5,25.3,72,110,74,159,0,69
Cœur de Bœuf,21.3,23.1,50,113,98,135,1,85
Marmande,22.6,23.1,80,127,68,154,0,92
Cerise,20.0,25.0,58,92,81,134,0,80
Marmande,21.0,21.3,50,105,76,158,0,70
Marmande,20.0,25.8,43,104,73,151,1,86
Noire de Crimée,25.7,20.4,62,114,90,132,0,83
Cerise,25.1,22.6,44,97,66,159,0,87
Marmande,24.3,24.9,88,130,94,153,0,86
Marmande,21.9,26.5,89,93,93,146,0,50
Cerise,27.1,26.1,44,121,62,149,0,80
Noire de Crimée,27.7,25.5,57,134,61,155,0,72
Marmande,19.7,22.2,56,124,86,134,0,92
Cœur de Bœuf,20.2,20.1,42,119,61,142,0,87
Marmande,23.3,21.0,82,128,64,168,0,98
Cœur de Bœuf,18.9,26.8,88,137,80,133,0,60
Noire de Crimée,22.4,26.7,47,138,66,146,1,88
Marmande,23.8,27.6,79,119,84,169,1,97
Cerise,23.2,19.7,62,106,60,164,0,69
Cerise,21.3,23.8,62,108,68,160,0,86
Marmande,23.4,24.8,41,120,61,145,1,56
Noire de Crimée,27.6,25.4,78,106,62,163,1,84
Noire de Crimée,20.1,24.8,60,91,96,161,0,51
Cerise,24.5,25.9,63,126,63,162,0,82
Marmande,18.4,22.2,77,137,80,137,1,89
Noire de Crimée,18.7,20.6,59,118,85,159,0,73
Cerise,23.5,20.8,89,119,96,132,1,88
Cœur de Bœuf,19.0,19.1,78,132,73,146,0,59
Marmande,18.2,22.2,89,111,69,153,0,95
Cœur de Bœuf,19.7,19.8,66,127,85,145,1,58
Cœur de Bœuf,23.6,21.9,83,100,69,149,0,92
Noire de Crimée,25.0,24.7,78,122,96,139,0,82
Noire de Crimée,20.0,27.1,46,108,77,153,0,70
Noire de Crimée,24.7,26.6,72,92,86,136,1,63
Marmande,19.8,21.3,68,129,76,149,1,99
Cœur de Bœuf,24.1,20.2,49,111,69,142,0,72
Marmande,22.1,20.7,49,107,70,158,1,61
Noire de Crimée,24.5,27.7,51,134,83,139,0,71
Cœur de Bœuf,28.0,23.9,42,119,78,138,0,77
Marmande,27.4,20.6,42,90,75,136,1,76
Marmande,18.0,26.6,52,109,82,162,1,59
Cerise,26.9,22.6,84,138,71,153,0,67
Marmande,18.7,27.1,70,94,78,145,0,73
Noire de Crimée,27.5,21.3,66,101,84,161,0,52
Marmande,20.8,22.5,45,100,62,133,0,53
Cœur de Bœuf,21.8,23.5,66,113,72,143,0,79
Marmande,18.9,27.0,74,107,80,158,0,70
Cerise,19.1,26.8,86,97,81,151,1,71
Cœur de Bœuf,25.3,24.2,48,118,88,152,0,77
Cœur de Bœuf,27.4,21.0,45,111,84,155,0,58
Cerise,24.1,22.6,45,134,82,155,0,93
Noire de Crimée,25.2,27.8,79,91,71,151,0,90
Cœur de Bœuf,25.6,24.5,65,112,82,132,0,90
Noire de Crimée,20.6,26.0,82,105,64,146,1,65
Cœur de Bœuf,18.5,23.0,58,133,88,143,0,86
Cœur de Bœuf,18.0,23.8,55,97,64,159,0,54
Noire de Crimée,21.5,22.9,80,93,98,142,0,63
Cœur de Bœuf,20.4,25.3,62,103,94,155,0,63
Noire de Crimée,18.6,26.7,50,98,94,169,1,96
Cerise,19.8,23.6,55,100,76,161,1,65
Noire de Crimée,19.2,23.3,68,137,89,163,0,88
Cerise,27.1,22.1,77,127,61,152,0,92
Cœur de Bœuf,19.4,20.6,88,133,74,163,0,53
Noire de Crimée,23.4,27.5,87,105,82,141,0,86
Cœur de Bœuf,23.9,21.8,59,102,85,152,0,63
Noire de Crimée,23.4,26.2,60,125,70,157,1,90
Cerise,19.0,25.4,67,133,83,148,0,72
Cerise,21.2,26.1,89,125,68,163,1,58
Noire de Crimée,18.5,27.4,72,106,73,137,0,73
Cerise,22.0,24.6,89,103,83,163,0,60
Cœur de Bœuf,19.9,27.1,79,118,66,145,0,77
Cœur de Bœuf,23.6,20.5,65,106,69,136,0,68
Marmande,24.9,24.6,49,90,92,156,0,68
Cerise,23.3,26.0,73,109,92,149,0,61
Cœur de Bœuf,22.3,21.4,48,122,86,164,0,96
Noire de Crimée,21.9,25.7,75,91,67,146,1,83
Cerise,26.4,26.0,50,106,73,157,1,61
Cœur de Bœuf,20.2,26.5,49,112,66,137,0,52
Cerise,25.3,21.8,85,111,77,133,0,79
Noire de Crimée,25.6,25.1,46,90,85,162,1,96
Cœur de Bœuf,22.2,21.7,77,101,74,151,1,95
Marmande,21.0,25.7,55,102,92,160,0,84
Marmande,22.7,23.2,65,103,70,130,0,64
Cerise,18.9,24.4,71,99,78,143,0,92
Noire de Crimée,18.5,22.7,70,101,77,136,1,71
Cœur de Bœuf,19.1,20.5,71,111,81,137,1,58
Noire de Crimée,19.9,20.6,84,107,95,137,1,77
Cœur de Bœuf,23.0,19.7,51,128,77,153,0,78
Cerise,26.5,24.6,66,108,77,130,1,88
Cœur de Bœuf,20.4,26.6,61,119,81,164,0,88
Noire de Crimée,27.4,19.2,54,104,84,137,1,88
Noire de Crimée,27.5,19.6,47,128,90,134,0,66
Cerise,27.6,23.1,43,103,68,161,0,53
Noire de Crimée,26.4,25.6,47,98,97,130,0,53
Cœur de Bœuf,21.6,20.4,62,94,78,131,0,56
Cerise,18.7,21.4,55,122,84,144,0,51
Cœur de Bœuf,23.7,21.1,87,137,74,138,0,86
Noire de Crimée,23.6,22.6,73,94,64,141,1,59
Cerise,26.5,21.0,61,113,70,139,0,67
Cœur de Bœuf,28.0,22.2,88,97,72,153,0,77
Noire de Crimée,23.1,25.6,62,108,93,148,0,95
Noire de Crimée,21.5,24.5,44,101,67,146,0,84
Marmande,19.9,19.7,76,97,84,131,0,84
Noire de Crimée,18.0,24.7,83,97,86,139,0,79
Cœur de Bœuf,23.1,23.3,46,127,70,134,0,70
Cerise,23.6,27.4,76,109,77,168,1,74
Marmande,26.2,21.6,65,118,69,135,0,62
Noire de Crimée,23.0,25.5,67,130,92,131,0,56
Noire de Crimée,27.2,25.6,43,123,95,137,1,55
Noire de Crimée,24.3,21.0,88,107,76,133,0,69
Cœur de Bœuf,26.4,27.1,71,90,64,160,0,94
Marmande,19.5,23.4,77,100,82,165,1,54
Cœur de Bœuf,26.6,25.1,85,136,62,137,0,87
Marmande,24.8,20.3,48,133,98,160,0,93
Cerise,19.7,21.3,75,124,96,146,0,89
Cœur de Bœuf,19.9,24.3,65,121,69,169,0,74
Cœur de Bœuf,27.3,21.9,50,131,86,143,0,67
Cerise,18.3,23.5,59,105,66,137,1,73
Marmande,22.6,22.4,87,95,88,154,1,64
Noire de Crimée,21.1,24.8,87,98,98,143,0,57
Cerise,24.7,23.4,87,129,65,152,0,62
Noire de Crimée,26.4,19.0,77,111,68,146,0,88
Noire de Crimée,21.6,24.8,54,137,67,141,0,97
Cerise,22.3,22.8,74,97,73,149,0,74
Marmande,27.8,22.1,48,121,97,163,0,72
Noire de Crimée,25.8,19.8,72,115,68,140,1,54
Cerise,27.0,21.0,50,107,70,156,1,71
Cœur de Bœuf,22.4,21.0,61,126,70,138,0,96
Cœur de Bœuf,20.3,27.4,45,101,99,147,1,71
Cœur de Bœuf,22.1,22.9,76,127,94,167,1,74
Cerise,25.2,19.4,89,123,70,165,1,96
Cœur de Bœuf,19.1,20.2,60,93,95,157,0,50
Noire de Crimée,20.7,19.7,51,105,62,149,0,53
Cœur de Bœuf,18.5,24.3,46,113,78,158,0,81
Cœur de Bœuf,22.3,20.7,41,103,67,133,1,75
Noire de Crimée,26.3,23.5,78,106,87,144,0,85
Cœur de Bœuf,18.2,22.3,80,120,60,157,0,64
Noire de Crimée,24.8,26.2,63,93,99,169,1,84
Cœur de Bœuf,27.3,21.9,65,139,89,153,0,87
Noire de Crimée,20.4,23.1,64,133,97,166,1,76
Cœur de Bœuf,24.9,25.5,59,123,70,145,0,63
Noire de Crimée,27.8,22.9,79,127,88,151,0,83
Cerise,27.6,26.1,80,127,90,146,0,74
Noire de Crimée,20.3,25.0,81,92,69,130,0,76
Cœur de Bœuf,19.0,22.7,83,97,94,160,0,70
Cœur de Bœuf,19.5,23.5,41,101,99,154,0,97
Marmande,25.0,27.7,81,124,88,141,1,84
Noire de Crimée,25.3,25.0,74,91,96,149,1,55
Cerise,24.7,27.1,72,118,61,148,0,84
Noire de Crimée,21.4,20.6,56,112,60,134,0,75
Noire de Crimée,19.7,23.3,61,122,91,144,0,64
Cerise,23.8,27.2,40,139,83,154,0,54
Noire de Crimée,22.8,21.9,76,107,61,164,0,75
Cerise,25.3,27.7,69,129,62,132,0,82
Cerise,22.4,19.9,85,111,68,147,0,74
Noire de Crimée,21.4,27.1,45,103,83,151,0,66
Noire de Crimée,20.9,23.0,80,118,71,145,0,93
Cœur de Bœuf,20.1,19.7,53,134,93,144,1,69
Cœur de Bœuf,20.7,26.9,75,104,93,134,0,91
Marmande,18.9,21.3,72,104,82,142,1,51
Marmande,21.5,19.2,77,134,78,157,0,57
Noire de Crimée,18.4,20.2,78,93,91,139,0,68
Cerise,19.9,24.9,45,125,87,145,0,78
Marmande,25.5,27.8,65,94,85,131,1,97
Noire de Crimée,21.3,20.0,63,92,71,165,0,68
Marmande,24.7,23.2,72,101,90,154,0,58
Cerise,25.2,20.6,47,109,70,134,1,57
Noire de Crimée,23.8,25.7,83,133,99,157,0,98
Cerise,27.6,20.1,82,109,63,146,0,64
Noire de Crimée,18.2,21.2,73,128,77,131,0,83
Marmande,25.4,20.8,73,128,88,144,0,53
Cœur de Bœuf,27.6,24.0,63,90,98,167,0,76
Marmande,26.6,26.9,41,133,90,158,0,87
Marmande,19.7,23.6,47,92,87,152,1,96
Cœur de Bœuf,21.3,19.5,64,136,86,147,1,62
Cœur de Bœuf,19.7,24.1,69,98,89,143,0,81
Noire de Crimée,24.0,26.2,71,109,70,161,0,84
Noire de Crimée,25.1,20.2,69,98,73,135,0,97
Cerise,21.2,19.7,46,120,63,157,1,95
Cerise,23.4,20.7,87,135,95,147,0,85
Marmande,24.9,25.7,63,117,60,164,1,59
Cœur de Bœuf,22.2,24.3,48,124,98,167,1,72
Cerise,26.5,23.9,55,129,96,133,0,72
Marmande,25.7,21.2,41,127,92,160,1,53
Cœur de Bœuf,18.6,22.0,74,133,80,140,0,93
Noire de Crimée,24.2,27.7,73,91,83,140,0,54
Marmande,20.4,21.2,61,92,99,158,0,53
Noire de Crimée,23.6,27.1,58,103,72,148,0,79
Cerise,27.6,24.2,88,106,93,146,1,90
Cerise,26.8,20.1,60,124,97,133,0,82
Cœur de Bœuf,22.0,23.2,51,93,88,133,0,97
Marmande,20.9,27.5,50,136,95,141,0,89
Noire de Crimée,20.3,22.8,58,119,99,136,0,62
Cœur de Bœuf,23.3,26.8,45,128,64,150,0,67
Cerise,19.1,21.3,81,103,79,162,1,81
Cerise,23.5,24.1,53,137,88,166,1,82
Marmande,18.0,26.6,72,116,70,141,0,56
Noire de Crimée,21.2,27.3,86,102,67,136,0,63
Marmande,20.2,23.4,77,109,87,144,0,89
Noire de Crimée,27.7,24.8,52,138,77,166,0,97
Noire de Crimée,25.3,19.0,65,138,89,138,1,63
Marmande,21.5,21.3,53,113,73,162,0,59
Cœur de Bœuf,18.9,21.5,84,99,68,167,0,90
Marmande,23.2,19.8,63,96,69,145,0,88
Marmande,20.1,21.5,87,106,84,160,0,86
Cerise,23.4,21.9,40,111,86,144,0,95
Cerise,26.4,27.7,85,133,61,131,0,67
Marmande,24.2,25.0,84,100,62,142,0,68
Marmande,24.3,22.8,69,131,88,134,0,89
Cerise,23.4,27.9,49,112,96,162,0,91
Noire de Crimée,27.3,20.4,49,111,86,161,1,92
Marmande,27.3,23.3,67,129,63,150,0,86
Cœur de Bœuf,23.1,24.8,43,136,94,131,0,96
Cœur de Bœuf,21.1,19.5,53,107,86,165,0,52
Cœur de Bœuf,22.6,25.5,51,134,78,162,0,56
Marmande,19.9,19.9,77,115,69,140,0,56
Noire de Crimée,24.4,20.3,86,137,85,152,0,87
Noire de Crimée,23.0,20.4,76,119,66,167,1,55
Cerise,19.0,27.4,49,102,86,162,1,59
Marmande,20.0,25.1,80,93,89,169,0,93
Noire de Crimée,22.8,24.9,66,132,71,137,0,85
Marmande,26.9,24.0,81,116,99,165,0,86
Cerise,23.7,21.6,51,129,64,165,0,97
Cerise,24.8,24.6,61,99,72,162,0,76
Cerise,21.4,22.7,43,133,63,158,1,94
Cœur de Bœuf,23.7,20.3,68,117,61,160,0,50
Marmande,22.5,25.2,75,110,96,159,1,50
Cerise,24.6,20.2,84,100,93,137,1,97
Marmande,18.5,20.7,53,109,65,155,0,70
Cœur de Bœuf,22.9,26.4,51,125,85,152,1,86
Cœur de Bœuf,21.0,24.9,84,108,70,155,0,77
Cerise,21.3,24.7,59,99,60,167,0,98
Cerise,27.6,22.8,84,104,93,168,0,88
Noire de Crimée,19.8,22.6,62,134,80,131,0,85
Marmande,21.1,25.2,61,134,69,155,1,51
Cerise,23.1,25.7,73,107,64,147,1,51
Noire de Crimée,26.6,23.6,60,96,85,156,0,53
Marmande,22.2,27.7,48,119,78,146,0,51
Cerise,25.4,27.6,49,103,80,144,0,50
Noire de Crimée,26.6,22.7,88,126,93,136,0,98
Noire de Crimée,21.1,26.4,49,130,88,146,0,89
Marmande,21.9,23.9,84,119,97,148,0,67
Noire de Crimée,21.6,23.6,69,116,74,156,0,90
Marmande,26.3,19.5,72,138,99,169,0,83
Marmande,18.4,24.2,41,126,75,146,0,76
Marmande,21.1,27.1,88,137,77,161,0,85
Cœur de Bœuf,24.8,26.0,71,130,60,145,0,88
Noire de Crimée,23.7,26.1,84,106,70,159,0,75
Marmande,22.4,20.4,56,119,95,143,0,60
Cerise,23.4,22.2,67,107,91,147,1,89
Cœur de Bœuf,20.0,21.1,84,92,87,151,0,52
Cœur de Bœuf,22.3,21.8,56,117,65,145,0,98
Noire de Crimée,23.0,24.2,53,126,66,145,0,77
Marmande,27.0,22.3,49,119,99,155,0,85
Noire de Crimée,20.6,24.0,73,110,83,135,0,65
Cœur de Bœuf,26.7,22.9,53,138,69,136,0,84
Marmande,24.4,21.6,56,109,89,138,1,71
Cerise,18.2,19.9,76,111,76,155,0,65
Marmande,25.2,27.0,61,125,67,131,1,82
Cœur de Bœuf,18.4,19.1,57,125,71,165,0,62
Cerise,28.0,19.0,74,110,85,132,0,98
Marmande,26.7,26.4,87,113,76,150,0,77
Cerise,21.0,28.0,57,110,94,132,0,93
Cerise,20.6,25.5,69,96,64,138,1,65
Cœur de Bœuf,21.8,19.1,76,97,70,141,0,51
Cerise,21.6,21.0,79,111,75,137,1,75
Noire de Crimée,21.7,27.7,45,111,89,166,0,91
Cœur de Bœuf,21.2,26.3,54,119,99,150,0,77
Noire de Crimée,24.2,24.1,74,123,65,166,0,52
Cerise,19.6,21.1,65,118,79,169,0,93
Noire de Crimée,26.5,19.1,80,99,79,132,0,70
Marmande,26.1,19.2,66,94,83,150,0,81
Cerise,22.8,24.5,69,138,86,155,0,55
Marmande,26.5,19.2,50,128,62,153,0,54
Noire de Crimée,20.5,27.9,63,123,83,163,0,73
Marmande,18.2,20.7,53,127,69,161,0,50
Cerise,24.2,25.4,62,99,84,156,0,72
Marmande,22.6,20.4,48,98,87,159,0,65
Noire de Crimée,23.7,23.9,81,121,77,133,1,57
Noire de Crimée,27.0,19.7,86,94,73,131,1,94
Noire de Crimée,27.7,25.9,57,124,60,152,0,74
Cerise,24.3,24.3,78,100,79,133,0,95
Noire de Crimée,25.6,19.8,58,131,84,166,0,60
Cerise,18.8,26.6,44,105,71,140,1,61
Marmande,19.6,23.9,57,116,98,165,0,94
Noire de Crimée,25.3,27.3,72,109,68,165,1,57
Marmande,22.3,27.2,83,90,68,144,0,59
Cœur de Bœuf,22.5,27.3,77,115,84,166,1,84
Marmande,21.1,19.7,52,100,89,132,0,87
Cœur de Bœuf,24.1,20.1,88,104,99,159,0,70
Marmande,19.9,27.9,48,128,87,152,0,67
Cerise,24.3,23.4,65,129,61,162,0,67
Marmande,19.7,21.1,40,137,84,130,0,75
Cerise,18.6,25.9,51,107,77,130,0,69
Cerise,21.3,21.4,63,113,83,132,0,74
Noire de Crimée,20.3,25.5,40,117,77,138,1,80
Cerise,26.9,26.5,43,114,86,161,0,67
Cœur de Bœuf,18.5,26.1,46,112,94,142,0,65
Noire de Crimée,19.8,21.5,67,100,93,160,1,94
Noire de Crimée,23.5,22.6,76,122,97,150,1,92
Marmande,22.8,22.7,44,105,65,152,0,67
Cerise,18.5,23.4,78,125,75,142,0,97
Cerise,18.1,20.5,71,112,82,155,0,63
Cœur de Bœuf,27.9,23.1,88,95,87,154,0,56
Marmande,24.6,23.6,70,132,72,137,0,87
Marmande,21.7,23.8,83,113,71,169,1,98
Noire de Crimée,22.7,26.4,54,127,70,159,0,78
Noire de Crimée,20.7,23.7,42,131,81,134,1,72
Noire de Crimée,21.4,21.1,88,95,90,153,0,96
Cœur de Bœuf,24.5,25.0,85,99,86,139,0,91
Cœur de Bœuf,26.8,26.2,86,111,86,148,1,98
Noire de Crimée,19.8,21.9,86,112,99,164,0,83
Marmande,26.4,24.8,54,94,85,151,0,66
Cœur de Bœuf,19.2,20.3,82,117,66,168,0,94
Marmande,20.1,22.1,57,98,70,167,1,67
Marmande,18.4,27.2,60,128,81,136,0,68
Cerise,19.4,27.2,49,138,99,168,0,51
Noire de Crimée,27.2,24.2,60,133,78,149,0,78
Cerise,22.6,25.3,65,117,97,169,0,51
Noire de Crimée,18.8,26.7,80,114,79,161,0,67
Noire de Crimée,27.6,27.6,42,132,78,131,0,88
Marmande,26.8,23.4,40,127,78,144,1,91
Noire de Crimée,25.5,24.1,60,116,95,139,0,85
Marmande,27.3,22.7,50,113,86,150,0,85
Marmande,20.2,19.6,55,132,76,144,1,70
Noire de Crimée,26.4,22.8,74,132,77,163,1,82
Marmande,24.9,26.1,60,135,79,164,1,51
Marmande,26.7,26.2,80,105,67,134,1,59
Marmande,26.0,27.0,50,91,99,148,0,64
Cœur de Bœuf,21.5,19.5,70,91,70,136,0,61
Marmande,25.7,23.7,88,94,89,165,0,52
Cœur de Bœuf,20.6,20.0,40,135,71,147,0,53
Cœur de Bœuf,21.3,20.8,80,110,82,135,1,58
Marmande,19.1,27.1,71,99,65,133,1,95
Marmande,27.4,23.5,42,131,94,134,1,91
Cœur de Bœuf,20.9,25.8,71,107,74,143,0,59
Cœur de Bœuf,23.2,19.6,81,115,97,162,1,80
Marmande,21.9,22.8,44,109,87,150,0,86
Marmande,27.6,25.1,82,130,66,142,0,60
Noire de Crimée,21.4,20.2,76,125,65,131,0,76
Cœur de Bœuf,25.8,21.9,51,138,86,144,1,95
Cœur de Bœuf,26.6,19.6,53,110,61,145,0,55
Noire de Crimée,22.4,24.9,83,91,65,164,0,92
Cœur de Bœuf,21.8,27.7,48,135,91,149,0,79
Cerise,25.5,26.4,46,122,88,130,1,92
Cœur de Bœuf,27.1,27.8,55,112,93,132,0,84
Noire de Crimée,25.5,26.6,67,128,60,146,0,94
Cerise,20.3,26.7,46,120,74,146,0,67
Marmande,26.9,24.2,53,93,69,149,1,99
Noire de Crimée,21.9,23.7,71,130,69,149,0,55
Noire de Crimée,23.8,22.7,47,92,69,133,0,62
Marmande,26.3,26.4,66,126,96,140,0,87
Noire de Crimée,19.9,20.6,89,99,91,144,0,61
Cœur de Bœuf,25.8,19.5,42,131,95,156,0,56
Marmande,24.0,27.5,66,121,84,153,1,63
Noire de Crimée,26.9,19.0,69,125,74,149,1,58
Marmande,19.7,27.8,73,138,68,144,0,84
Marmande,22.2,25.6,65,116,75,135,0,96
Marmande,26.3,22.0,76,138,78,147,0,56
Cerise,18.2,25.3,79,108,71,151,0,88
Noire de Crimée,19.1,26.4,61,127,94,150,1,70
Cerise,27.9,21.2,71,90,64,153,0,68
Noire de Crimée,20.8,25.9,80,115,97,146,1,76
Cœur de Bœuf,27.8,26.2,41,135,65,140,0,51
Cœur de Bœuf,19.8,21.2,86,102,73,147,0,63
Cœur de Bœuf,21.6,19.4,47,124,71,164,0,86
Noire de Crimée,25.5,20.8,81,91,81,160,0,82
Marmande,24.6,20.8,46,111,63,157,0,93
Marmande,23.8,19.6,58,128,77,153,0,61
Cerise,23.3,25.5,72,117,90,165,0,70
Cerise,26.4,22.4,41,133,94,153,1,79
Cœur de Bœuf,20.3,27.0,42,91,63,162,0,71
Cerise,22.4,21.3,67,100,68,159,0,51
Noire de Crimée,19.6,23.1,53,137,74,166,0,78
Noire de Crimée,24.0,24.8,54,126,80,142,0,73
Cerise,20.5,26.9,60,115,91,145,1,81
Cerise,21.3,23.7,53,117,68,138,0,94
Cerise,22.7,22.4,79,115,91,142,0,61
Cerise,18.3,26.8,57,106,75,136,0,56
Cœur de Bœuf,18.9,21.8,88,92,64,164,1,51
Cœur de Bœuf,24.9,19.7,78,103,90,155,0,89
Cerise,22.3,23.0,59,105,84,138,0,68
Noire de Crimée,26.6,26.1,40,138,60,164,0,67
Cœur de Bœuf,24.9,19.3,48,125,62,153,0,83
Noire de Crimée,18.1,24.3,48,117,80,162,0,51
Marmande,24.2,24.4,82,117,87,150,0,94
Noire de Crimée,18.9,27.4,77,114,62,151,1,87
Cerise,25.8,21.6,78,98,91,168,0,89
Marmande,27.9,21.5,68,100,91,148,1,68
Cœur de Bœuf,23.3,23.0,54,126,89,161,1,55
Cœur de Bœuf,24.8,22.2,59,132,72,134,1,90
Marmande,20.4,25.6,77,134,93,141,0,96
Noire de Crimée,22.4,24.8,80,110,63,169,0,66
Cœur de Bœuf,26.6,25.8,69,91,77,135,1,72
Cerise,19.7,26.4,86,123,91,147,1,89
Marmande,20.7,27.3,65,131,73,136,0,58
Cerise,22.5,22.9,45,102,91,148,0,86
Marmande,25.1,27.9,78,94,65,144,1,87
Cœur de Bœuf,21.8,20.9,56,100,76,138,1,70
Noire de Crimée,27.3,25.4,45,118,67,149,0,70
Marmande,18.9,23.8,67,136,94,149,1,76
Marmande,21.7,26.4,48,117,83,133,0,60
Cerise,25.1,23.3,66,117,62,139,0,88
Cœur de Bœuf,20.3,26.1,74,94,76,169,0,79
Cerise,24.6,27.4,85,109,95,130,0,77
Cœur de Bœuf,19.6,25.6,45,126,99,164,0,69
Cerise,18.6,26.0,43,128,76,153,1,96
Marmande,19.2,19.6,55,99,89,136,0,94
Cerise,27.3,20.8,62,121,84,151,0,96
Noire de Crimée,23.5,27.8,87,118,81,152,0,95
Cœur de Bœuf,26.0,25.2,62,91,96,130,0,87
Cœur de Bœuf,21.3,24.1,68,90,70,153,0,53
Marmande,23.9,22.3,80,109,71,149,0,67
Cœur de Bœuf,22.9,19.4,43,90,80,161,0,99
Noire de Crimée,27.5,22.3,79,93,74,160,0,78
Cerise,25.5,23.5,79,104,71,162,0,85
Marmande,25.3,20.9,63,136,81,165,0,76
Noire de Crimée,18.5,20.6,45,119,98,147,1,50
Cœur de Bœuf,23.5,23.6,79,95,94,166,1,84
Cœur de Bœuf,22.7,24.3,45,127,75,162,1,54
Noire de Crimée,27.3,21.2,53,90,92,162,1,55
Cerise,20.6,24.3,53,96,73,134,0,85
Cerise,20.7,27.1,89,94,77,147,0,54
Marmande,22.1,23.3,84,138,75,138,0,93
Cœur de Bœuf,20.4,26.7,86,96,99,160,0,81
Noire de Crimée,19.3,27.3,74,125,62,136,0,88
Cerise,26.6,19.8,45,92,85,144,0,94
Marmande,23.6,19.9,62,101,74,133,0,80
Cœur de Bœuf,26.6,23.3,59,104,95,168,0,89
Cœur de Bœuf,26.3,24.3,56,109,86,137,0,94
Marmande,20.8,22.8,59,130,76,153,0,93
Marmande,23.5,21.9,87,110,73,137,0,91
Cerise,18.8,24.8,45,121,61,134,0,59
Noire de Crimée,27.2,19.0,79,101,86,152,1,80
Cœur de Bœuf,22.0,27.7,67,126,83,163,1,57
Noire de Crimée,21.9,21.1,52,129,99,144,1,76
Cœur de Bœuf,21.0,27.3,68,136,94,148,0,78
Cœur de Bœuf,22.6,20.0,84,96,63,154,1,63
Noire de Crimée,20.5,21.1,59,134,85,168,0,72
Marmande,21.7,21.1,56,120,95,133,0,53
Cerise,26.0,28.0,74,90,63,137,0,83
Cœur de Bœuf,26.3,19.0,84,100,93,158,1,90
Marmande,21.0,24.8,78,134,72,142,0,87
Cœur de Bœuf,22.7,26.8,76,123,99,167,1,76
Cerise,26.7,25.1,82,108,60,165,1,68
Cœur de Bœuf,18.5,22.3,62,100,60,166,0,80
Cerise,26.9,27.6,57,122,68,160,1,52
Cerise,20.2,27.0,75,122,70,148,0,78
Cœur de Bœuf,24.8,22.9,59,97,75,166,1,62
Cœur de Bœuf,23.8,24.2,46,134,88,154,0,76
Cerise,23.5,27.7,75,97,95,166,1,92
Marmande,26.6,27.8,81,123,74,130,0,81
Noire de Crimée,19.0,23.0,40,129,98,150,0,95
Cerise,21.5,26.6,88,116,61,168,1,98
Cœur de Bœuf,23.4,21.7,76,118,69,155,1,99
Cœur de Bœuf,26.1,22.3,88,103,70,132,0,86
Marmande,20.2,20.5,74,123,89,134,1,52
Noire de Crimée,26.0,20.9,80,134,82,158,0,88
Cerise,22.0,24.9,42,126,81,162,0,55
Cerise,19.9,23.6,74,90,95,131,0,52
Noire de Crimée,25.6,21.1,68,98,88,147,0,62
Cerise,18.9,22.6,48,99,91,143,0,60
Noire de Crimée,23.1,22.4,76,119,92,169,1,76
Cœur de Bœuf,18.6,27.9,81,132,98,159,1,51
Noire de Crimée,21.6,26.7,86,107,68,158,0,89
Cerise,24.0,22.5,64,106,60,158,0,93
Noire de Crimée,23.6,27.2,51,95,77,148,0,61
Marmande,22.0,22.1,77,100,81,155,0,96
Cœur de Bœuf,22.3,25.0,46,113,96,169,0,89
Cœur de Bœuf,20.3,27.7,46,125,73,138,0,61
Noire de Crimée,22.6,22.5,43,122,81,142,1,72
Cerise,27.5,25.1,84,122,92,167,1,80
Marmande,26.5,21.7,86,107,65,160,1,59
Cœur de Bœuf,19.5,21.4,70,94,86,143,0,84
Cœur de Bœuf,18.3,24.2,89,120,65,160,1,55
Cerise,27.3,27.8,89,105,75,144,1,74
Cerise,23.3,23.1,78,91,61,163,0,80
Marmande,23.4,27.4,49,98,96,139,0,79
Noire de Crimée,25.8,27.2,87,91,88,150,1,64
Cerise,21.1,21.3,62,126,82,168,0,95
Noire de Crimée,22.8,22.6,65,109,80,154,0,52
Marmande,27.7,24.8,62,106,72,166,0,67
Noire de Crimée,24.7,23.7,68,114,60,169,0,66
Cœur de Bœuf,19.5,19.9,47,108,88,149,0,63
Noire de Crimée,19.3,27.9,58,131,66,136,1,95
Marmande,20.0,25.8,68,97,90,147,0,65
Marmande,25.7,22.9,82,100,81,155,0,76
Marmande,21.0,24.6,45,102,75,146,1,92
Noire de Crimée,18.2,19.8,68,102,87,136,0,86
Cœur de Bœuf,27.4,23.5,63,98,98,157,1,82
Cerise,19.7,27.4,49,94,84,150,1,69
Cœur de Bœuf,18.1,27.1,53,107,73,166,0,74
Noire de Crimée,20.4,22.0,45,129,80,152,0,99
Noire de Crimée,20.4,23.8,43,103,78,139,0,63
Cerise,22.2,25.3,54,123,72,146,1,86
Noire de Crimée,27.2,22.1,76,111,61,167,0,54
Marmande,26.8,19.6,87,137,95,130,0,86
Marmande,22.6,23.5,78,122,73,140,1,59
Marmande,22.1,24.4,67,113,93,162,0,59
Marmande,23.6,19.1,41,118,77,160,0,58
Marmande,20.4,19.9,52,102,83,153,1,63
Noire de Crimée,18.5,20.9,41,139,89,149,0,82
Cerise,27.4,22.1,80,116,78,134,0,78
Cerise,19.9,23.9,71,90,95,155,1,73
Marmande,20.0,21.6,44,96,80,136,0,55
Noire de Crimée,22.7,21.5,42,93,78,156,0,75
Cœur de Bœuf,22.9,26.8,41,99,85,147,1,88
Cœur de Bœuf,18.2,20.3,53,129,94,167,0,93
Noire de Crimée,19.5,23.5,79,124,99,160,1,96
Marmande,21.8,27.6,83,128,63,138,0,97
Cerise,24.8,24.6,88,105,80,131,0,52
Noire de Crimée,20.3,25.5,68,116,62,166,0,97
Cœur de Bœuf,22.2,22.9,87,109,64,158,0,89
Cœur de Bœuf,23.6,19.2,77,99,88,163,0,95
Cœur de Bœuf,26.9,24.8,45,134,78,144,1,81
Marmande,21.3,24.7,89,122,76,138,0,75
Cœur de Bœuf,19.3,20.0,73,96,93,145,0,52
Noire de Crimée,22.9,23.2,47,131,79,131,0,61
Noire de Crimée,25.5,27.2,85,133,87,130,0,63
Cœur de Bœuf,19.1,20.8,41,135,68,138,0,68
Noire de Crimée,22.2,23.1,65,111,62,149,0,53
Cœur de Bœuf,18.2,23.1,56,132,69,131,0,61
Cœur de Bœuf,18.3,26.3,63,106,80,130,0,84
Cerise,22.8,26.4,70,98,63,139,0,72
Marmande,21.0,25.8,55,129,81,152,0,97
Marmande,26.5,22.3,89,99,66,148,0,52
Cerise,24.0,19.6,60,125,71,147,0,52
Cerise,22.5,22.1,77,120,70,153,0,88
Marmande,22.1,25.1,65,120,81,151,1,91
Cœur de Bœuf,23.0,25.3,56,94,88,149,1,65
Cœur de Bœuf,18.4,27.7,89,107,86,140,1,62
Marmande,26.9,23.1,85,95,79,138,1,68
Cœur de Bœuf,28.0,24.7,81,131,73,144,1,77
Cerise,19.8,23.9,43,139,66,145,0,87
Cœur de Bœuf,19.2,20.4,89,117,74,142,1,58
Cœur de Bœuf,19.4,23.2,82,132,87,135,1,95
Noire de Crimée,24.6,23.9,87,113,69,154,0,66
Noire de Crimée,24.6,27.6,43,94,62,144,1,56
Noire de Crimée,26.5,22.3,58,117,71,147,1,57
Cœur de Bœuf,25.5,27.8,77,92,72,162,0,86
Marmande,22.5,23.9,64,107,98,143,1,61
Cerise,24.1,21.2,47,93,93,163,0,77
Cœur de Bœuf,24.9,20.7,57,129,60,131,1,51
Marmande,23.1,20.3,57,138,97,149,0,97
Cœur de Bœuf,22.8,23.1,87,131,84,145,0,77
Cerise,24.5,19.2,46,121,78,132,1,74
Cœur de Bœuf,23.6,23.0,56,121,84,159,0,76
Cerise,24.4,27.9,42,108,65,152,1,84
Cœur de Bœuf,24.1,25.0,61,118,63,168,1,64
Cerise,25.2,25.8,54,122,85,152,1,98
Cœur de Bœuf,24.4,20.1,70,91,85,132,1,97
Cerise,23.2,23.3,75,100,85,142,1,84
Noire de Crimée,24.8,21.6,65,136,73,169,0,96
Cœur de Bœuf,22.5,27.0,87,122,91,158,0,82
Cœur de Bœuf,20.4,20.6,53,130,87,152,1,93
Marmande,18.0,23.1,56,129,61,169,0,91
Marmande,23.6,24.3,48,90,80,146,0,72
Cerise,23.9,23.6,46,131,73,150,1,76
Cœur de Bœuf,27.7,26.5,85,106,96,158,1,87
Cerise,21.6,21.1,66,139,61,166,1,57
Noire de Crimée,21.9,22.4,67,105,64,134,0,87
Marmande,20.0,26.1,51,91,97,150,1,53
Cerise,18.7,23.8,56,138,61,131,0,97
Cerise,25.7,22.6,48,93,60,152,0,54
Marmande,20.5,19.3,83,121,81,140,0,65
Cœur de Bœuf,24.1,25.8,83,96,84,144,0,67
Cerise,24.9,27.7,47,118,89,152,1,94
Marmande,22.7,24.6,66,98,68,136,1,94
Cœur de Bœuf,26.8,26.7,81,124,96,163,0,67
Noire de Crimée,22.4,23.7,51,94,69,167,0,57
Marmande,20.8,21.1,76,139,74,135,0,78
Cerise,27.0,19.1,59,110,62,145,0,70
Noire de Crimée,26.6,24.9,40,106,67,131,1,88
Cœur de Bœuf,19.6,23.4,48,128,84,161,1,76
Cœur de Bœuf,18.3,26.0,86,103,95,167,0,96
Marmande,18.9,25.3,63,121,80,157,0,51
Marmande,20.9,27.9,73,104,93,138,1,53
Marmande,27.7,23.6,75,110,86,154,0,97
Cœur de Bœuf,23.6,22.8,43,103,68,155,0,61
Noire de Crimée,21.7,21.6,68,130,69,155,0,65
Cœur de Bœuf,26.9,23.3,62,105,86,134,0,74
Cerise,22.5,26.9,74,90,84,146,0,72
Cœur de Bœuf,21.2,19.4,55,129,72,155,0,66
Cerise,27.4,27.8,47,107,63,155,1,91
Noire de Crimée,26.5,27.9,66,123,75,138,0,96
Marmande,26.4,24.4,78,115,71,152,0,95
Marmande,23.1,22.0,51,125,84,153,0,50
Cœur de Bœuf,25.9,21.0,83,110,75,138,0,70
Marmande,19.8,21.5,43,90,98,139,1,85
Noire de Crimée,23.7,19.5,86,116,61,135,0,51
Marmande,27.8,23.3,64,100,68,133,0,72
Cœur de Bœuf,20.9,19.5,45,127,72,130,0,89
Noire de Crimée,25.9,25.5,42,103,73,135,0,51
Cerise,22.9,22.3,78,117,71,167,0,92
Cœur de Bœuf,18.4,20.8,63,116,94,158,0,59
Cerise,25.6,23.9,60,111,81,132,1,92
Noire de Crimée,19.7,27.8,45,110,80,153,0,58
Cœur de Bœuf,24.3,25.3,72,113,62,138,1,78
Cœur de Bœuf,18.9,23.4,47,108,81,146,0,75
Noire de Crimée,27.5,26.0,72,113,68,167,0,85
Marmande,20.9,25.6,87,115,99,143,1,78
Cœur de Bœuf,20.3,27.0,42,114,62,165,0,53
Cœur de Bœuf,19.3,20.8,41,134,90,162,0,70
Cerise,27.5,26.7,77,133,96,149,0,82
Marmande,25.1,21.7,79,118,65,163,0,80
Cerise,25.4,27.5,78,99,73,132,0,77
Cerise,23.0,21.5,78,100,78,149,0,85
Marmande,22.7,27.3,63,113,77,132,0,82
Marmande,19.1,27.7,60,113,66,135,0,53
Noire de Crimée,23.6,20.3,57,101,95,158,0,53
Marmande,20.5,27.8,74,96,88,168,0,82
Cœur de Bœuf,27.8,19.8,50,129,62,160,1,63
Marmande,26.0,21.0,50,106,72,168,1,97
Noire de Crimée,22.1,23.0,42,124,95,150,0,58
Noire de Crimée,19.5,27.9,62,95,84,130,0,73
Noire de Crimée,25.9,23.4,40,101,87,162,1,74
Marmande,19.2,24.0,62,104,97,139,0,56
Marmande,19.9,25.2,61,121,70,155,0,95
Cerise,20.1,27.7,81,112,68,132,0,77
Cerise,23.6,26.1,69,96,81,143,0,54
Cœur de Bœuf,25.9,21.0,41,127,80,137,0,95
Cerise,21.1,21.7,56,120,78,161,0,62
Cœur de Bœuf,18.8,19.9,80,118,92,165,0,51
Noire de Crimée,22.6,24.8,89,133,63,156,1,69
Cerise,25.5,20.6,59,117,92,162,1,61
Marmande,20.2,21.3,48,101,75,150,0,76
Cerise,20.2,27.0,50,116,60,155,0,56
Cœur de Bœuf,27.5,21.9,56,93,74,143,0,83
Cerise,27.5,24.1,53,110,81,165,0,70
Noire de Crimée,27.9,22.6,57,98,91,157,0,67
Marmande,26.1,19.7,57,138,96,157,0,59
Cœur de Bœuf,19.9,22.3,83,123,82,150,1,87
Marmande,20.1,22.7,89,126,92,158,0,88
Marmande,21.4,27.1,47,110,99,167,1,93
Cœur de Bœuf,21.2,21.9,68,112,81,163,1,70
Marmande,27.6,22.4,47,113,99,130,0,65
Marmande,25.9,26.0,65,99,71,149,0,69
Cerise,25.2,25.8,67,127,77,155,1,99
Marmande,19.9,26.2,47,95,91,156,0,95
Marmande,27.1,27.6,59,110,62,152,1,96
Marmande,26.3,26.2,86,126,95,136,0,89
Marmande,19.6,22.7,47,118,60,151,0,73
Cœur de Bœuf,26.7,26.4,53,129,84,166,1,96
Noire de Crimée,20.7,23.6,52,110,79,164,1,70
Cerise,18.8,21.5,79,111,76,133,0,93
Marmande,24.6,21.7,56,124,81,158,0,80
Marmande,24.5,21.0,65,135,92,166,0,99
Cœur de Bœuf,18.9,20.3,45,94,85,165,0,59
Noire de Crimée,21.2,20.7,56,104,86,132,0,69
Marmande,27.9,19.6,43,130,93,131,1,63
Cœur de Bœuf,24.8,27.0,64,136,82,134,1,68
Cerise,25.3,27.4,46,108,75,147,1,79
Cerise,20.1,24.3,56,105,73,163,0,65
Marmande,18.8,26.6,61,129,73,144,0,71
Marmande,20.8,20.7,67,136,85,169,1,69
Noire de Crimée,20.5,27.1,89,132,86,130,0,55
Noire de Crimée,20.3,23.6,45,112,99,151,1,94
Marmande,19.9,19.6,69,93,63,154,0,92
Cœur de Bœuf,23.7,20.3,49,110,68,146,0,82
Noire de Crimée,21.3,21.8,89,113,86,162,0,90
Marmande,26.2,19.4,78,131,98,146,0,68
Noire de Crimée,19.8,21.8,53,115,74,167,1,54
Marmande,22.6,19.5,85,131,84,134,0,56
Cerise,18.1,21.1,81,91,77,166,1,83
Marmande,22.8,21.4,61,129,89,140,1,69
Cerise,18.6,27.9,80,97,96,141,1,64
Noire de Crimée,27.8,21.1,65,98,75,163,0,87
Marmande,25.9,21.2,49,91,71,164,0,50
Noire de Crimée,22.9,25.2,41,103,76,168,0,54
Cerise,18.9,26.7,42,109,84,145,1,83
Marmande,23.9,22.5,87,91,74,153,0,70
Noire de Crimée,25.6,26.9,81,93,84,160,0,63
Cerise,19.9,22.1,50,124,80,143,0,66
Noire de Crimée,23.7,20.8,49,103,78,161,1,61
Cœur de Bœuf,26.1,22.0,51,110,83,142,1,76
Cerise,25.7,24.5,53,137,66,167,0,55
Cerise,26.0,22.3,69,104,71,146,0,88
Cerise,26.8,25.1,80,128,98,165,0,97
Marmande,27.4,21.1,52,139,70,147,1,74
Marmande,22.1,25.3,69,109,92,148,0,76
Marmande,23.7,22.1,77,95,84,136,0,94
Cœur de Bœuf,25.9,23.1,50,117,98,159,1,51
Cœur de Bœuf,25.0,24.0,40,137,93,141,0,71
Cerise,28.0,25.2,66,132,70,140,0,81
Cœur de Bœuf,18.1,21.1,86,91,75,158,0,66
Noire de Crimée,21.6,26.5,78,117,91,132,1,86
Cerise,20.8,25.5,82,123,74,163,1,51
Cerise,20.6,21.1,88,103,99,163,0,75
Noire de Crimée,20.2,27.8,76,98,74,160,1,82
Cerise,25.1,25.0,48,112,66,151,1,50
Cœur de Bœuf,18.8,23.1,87,133,96,131,1,89
Marmande,25.4,20.4,82,124,99,156,1,92
Noire de Crimée,24.9,23.8,65,111,61,165,1,93
Cœur de Bœuf,20.5,20.5,64,94,65,161,0,85
Noire de Crimée,20.5,22.9,56,130,95,164,0,88
Noire de Crimée,24.3,22.7,45,118,98,146,0,74
Cerise,25.6,25.5,54,124,97,163,0,62
Cerise,26.8,20.7,42,139,87,155,0,88
Cœur de Bœuf,26.5,26.4,70,123,81,139,0,85
Noire de Crimée,27.6,21.9,67,93,96,168,0,61
Cerise,23.8,23.0,48,134,64,138,0,70
Cerise,27.1,26.0,83,138,77,154,0,72
Noire de Crimée,26.1,24.6,57,98,70,149,0,67
Cœur de Bœuf,26.9,21.8,87,103,67,144,0,62
Cœur de Bœuf,18.1,22.5,79,134,79,169,0,68
Noire de Crimée,27.7,21.8,71,94,70,156,0,84
Cœur de Bœuf,22.7,24.4,58,139,86,140,1,95
Cerise,26.0,22.0,44,136,88,145,1,97
Noire de Crimée,19.3,25.5,83,116,84,159,0,83
Cerise,22.0,24.2,45,100,78,151,0,50
Marmande,20.7,20.3,51,119,61,153,0,95
Marmande,20.9,21.8,86,126,98,153,1,71
Cœur de Bœuf,19.2,21.0,81,128,61,165,1,77
Marmande,26.1,22.5,56,123,66,147,1,53
Cerise,18.1,23.6,78,113,90,149,0,86
Marmande,21.1,23.6,46,105,92,137,0,56
Cerise,19.7,25.8,50,119,70,144,0,60
Cœur de Bœuf,23.9,20.7,73,113,99,142,0,61
Cœur de Bœuf,20.5,27.5,41,92,99,165,1,89
Cerise,20.6,22.1,53,118,72,143,0,88
Marmande,22.9,21.7,57,131,69,153,1,84
Cœur de Bœuf,24.5,25.2,87,101,97,166,0,83
Noire de Crimée,19.2,26.2,82,116,79,153,0,67
Cœur de Bœuf,19.8,22.4,48,118,80,147,1,59
Marmande,20.5,25.7,78,91,73,161,0,64
Noire de Crimée,27.7,27.0,43,118,83,164,0,75
Marmande,22.0,25.9,87,129,99,149,1,98
Cerise,24.0,19.3,53,98,66,161,0,52
Noire de Crimée,20.4,26.4,50,133,64,166,1,62
Marmande,22.9,26.0,69,117,65,166,1,83
Noire de Crimée,18.7,25.0,79,126,99,162,0,96
Marmande,18.3,25.8,82,112,94,130,0,66
Noire de Crimée,22.7,27.8,66,102,68,157,1,50
Marmande,22.0,22.9,68,94,60,156,0,63
Cerise,19.4,19.6,71,121,98,146,1,50
Noire de Crimée,24.9,23.1,88,117,79,144,0,73
Noire de Crimée,27.9,19.4,69,104,65,143,0,60
Noire de Crimée,22.0,21.6,65,113,91,160,1,52
Noire de Crimée,24.2,24.3,69,121,72,163,0,62
Cerise,27.6,21.8,49,110,98,132,0,71
Noire de Crimée,26.3,25.2,51,94,99,141,0,90
Cœur de Bœuf,22.6,26.4,72,126,80,155,0,96
Cerise,25.4,22.8,73,125,96,153,0,90
Cœur de Bœuf,19.3,27.1,57,117,71,163,0,79
Noire de Crimée,23.1,19.7,78,121,65,137,0,74
Marmande,20.8,26.6,55,112,74,141,0,56
Cœur de Bœuf,19.6,26.5,84,105,80,138,1,74
Noire de Crimée,22.3,21.9,43,139,80,155,0,88
Cœur de Bœuf,19.3,21.7,49,99,87,167,0,74
Noire de Crimée,25.0,21.7,67,118,95,148,0,51
Noire de Crimée,22.6,26.3,80,116,76,150,0,83
Noire de Crimée,23.3,26.5,57,124,66,142,1,71
Marmande,19.5,22.0,48,131,82,164,0,50
Cœur de Bœuf,19.4,24.3,61,134,81,132,0,67
Cerise,23.8,20.3,49,113,69,154,0,65
Cerise,27.9,23.2,79,112,77,161,0,59
Cerise,19.0,28.0,62,92,61,150,1,80
Cerise,20.9,20.4,82,125,71,143,1,97
Noire de Crimée,26.7,27.5,52,134,98,160,0,62
Cœur de Bœuf,18.7,26.4,63,103,81,137,1,83
Cœur de Bœuf,26.8,27.7,52,93,81,136,0,83
Marmande,23.2,20.6,87,133,81,165,0,91
Cœur de Bœuf,22.1,20.9,84,137,65,164,1,61
Cœur de Bœuf,21.1,19.2,64,131,96,148,1,86
Cœur de Bœuf,21.0,25.5,83,121,79,131,0,89
Marmande,21.1,24.8,86,109,65,134,0,66
Cerise,26.8,20.6,68,106,68,131,0,90
Cœur de Bœuf,25.2,26.1,55,118,88,147,0,64
Marmande,24.7,21.7,79,128,96,144,0,62
Marmande,26.0,20.2,45,121,64,145,0,95
Noire de Crimée,20.6,22.8,47,93,72,141,0,57
Marmande,24.2,19.8,73,113,86,165,0,66
Cerise,22.6,21.4,57,133,82,151,0,60
Cœur de Bœuf,25.8,22.3,82,131,96,157,0,89
Marmande,21.1,26.7,71,91,93,169,0,95
Cerise,24.4,26.1,88,103,84,151,1,50
Marmande,26.8,23.0,49,129,96,133,1,81
Marmande,22.0,25.5,73,131,82,141,1,93
Marmande,18.7,24.1,62,127,87,150,0,59
Marmande,23.2,22.1,58,123,85,156,0,93
Marmande,21.5,25.5,59,135,71,152,1,64
Cerise,24.7,25.2,73,132,98,156,0,52
Cœur de Bœuf,27.5,24.6,77,91,62,145,0,58
Cœur de Bœuf,22.9,24.6,56,125,68,161,0,57
Cœur de Bœuf,22.7,25.1,83,95,74,165,0,59
Cœur de Bœuf,24.5,22.5,44,125,67,146,1,57
Cerise,19.0,26.8,41,111,87,147,1,65
Noire de Crimée,20.5,20.5,80,94,85,156,0,60
Noire de Crimée,27.2,27.0,73,127,75,136,0,72
Cerise,24.7,22.1,59,130,93,167,0,71
Cerise,18.1,20.1,85,111,79,149,1,89
Marmande,20.0,24.4,86,137,60,164,1,67
Marmande,24.8,22.4,41,100,83,162,1,88
Marmande,25.6,26.3,67,132,88,155,1,52
Cœur de Bœuf,26.4,22.9,57,120,63,153,0,57
Marmande,20.9,25.0,83,131,63,153,0,54
Noire de Crimée,27.3,21.8,78,118,97,160,0,76
Cœur de Bœuf,23.5,20.9,87,122,62,156,1,54
Marmande,25.0,22.5,74,111,99,138,1,68
Cœur de Bœuf,24.0,24.5,54,138,61,131,0,66
Noire de Crimée,19.2,24.9,86,116,88,135,0,95
Marmande,27.6,24.2,78,97,87,160,0,67
Noire de Crimée,19.2,27.9,79,137,71,154,0,51
Noire de Crimée,20.5,25.2,78,95,74,145,0,99
Noire de Crimée,26.1,27.4,42,135,90,135,1,56
Marmande,24.2,20.1,58,114,96,152,1,98
Cerise,26.4,19.6,62,123,91,134,0,99
Marmande,23.2,21.8,58,98,81,146,1,65
Noire de Crimée,21.8,20.2,57,125,62,138,0,56
Marmande,27.2,23.7,69,120,76,155,0,67
Noire de Crimée,18.4,23.7,78,108,88,142,0,93
Cerise,26.6,24.2,58,138,71,136,1,75
Cœur de Bœuf,20.3,25.7,44,90,73,169,0,78
Cerise,26.5,27.7,52,113,67,147,1,65
Cerise,19.4,26.9,73,123,61,166,1,95
Cœur de Bœuf,23.8,20.1,63,106,93,153,0,88
Marmande,26.9,22.0,57,123,83,161,0,79
Cœur de Bœuf,22.7,21.3,43,124,79,136,0,74
Marmande,25.5,20.6,75,125,69,149,0,57
Marmande,26.0,23.9,47,102,99,163,0,63
Noire de Crimée,25.4,24.0,82,114,66,148,0,71
Noire de Crimée,27.3,21.0,40,101,60,143,0,63
Cœur de Bœuf,22.5,25.4,80,110,69,161,0,76
Cerise,19.7,25.6,77,126,64,138,0,84
Cœur de Bœuf,18.5,19.2,75,135,99,165,1,89
Marmande,20.5,22.6,77,127,80,155,1,61
Noire de Crimée,19.4,27.0,52,90,68,149,0,92
Cœur de Bœuf,23.6,23.7,61,137,88,158,1,70
Cœur de Bœuf,19.8,22.1,68,95,90,145,0,60
Noire de Crimée,18.4,21.3,48,134,86,160,1,52
Noire de Crimée,18.4,21.2,66,134,65,153,1,58
Noire de Crimée,26.3,19.9,85,100,90,159,0,92
Marmande,23.9,26.4,83,105,95,137,0,68
Noire de Crimée,21.6,19.8,43,111,61,155,0,91
Cerise,26.9,21.6,79,135,80,144,1,72
Cœur de Bœuf,18.7,19.4,56,100,93,139,0,65
Noire de Crimée,27.8,26.0,76,126,81,165,0,53
Noire de Crimée,24.2,19.4,42,115,72,168,0,81
Marmande,19.8,21.8,43,115,78,153,1,50
Marmande,24.8,24.2,79,131,92,137,1,53
Cœur de Bœuf,25.6,22.7,55,110,97,130,0,75
Cerise,22.3,21.5,50,115,99,139,0,76
Cœur de Bœuf,26.6,21.5,66,104,62,152,0,89
Noire de Crimée,19.5,26.2,65,128,97,167,1,65
Cerise,20.8,27.8,70,124,78,139,0,79
Cerise,18.9,22.1,73,100,66,162,1,87
Cerise,20.1,19.4,47,98,74,160,0,82
Cerise,20.4,19.3,78,131,97,167,0,65
Cœur de Bœuf,27.2,25.8,40,112,84,142,1,82
Marmande,18.8,24.0,41,93,81,164,1,69
Marmande,22.3,26.1,66,119,82,161,0,80
Noire de Crimée,23.3,25.3,84,117,69,151,1,97
Marmande,27.0,27.2,82,114,95,136,1,76
Marmande,28.0,27.0,42,111,96,135,0,81
Marmande,25.5,26.1,73,114,66,145,0,71
Marmande,27.7,23.3,55,115,84,141,0,85
Noire de Crimée,25.9,21.8,40,139,99,138,1,76
Cœur de Bœuf,27.6,23.6,46,118,83,169,0,74
Cerise,25.1,23.5,74,135,64,134,0,51
Marmande,18.8,24.5,61,130,80,132,0,95
Cœur de Bœuf,22.0,20.7,87,121,99,165,1,87
Marmande,24.5,24.9,71,115,79,139,0,72
Marmande,21.5,23.1,65,117,88,137,1,61
Cerise,20.7,24.6,45,109,96,138,0,86
Cerise,23.8,21.2,85,137,79,142,0,95
Cerise,27.3,22.9,50,91,77,148,0,86
Marmande,18.3,20.9,70,112,63,152,0,99
Marmande,25.7,26.9,60,128,70,153,0,97
Marmande,25.2,23.4,61,94,81,132,1,70
Cerise,27.6,21.0,40,110,73,162,0,97
Noire de Crimée,27.3,19.4,60,111,87,152,0,91
Cœur de Bœuf,25.6,25.1,84,138,63,143,1,60
Noire de Crimée,23.2,20.9,59,100,75,148,0,70
Marmande,20.0,27.9,48,119,97,162,1,86
Marmande,23.5,23.8,66,117,82,152,0,53
Noire de Crimée,25.7,21.6,68,125,72,156,0,75
Marmande,27.0,24.9,82,106,79,141,0,69
Cœur de Bœuf,25.9,21.5,72,110,64,136,0,56
Marmande,20.0,26.4,84,126,78,165,1,87
Cœur de Bœuf,24.0,21.8,40,125,80,147,0,96
Noire de Crimée,21.3,27.9,42,114,64,145,1,76
Noire de Crimée,18.1,24.4,71,113,73,143,0,96
Marmande,20.0,26.6,59,119,95,150,0,66
Cœur de Bœuf,19.1,19.7,56,131,65,156,0,81
Marmande,26.4,22.1,76,124,64,154,0,59
Cerise,20.6,25.6,77,110,83,167,0,99
Cerise,20.8,24.9,88,95,88,144,0,60
Cerise,27.6,20.7,49,110,88,139,0,67
Cerise,21.8,22.2,82,97,61,159,0,51
Marmande,18.1,21.4,84,94,65,138,1,84
Cerise,20.8,24.5,68,129,93,157,0,55
Cœur de Bœuf,19.2,22.1,81,99,71,147,0,52
Noire de Crimée,19.0,21.8,85,120,81,140,0,56
Noire de Crimée,18.8,20.9,71,119,63,167,0,84
Cerise,23.9,22.7,52,110,65,131,1,96
Cerise,19.9,20.8,70,125,62,151,0,62
Cerise,21.6,27.7,43,116,72,152,0,87
Marmande,26.6,20.4,88,127,82,149,1,51
Noire de Crimée,22.2,27.2,57,124,94,158,0,51
Cerise,27.2,22.9,50,121,85,155,0,57
Cœur de Bœuf,23.0,22.4,81,115,68,141,0,58
Cerise,22.0,21.1,57,93,82,158,1,83
Noire de Crimée,25.5,24.7,80,116,63,148,0,88
Cerise,18.7,25.2,76,125,93,163,0,80
Noire de Crimée,18.9,23.2,72,126,96,156,0,78
Cerise,24.5,19.5,76,116,67,159,0,98
Cœur de Bœuf,22.9,27.3,42,136,93,166,1,96
Cerise,25.9,27.8,40,137,96,160,1,85
Cœur de Bœuf,27.2,22.9,58,95,65,157,0,71
Cœur de Bœuf,21.9,24.5,45,107,66,154,0,72
Cerise,24.0,23.1,49,115,98,135,0,62
Cœur de Bœuf,23.0,21.9,76,133,95,136,0,84
Marmande,27.8,19.7,51,113,64,135,1,93
Cerise,26.3,23.1,83,96,62,164,0,52
Cerise,27.1,26.4,56,133,76,154,1,58
Cœur de Bœuf,20.5,19.2,66,103,78,150,1,97
Cœur de Bœuf,25.7,24.2,41,102,60,146,0,67
Cerise,20.7,26.9,64,115,96,155,1,75
Marmande,20.1,21.0,85,132,68,146,1,78
Cœur de Bœuf,27.4,20.6,83,132,63,136,1,97
Cœur de Bœuf,18.2,26.0,67,91,69,154,1,61
Noire de Crimée,27.7,21.3,84,135,91,163,0,88
Marmande,19.5,20.7,76,136,60,155,1,72
Marmande,26.2,22.4,76,112,82,135,0,68
Cerise,20.8,22.5,56,117,76,139,1,73
Marmande,21.5,26.9,44,90,89,146,0,93
Cerise,20.2,24.6,58,121,86,143,0,92
Noire de Crimée,23.9,22.7,43,101,74,132,0,93
Marmande,21.5,23.8,78,135,97,145,0,79
Cœur de Bœuf,24.6,27.6,88,139,66,134,0,80
Noire de Crimée,18.2,20.0,82,124,92,152,0,68
Cerise,18.6,20.9,77,115,64,156,0,70
Noire de Crimée,19.0,27.7,84,120,98,134,1,98
Cerise,22.2,27.6,83,101,93,166,0,96
Noire de Crimée,26.1,20.6,69,118,62,167,0,59
Cerise,26.9,20.3,71,94,91,147,0,53
Marmande,20.4,22.8,76,124,61,141,0,67
Cœur de Bœuf,23.7,19.4,66,96,75,150,0,94
Cerise,25.7,24.9,71,105,76,136,0,86
Noire de Crimée,20.9,19.7,81,121,71,146,0,69
Cerise,22.1,19.5,50,106,64,138,0,85
Cerise,23.2,23.4,80,110,63,153,0,97
Cerise,19.3,27.6,52,116,75,140,1,81
Noire de Crimée,18.3,22.8,74,129,77,154,0,76
Cœur de Bœuf,19.5,22.2,56,136,79,166,0,90
Marmande,24.3,28.0,69,104,68,136,0,73
Cœur de Bœuf,18.7,23.8,57,112,75,146,0,78
Cerise,19.9,22.4,76,97,94,148,0,73
Noire de Crimée,21.4,22.5,87,114,88,150,0,78
Cœur de Bœuf,18.8,20.8,69,100,89,138,0,88
Cerise,19.9,23.6,65,110,79,137,1,67
Marmande,27.1,22.9,55,99,81,156,0,59
Marmande,18.2,21.4,50,139,82,152,1,96
Marmande,24.5,20.4,43,98,95,139,1,58
Cerise,21.8,21.8,80,137,81,131,0,99
Noire de Crimée,24.7,23.6,54,90,60,136,0,60
Cœur de Bœuf,23.9,19.5,51,111,80,131,0,61
Marmande,20.2,20.4,66,95,78,145,0,51
Cerise,26.5,27.5,87,119,67,135,0,75
Cerise,22.9,23.9,43,123,64,145,0,58
Cœur de Bœuf,26.2,19.6,74,102,99,154,1,66
Marmande,22.1,25.2,60,111,88,139,1,84
Cerise,27.8,19.6,75,95,77,138,1,95
Cœur de Bœuf,25.7,25.6,41,130,88,161,0,52
Noire de Crimée,27.7,25.7,78,135,74,161,0,55
Noire de Crimée,23.1,24.9,67,113,90,131,1,92
Noire de Crimée,22.7,25.6,73,110,74,150,0,72
Marmande,25.6,19.8,72,128,62,132,0,84
Cœur de Bœuf,26.8,25.5,89,112,92,163,0,64
Cœur de Bœuf,27.6,20.2,47,94,83,158,0,57
Cerise,21.2,22.1,47,96,97,149,0,81
Cerise,26.0,27.5,81,92,83,152,0,83
Cerise,20.1,23.5,89,102,72,166,0,60
Cœur de Bœuf,23.5,27.7,61,101,86,137,0,95
Cerise,19.8,19.8,66,95,92,165,0,52
Cœur de Bœuf,21.5,23.3,67,123,78,143,0,78
Cœur de Bœuf,27.3,19.6,50,104,84,152,0,59
Noire de Crimée,19.5,24.7,66,136,65,156,0,67
Cerise,24.3,19.7,40,107,92,144,0,67
Noire de Crimée,23.9,20.6,78,138,84,164,1,61
Marmande,19.2,21.3,67,92,82,151,1,76
Marmande,21.3,25.7,66,111,76,165,0,68
Marmande,23.6,20.5,47,124,80,144,0,90
Cœur de Bœuf,19.9,26.6,85,117,79,161,0,82
Cœur de Bœuf,26.0,20.2,63,130,71,147,0,74
Cœur de Bœuf,27.7,19.3,79,131,72,160,0,93
Cerise,20.1,22.6,75,101,77,165,0,51
Noire de Crimée,19.9,27.8,63,90,81,154,0,51
Cœur de Bœuf,22.5,20.0,81,125,83,139,1,54
Noire de Crimée,25.5,19.9,61,119,92,169,0,71
Noire de Crimée,20.8,25.8,49,112,62,143,0,82
Noire de Crimée,18.2,21.8,43,126,76,155,0,93
Cerise,23.4,25.5,47,117,98,148,0,54
Cerise,27.6,20.8,78,138,91,159,0,77
Marmande,21.9,23.1,54,94,76,168,1,63
Marmande,22.2,21.4,47,125,84,141,0,89
Noire de Crimée,27.7,23.1,68,136,67,160,0,92
Marmande,24.9,25.9,81,99,94,147,0,99
Noire de Crimée,25.2,25.9,78,94,88,131,0,59
Cerise,23.6,23.6,74,103,71,143,1,90
Cerise,27.7,27.4,80,113,95,149,0,64
Cerise,24.9,21.4,87,117,68,168,0,59
Cœur de Bœuf,27.0,21.2,53,110,85,149,0,53
Noire de Crimée,25.0,24.5,71,134,81,163,0,92
Cerise,25.4,24.6,46,129,90,163,0,98
Noire de Crimée,20.9,19.4,83,101,89,166,1,67
Marmande,21.0,24.5,72,109,74,132,0,66
Marmande,25.8,22.4,87,121,92,164,0,80
Cerise,21.0,25.7,74,127,62,162,1,82
Noire de Crimée,23.6,26.3,66,129,93,148,0,74
Cerise,20.5,24.0,40,131,76,160,0,61
Marmande,26.2,19.0,45,110,64,151,0,96
Cerise,19.1,24.7,41,106,89,156,0,70
Noire de Crimée,26.3,25.7,46,90,74,167,1,66
Marmande,24.0,21.2,47,133,98,157,0,69
Cœur de Bœuf,19.9,23.2,84,117,67,150,1,78
Marmande,23.4,27.7,68,91,97,149,0,52
Cœur de Bœuf,20.8,21.7,55,106,87,167,0,56
Cerise,21.2,21.0,68,128,80,142,0,82
Cerise,21.5,20.9,70,103,69,158,0,75
Noire de Crimée,18.6,24.0,61,103,87,150,0,69
Cœur de Bœuf,27.9,27.5,49,133,80,162,1,92
Cerise,18.3,24.5,43,137,87,161,0,86
Cœur de Bœuf,24.6,21.7,64,107,81,157,0,81
Cerise,21.7,24.7,52,129,97,143,1,84
Marmande,24.5,24.6,56,123,78,151,0,70
Cerise,21.6,24.4,79,132,97,166,0,90
Noire de Crimée,24.7,20.4,47,90,83,163,0,57
Marmande,25.3,24.7,62,131,87,146,0,51
Noire de Crimée,24.9,22.9,46,107,72,162,1,97
Marmande,19.1,19.2,71,137,68,162,0,65
Cœur de Bœuf,24.6,23.9,63,123,68,167,1,76
Noire de Crimée,20.8,27.9,40,112,80,155,0,85
Cerise,18.3,22.1,86,138,83,168,0,59
Cœur de Bœuf,22.1,27.7,86,105,90,136,0,77
Cerise,22.3,19.9,75,108,88,154,0,66
Marmande,22.7,25.6,66,126,99,159,1,74
Marmande,25.0,20.0,45,95,69,162,1,64
Cerise,21.1,21.5,81,113,63,168,0,67
Cerise,21.2,24.1,70,106,62,157,0,77
Cœur de Bœuf,18.6,24.3,51,137,72,147,1,51
Cerise,24.9,26.0,65,105,80,139,0,89
Noire de Crimée,23.7,24.5,64,128,67,131,0,91
Noire de Crimée,21.5,24.3,43,137,68,143,0,80
Cerise,25.1,27.2,45,130,60,142,1,80
Noire de Crimée,23.4,23.1,85,95,73,130,0,74
Cerise,22.7,21.0,52,105,71,161,0,50
Cœur de Bœuf,23.1,20.5,64,98,95,154,0,67
Noire de Crimée,24.4,22.6,70,118,81,139,0,65
Noire de Crimée,24.6,25.4,61,93,95,144,1,91
Cerise,20.9,19.4,74,115,75,158,1,86
Noire de Crimée,19.4,20.2,60,127,70,146,0,90
Marmande,19.6,20.0,54,115,62,169,0,91
Cœur de Bœuf,24.4,24.3,42,103,93,152,0,86
Cœur de Bœuf,26.7,21.2,76,124,84,136,0,56
Noire de Crimée,22.1,20.5,84,138,85,165,1,55
Noire de Crimée,19.7,24.3,65,132,62,135,1,63
Marmande,25.6,25.9,86,113,79,131,0,71
Marmande,26.3,22.0,56,97,90,161,1,99
Noire de Crimée,26.8,24.2,77,129,60,134,0,80
Noire de Crimée,24.1,19.9,89,114,85,148,1,94
Marmande,26.6,27.4,74,93,84,131,0,59
Cerise,18.2,22.0,80,104,70,152,0,95
Marmande,19.1,28.0,47,105,75,169,0,89
Cerise,18.9,27.8,50,100,79,133,0,95
Cœur de Bœuf,25.1,26.0,63,117,97,133,0,85
Cœur de Bœuf,18.7,19.2,82,96,61,140,0,90
Marmande,23.0,23.9,47,139,88,149,0,87
Cerise,22.7,19.8,69,127,66,143,0,83
Marmande,21.1,27.1,40,113,99,164,0,52
Marmande,26.7,26.1,73,120,84,143,0,72
Cerise,19.7,27.8,59,93,63,132,0,92
Marmande,21.5,24.5,75,126,93,144,1,66
Cœur de Bœuf,25.7,23.7,73,124,84,150,0,78
Noire de Crimée,18.3,23.7,73,95,67,131,0,50
Noire de Crimée,24.7,22.5,52,135,91,150,0,52
Marmande,26.2,23.2,45,122,77,139,0,63
Cerise,27.3,24.7,75,121,99,156,0,60
Cerise,26.8,27.4,64,135,70,148,1,79
Cœur de Bœuf,21.2,24.4,66,127,96,141,0,70
Cerise,23.9,26.7,86,124,98,145,0,65
Cerise,18.8,26.8,70,106,95,137,0,95
Cœur de Bœuf,20.6,23.7,42,121,69,166,0,58
Marmande,18.9,22.1,67,103,65,154,0,51
Noire de Crimée,21.2,24.8,43,108,75,153,0,75
Cœur de Bœuf,26.8,23.0,56,113,84,169,1,91
Marmande,21.5,19.7,77,128,93,147,0,52
Cœur de Bœuf,23.6,22.4,73,100,90,150,0,64
Marmande,22.3,27.9,59,96,67,137,0,61
Cœur de Bœuf,22.6,19.4,52,134,76,148,0,68
Marmande,27.7,25.3,86,113,73,159,0,90
Cœur de Bœuf,21.0,26.6,44,113,89,156,0,63
Marmande,24.3,24.8,63,103,77,165,0,64
Cœur de Bœuf,22.2,24.1,77,113,95,165,0,72
Noire de Crimée,18.6,25.4,56,100,80,155,1,60
Noire de Crimée,22.9,22.9,70,97,90,149,1,92
Cerise,26.1,19.8,67,133,92,143,1,52
Marmande,19.0,27.7,40,104,82,162,0,92
Cœur de Bœuf,18.7,22.9,41,131,97,138,1,50
Marmande,19.5,25.0,72,91,64,152,1,53
Noire de Crimée,25.6,23.8,79,113,74,159,1,70
Marmande,25.2,19.5,68,134,89,157,0,74
Cœur de Bœuf,23.7,27.6,43,99,75,160,0,69
Marmande,22.7,26.1,57,121,99,155,1,59
Cœur de Bœuf,26.9,20.3,63,106,88,165,1,67
Noire de Crimée,25.7,27.8,71,99,87,165,0,82
Noire de Crimée,26.1,25.6,48,111,65,140,0,84
Noire de Crimée,26.1,23.3,86,95,64,141,1,74
Cerise,24.4,24.5,55,116,97,131,1,52
Noire de Crimée,22.6,20.0,60,109,84,169,0,99
Marmande,26.6,24.0,69,90,87,133,0,62
Cerise,27.3,19.7,42,106,60,161,0,84
Noire de Crimée,18.2,23.9,72,90,73,163,0,74
Marmande,18.5,24.0,70,126,78,134,0,67
Marmande,27.6,26.9,84,104,90,134,0,79
Marmande,20.8,25.5,53,90,74,133,1,89
Cœur de Bœuf,26.7,21.2,45,106,78,141,0,95
Cerise,21.9,27.0,44,135,97,164,0,79
Marmande,19.2,24.2,68,134,91,166,1,73
Cœur de Bœuf,18.8,24.5,76,132,90,163,0,75
Noire de Crimée,19.6,20.5,75,133,96,157,0,50
Marmande,20.5,26.7,60,127,85,136,0,82
Cœur de Bœuf,22.9,27.4,51,132,84,169,0,57
Marmande,25.0,26.0,85,91,99,140,0,61
Cerise,27.9,27.5,62,107,67,161,0,57
Cerise,22.4,21.7,53,101,63,161,0,60
Noire de Crimée,23.2,26.8,82,118,90,160,0,63
Marmande,23.2,23.4,81,112,91,149,0,67
Cœur de Bœuf,23.4,20.5,49,136,93,135,0,93
Noire de Crimée,23.2,25.0,66,98,62,147,1,89
Marmande,18.1,25.2,80,97,85,150,1,50
Noire de Crimée,18.0,21.6,41,139,63,132,1,70
Cœur de Bœuf,19.0,19.2,53,105,61,157,0,59
Noire de Crimée,19.0,20.8,46,112,78,157,0,86
Noire de Crimée,25.0,22.6,56,118,82,161,0,78
Noire de Crimée,20.0,20.5,59,99,84,168,0,95
Marmande,26.9,20.7,47,101,66,153,0,89
Cœur de Bœuf,27.3,22.5,59,101,67,136,0,73
Cerise,27.8,27.7,75,119,62,148,0,93
Marmande,27.4,25.9,44,99,82,130,0,85
Cerise,20.7,21.9,52,103,92,162,1,67
Cerise,23.1,27.6,78,93,87,162,1,64
Marmande,19.8,24.8,77,136,81,140,0,81
Marmande,26.1,23.1,56,109,94,152,1,87
Cœur de Bœuf,26.9,23.2,45,130,93,157,0,92
Cœur de Bœuf,26.5,22.7,58,128,89,146,0,94
Noire de Crimée,22.3,21.1,64,96,95,139,0,69
Cerise,25.6,22.5,42,119,73,137,0,83
Cœur de Bœuf,19.0,23.8,80,130,68,138,0,58
Noire de Crimée,18.4,23.8,67,113,81,148,0,90
Cœur de Bœuf,25.5,25.9,65,99,87,137,0,83
Marmande,22.3,22.2,86,134,73,134,0,84
Cœur de Bœuf,28.0,25.5,47,127,74,143,1,76
Cerise,19.0,24.2,54,125,96,162,0,91
Cœur de Bœuf,26.6,27.7,40,106,83,167,0,67
Cerise,22.8,22.5,79,110,93,141,0,70
Marmande,26.3,27.1,62,135,62,132,0,67
Cerise,26.2,26.4,75,92,82,169,0,76
Cœur de Bœuf,27.2,24.7,81,90,79,158,0,80
Noire de Crimée,21.0,24.9,55,107,74,151,1,77
Marmande,27.5,19.8,89,91,75,163,1,82
Cœur de Bœuf,19.5,27.6,43,129,66,135,1,64
Marmande,18.8,20.0,47,137,92,164,0,94
Marmande,22.3,24.1,75,93,78,168,1,96
Cœur de Bœuf,26.3,22.0,49,121,77,145,1,85
Cœur de Bœuf,22.7,22.9,69,108,77,160,0,68
Noire de Crimée,26.3,24.5,75,109,62,144,0,84
Marmande,25.3,27.2,55,131,62,130,0,81
Marmande,20.1,23.1,69,138,95,149,0,94
Cœur de Bœuf,27.5,27.9,83,138,75,152,0,88
Cerise,18.6,24.3,49,96,82,149,1,61
Cœur de Bœuf,27.0,20.4,50,98,82,161,0,78
Marmande,21.0,20.7,73,96,74,154,0,83
Cœur de Bœuf,23.0,25.4,55,116,68,137,0,65
Noire de Crimée,22.2,19.5,58,110,99,162,1,71
Cerise,19.7,23.3,83,124,97,159,1,57
Cœur de Bœuf,21.6,20.3,43,113,77,132,0,61
Noire de Crimée,19.9,22.9,88,121,97,153,0,83
Marmande,20.0,25.7,83,101,65,141,1,65
Cœur de Bœuf,19.9,23.1,70,112,96,160,0,96
Marmande,22.9,20.5,87,125,65,136,0,58
Noire de Crimée,26.0,21.3,74,138,80,169,0,76
Marmande,23.7,22.3,73,118,89,146,0,96
Noire de Crimée,26.9,19.6,65,92,87,139,0,84
Noire de Crimée,24.4,24.3,78,132,79,144,1,60
Noire de Crimée,24.9,24.5,45,97,78,150,1,68
Cœur de Bœuf,24.7,19.6,72,123,73,150,0,80
Marmande,22.5,22.6,86,103,60,158,0,64
Marmande,24.9,22.7,66,125,86,130,1,76
Cerise,18.7,22.0,51,137,91,150,0,82
Cerise,26.6,24.0,84,135,88,134,0,56
Cerise,25.8,22.1,47,121,90,144,1,72
Cerise,20.5,22.7,48,96,84,155,0,85
Marmande,25.7,26.2,40,99,66,140,0,71
Noire de Crimée,18.1,20.5,44,101,98,150,1,50
Noire de Crimée,20.2,24.6,46,129,75,135,0,76
Cœur de Bœuf,18.7,23.6,57,112,70,133,1,60
Noire de Crimée,25.8,21.7,79,100,77,150,1,61
Marmande,25.6,25.5,63,102,64,146,0,70
Marmande,26.1,24.0,65,101,61,160,0,57
Marmande,18.0,23.3,49,96,69,152,1,62
Cœur de Bœuf,23.0,25.0,79,133,85,161,1,86
Cerise,25.0,26.2,83,99,83,165,0,82
Noire de Crimée,19.6,27.8,87,96,85,163,0,99
Marmande,24.5,24.7,51,116,75,135,0,51
Marmande,18.8,26.9,61,96,84,167,0,58
Cerise,19.8,19.0,66,139,97,151,0,62
Marmande,22.8,23.8,42,113,65,162,1,75
Noire de Crimée,24.5,20.9,57,112,71,140,0,94
Cœur de Bœuf,19.5,19.8,44,114,68,152,0,96
Marmande,19.9,23.8,53,133,67,165,1,58
Noire de Crimée,20.0,25.7,64,125,90,157,0,64
Marmande,20.4,22.7,70,122,91,148,0,56
Cerise,20.3,25.0,60,126,66,142,1,92
Marmande,22.0,23.4,87,131,91,142,0,86
Marmande,24.5,22.9,77,128,84,137,1,58
Cœur de Bœuf,22.4,21.6,87,96,92,142,0,63
Cerise,25.8,22.4,59,119,87,164,1,79
Cerise,25.2,22.1,53,120,70,156,0,96
Cœur de Bœuf,19.3,24.8,59,134,90,140,0,97
Marmande,18.5,20.0,76,135,69,150,1,69
Noire de Crimée,26.8,19.8,85,126,61,137,0,96
Cerise,18.8,24.9,69,110,63,155,0,72
Cerise,19.5,23.9,82,123,81,159,0,64
Marmande,18.2,22.9,80,135,87,151,0,80
Marmande,24.3,20.4,59,110,69,168,1,53
Cerise,23.8,22.7,46,129,61,139,0,74
Marmande,27.9,26.1,44,109,90,155,1,68
Noire de Crimée,26.9,27.0,70,123,82,156,0,86
Cerise,22.1,25.3,68,97,75,151,1,83
Noire de Crimée,21.7,19.5,54,121,68,142,0,50
Noire de Crimée,21.0,25.0,64,119,65,168,0,90
Marmande,19.5,21.2,52,118,84,136,1,80
Noire de Crimée,19.4,21.8,83,94,63,141,0,89
Marmande,19.3,20.8,63,119,71,142,0,93
Cœur de Bœuf,19.1,26.0,54,101,83,141,0,84
Marmande,20.4,24.8,63,128,86,141,1,76
Noire de Crimée,21.1,24.5,65,116,62,167,0,70
Cœur de Bœuf,27.6,25.0,58,102,71,132,1,57
Marmande,23.8,21.1,63,136,89,137,0,67
Noire de Crimée,27.9,23.0,58,99,71,160,1,72
Cerise,21.7,24.7,81,125,99,142,0,90
Cerise,22.6,24.7,56,120,81,137,0,85
Marmande,21.2,26.1,87,105,74,166,1,78
Marmande,19.8,21.6,44,128,87,153,0,65
Cerise,19.4,25.9,43,134,76,157,0,99
Noire de Crimée,27.5,23.0,61,125,84,133,0,59
Noire de Crimée,27.9,25.0,49,115,62,145,0,66
Noire de Crimée,18.4,23.1,60,133,95,147,0,71
Marmande,19.5,27.5,64,109,90,133,0,89
Cœur de Bœuf,22.2,20.6,45,123,74,169,0,51
Cœur de Bœuf,19.9,25.1,69,126,87,162,1,91
Cœur de Bœuf,21.6,24.2,68,97,90,156,0,79
Cœur de Bœuf,19.3,20.6,50,93,79,165,1,93
Cœur de Bœuf,22.6,19.6,50,118,80,133,0,88
Marmande,20.7,26.2,87,120,86,165,1,88
Marmande,21.5,20.4,85,91,78,142,1,94
Cœur de Bœuf,18.9,20.7,66,114,95,143,1,68
Marmande,22.3,27.8,58,127,71,166,0,59
Marmande,27.8,25.5,61,92,94,135,1,69
Cœur de Bœuf,21.3,21.3,67,135,92,143,0,73
Noire de Crimée,26.8,24.3,43,131,95,132,0,55
Marmande,26.4,23.8,76,132,82,154,0,94
Noire de Crimée,27.5,26.6,58,94,72,163,1,67
Marmande,25.9,25.6,56,111,89,135,0,65
Marmande,24.6,26.5,89,105,69,169,1,88
Cœur de Bœuf,26.6,20.9,79,98,79,130,0,89
Marmande,18.8,24.8,75,137,65,137,1,89
Cerise,22.6,19.4,62,98,90,146,1,65
Cerise,27.9,19.6,89,138,78,142,1,89
Cœur de Bœuf,25.7,25.4,67,101,62,148,0,64
Noire de Crimée,27.6,19.2,50,136,69,164,0,89
Noire de Crimée,25.8,24.2,53,131,69,162,0,55
Noire de Crimée,26.7,26.6,52,93,80,162,0,82
Cerise,25.1,22.4,63,138,61,168,1,97
Noire de Crimée,25.6,19.4,55,107,98,167,0,62
Noire de Crimée,23.2,25.4,67,107,89,167,0,53
Cœur de Bœuf,27.2,27.4,69,131,87,138,0,81
Noire de Crimée,26.3,25.5,83,132,77,166,0,99
Cerise,26.4,24.2,80,122,73,130,0,78
Cerise,24.7,21.1,78,131,78,165,0,56
Cerise,21.0,19.1,81,92,99,167,0,82
Cœur de Bœuf,18.4,25.3,66,127,95,131,1,54
Cœur de Bœuf,27.4,21.1,56,106,71,139,0,89
Marmande,23.9,26.7,89,101,79,152,0,53
Noire de Crimée,21.0,23.2,65,100,93,138,0,56
Cœur de Bœuf,19.5,23.8,46,106,95,140,1,65
Cerise,26.3,25.8,74,124,80,165,0,86
Cerise,26.4,26.0,54,130,78,167,0,98
Cœur de Bœuf,26.1,24.8,55,139,94,164,1,60
Cœur de Bœuf,24.5,27.4,60,95,67,142,0,99
Cœur de Bœuf,21.7,27.8,56,124,81,148,1,54
Marmande,21.0,27.5,84,95,97,164,0,78
Cerise,18.1,26.4,65,121,77,159,0,74
Marmande,26.3,25.4,74,100,67,147,0,52
Marmande,18.9,25.0,59,132,61,141,0,81
Noire de Crimée,24.3,19.9,59,128,79,141,0,79
Cerise,23.0,21.4,62,102,64,150,0,69
Cerise,23.3,19.1,44,102,89,141,0,79
Cœur de Bœuf,27.3,20.2,48,128,77,157,0,52
Cœur de Bœuf,18.3,23.0,62,135,82,158,1,93
Noire de Crimée,25.7,20.3,57,123,61,168,0,64
Marmande,18.5,27.1,68,92,96,133,0,90
Cœur de Bœuf,18.4,26.3,50,121,91,160,0,63
Cœur de Bœuf,22.3,19.6,82,93,60,153,1,89
Cerise,18.6,21.2,87,129,98,147,1,99
Cerise,25.9,26.4,47,90,60,155,0,59
Cœur de Bœuf,23.3,26.2,66,98,90,149,0,66
Cerise,18.3,27.5,41,138,98,137,0,64
Noire de Crimée,18.4,28.0,62,139,67,162,0,78
Cœur de Bœuf,24.1,27.8,60,96,62,133,0,83
Cerise,26.1,22.7,49,116,71,167,1,84
Noire de Crimée,22.4,21.3,77,92,93,151,0,58
Cerise,23.5,25.8,43,111,84,165,0,66
Cerise,26.0,21.7,60,105,95,160,0,51
Cerise,24.1,26.3,76,97,66,137,0,75
Cœur de Bœuf,20.2,23.8,82,94,74,138,0,87
Marmande,24.1,26.1,51,138,80,147,0,92
Cerise,24.3,21.5,87,119,84,164,1,77
Noire de Crimée,25.3,23.6,85,117,97,153,1,79
Cœur de Bœuf,24.2,24.1,53,116,96,146,0,92
Cœur de Bœuf,27.7,27.5,59,139,75,130,1,58
Noire de Crimée,20.0,21.4,86,111,60,168,1,77
Cerise,27.5,27.4,47,119,96,144,0,65
Marmande,23.4,26.2,66,126,73,142,1,73
Cerise,24.7,25.6,76,96,93,152,1,71
Noire de Crimée,19.0,26.1,80,139,61,158,0,69
Cœur de Bœuf,21.8,24.4,60,119,90,160,0,63
Marmande,25.7,21.2,87,102,78,166,0,92
Cœur de Bœuf,25.1,20.7,74,111,78,157,0,81
Noire de Crimée,18.4,26.8,83,100,82,161,1,59
Cerise,23.5,25.5,78,94,89,136,1,51
Marmande,18.9,20.9,88,111,76,143,0,56
Cœur de Bœuf,28.0,24.5,54,104,61,143,0,50
Cœur de Bœuf,27.0,23.0,86,128,70,161,1,86
Cœur de Bœuf,18.2,20.4,51,126,73,138,0,64
Cerise,26.6,23.8,73,120,88,135,0,60
Marmande,27.2,21.5,47,118,78,144,0,69
Cerise,21.5,19.9,76,128,87,159,0,99
Cerise,25.2,23.2,69,106,60,159,0,90
Cerise,22.4,24.3,42,130,64,145,0,82
Noire de Crimée,24.6,19.4,69,95,93,152,0,87
Noire de Crimée,21.4,22.6,68,130,73,160,1,69
Noire de Crimée,21.2,21.3,40,106,78,141,0,59
Marmande,22.2,19.3,55,123,83,150,0,81
Cerise,19.5,20.1,81,112,99,132,0,85
Cerise,26.3,20.3,70,119,76,132,0,99
Noire de Crimée,21.5,20.6,49,102,61,167,0,61
Cerise,22.0,26.2,69,119,90,151,0,74
Cerise,26.9,23.0,82,138,76,150,0,58
Cœur de Bœuf,23.0,20.3,65,109,67,145,0,98
Cerise,23.4,19.9,51,95,76,147,0,66
Cœur de Bœuf,27.6,21.7,79,120,97,133,0,63
Cerise,26.9,26.2,44,108,85,149,1,73
Marmande,19.7,22.3,48,95,99,142,1,90
Noire de Crimée,22.7,20.4,50,123,99,160,1,94
Cœur de Bœuf,27.7,22.6,86,117,66,131,0,52
Noire de Crimée,21.7,24.0,62,102,83,159,0,99
Cœur de Bœuf,21.7,19.3,56,99,89,160,0,90
Cœur de Bœuf,20.0,24.6,82,130,85,157,1,65
Cœur de Bœuf,19.1,22.6,52,134,89,138,1,67
Marmande,25.4,19.1,56,96,94,140,0,88
Cerise,25.7,25.1,62,107,61,164,1,99
Cœur de Bœuf,27.7,25.4,78,111,63,166,0,63
Marmande,25.7,24.7,48,103,64,146,1,59
Cœur de Bœuf,20.4,22.1,57,125,61,155,0,59
Cerise,18.4,23.8,57,97,90,133,1,55
Cœur de Bœuf,27.9,22.5,69,101,86,162,0,52
Marmande,21.4,25.3,81,129,83,146,0,98
Cerise,21.1,24.3,83,137,63,137,0,71
Marmande,27.1,19.7,65,122,87,155,0,51
Cerise,23.9,24.8,57,113,64,149,0,88
Cerise,20.1,25.2,60,131,86,167,0,61
Noire de Crimée,26.9,22.3,80,128,64,162,0,50
Noire de Crimée,27.9,26.9,80,103,64,169,0,86
Noire de Crimée,18.9,26.6,81,138,68,146,1,62
Cerise,26.6,20.6,72,94,86,138,0,81
Cœur de Bœuf,21.9,27.1,82,108,63,149,1,74
Marmande,23.2,23.0,53,92,83,137,0,87
Marmande,27.1,25.5,49,90,86,135,0,54
Marmande,27.7,26.3,67,129,60,138,1,86
Noire de Crimée,20.6,23.5,53,130,91,140,0,67
Cerise,20.1,22.6,58,126,75,134,0,59
Noire de Crimée,18.8,27.2,65,122,82,137,1,68
Cœur de Bœuf,23.6,21.1,49,138,87,164,1,83
Cerise,18.1,21.3,56,135,79,154,0,79
Marmande,22.1,22.3,73,106,76,165,1,81
Noire de Crimée,18.7,26.7,53,98,95,168,0,60
Noire de Crimée,22.1,27.4,65,120,67,135,1,71
Cœur de Bœuf,18.4,21.0,89,124,77,153,0,79
Cœur de Bœuf,26.4,26.8,73,92,72,150,1,50
Noire de Crimée,20.1,21.3,58,102,68,165,0,55
Cœur de Bœuf,21.3,27.7,63,126,96,147,0,63
Marmande,26.7,24.4,70,127,89,130,0,52
Cœur de Bœuf,25.5,19.1,79,103,87,158,0,88
Cœur de Bœuf,20.2,19.3,45,95,77,146,0,64
Noire de Crimée,18.7,20.3,59,118,79,134,1,80
Noire de Crimée,25.2,20.7,78,138,95,135,0,68
Cerise,21.9,25.9,84,98,78,137,0,71
Cerise,25.7,21.0,73,125,64,154,0,56
Noire de Crimée,22.5,27.7,61,112,93,148,0,76
Cœur de Bœuf,21.5,24.7,46,104,76,168,0,84
Cœur de Bœuf,22.5,25.2,72,139,87,138,0,92
Cerise,25.5,21.0,45,136,95,157,0,54
Cerise,27.0,27.0,55,139,97,160,0,95
Cerise,18.5,25.0,47,96,89,130,0,84
Marmande,23.2,26.8,84,136,77,139,0,85
Marmande,18.3,27.6,62,114,65,151,0,86
Cerise,22.7,20.1,57,126,85,130,0,72
Cœur de Bœuf,26.9,19.9,53,112,74,142,0,85
Cerise,21.6,26.2,89,100,60,143,0,53
Marmande,27.3,26.8,75,135,76,152,0,51
Cœur de Bœuf,24.3,24.3,54,97,90,168,1,86
Marmande,27.3,22.3,44,125,61,157,1,84
Cœur de Bœuf,25.6,24.9,85,131,95,158,0,95
Marmande,19.0,21.8,87,128,94,169,0,53
Cœur de Bœuf,20.3,21.1,54,90,86,162,1,97
Cœur de Bœuf,21.9,23.4,50,133,62,131,0,53
Cœur de Bœuf,19.7,20.9,41,102,79,162,1,55
Cœur de Bœuf,22.9,23.4,62,105,67,153,1,66
Noire de Crimée,22.7,27.6,63,135,88,141,0,53
Marmande,27.6,26.6,57,102,67,169,1,71
Marmande,22.3,27.5,43,126,86,157,0,70
Noire de Crimée,25.9,26.3,54,103,85,164,1,61
Cœur de Bœuf,27.4,22.2,51,102,98,139,1,56
Cœur de Bœuf,26.8,26.3,42,135,69,163,1,97
Marmande,20.1,27.3,71,101,89,134,0,77
Noire de Crimée,23.0,27.5,75,117,92,147,0,95
Cœur de Bœuf,21.5,25.1,60,111,95,135,0,62
Cœur de Bœuf,22.0,20.9,87,109,79,140,0,92
Cœur de Bœuf,21.6,19.4,45,136,63,130,0,92
Cerise,26.3,20.3,41,108,82,152,0,82
Noire de Crimée,22.5,27.7,48,100,88,133,0,89
Cœur de Bœuf,23.2,23.2,51,119,91,136,1,62
Cerise,27.8,26.7,83,115,96,146,0,53
Noire de Crimée,18.6,23.2,63,104,96,140,0,74
Cœur de Bœuf,22.9,24.9,53,119,85,156,0,69
Marmande,25.7,19.2,88,118,64,141,1,87
Cerise,19.5,21.2,80,121,83,163,0,84
Cerise,24.1,22.9,51,119,61,137,0,58
Cœur de Bœuf,20.4,24.7,66,133,74,152,0,79
Cœur de Bœuf,26.7,20.5,49,105,99,155,0,88
Cerise,21.3,25.9,82,125,67,163,0,72
Marmande,21.3,22.3,41,107,96,161,0,60
Marmande,24.0,26.4,70,130,96,135,0,64
Noire de Crimée,19.8,19.9,67,137,73,130,0,96
Cœur de Bœuf,20.8,25.1,55,128,64,133,0,71
Marmande,22.2,21.6,40,117,68,154,0,66
Noire de Crimée,21.5,26.2,61,108,81,137,0,96
Marmande,23.2,22.6,40,100,89,169,0,61
Cœur de Bœuf,24.0,25.0,70,106,92,149,1,84
Noire de Crimée,23.7,27.4,61,110,97,143,0,83
Noire de Crimée,24.5,19.2,73,126,96,162,1,50
Noire de Crimée,21.1,19.1,51,133,97,132,0,81
Marmande,19.3,25.9,62,123,66,144,0,53
Cœur de Bœuf,25.6,24.8,67,122,62,156,0,73
Noire de Crimée,26.5,21.6,89,118,99,148,0,56
Cerise,20.6,23.4,51,93,91,130,0,61
Cœur de Bœuf,22.1,19.4,66,121,95,164,1,71
Cerise,23.0,20.7,62,100,78,162,0,98
Cerise,23.3,22.8,40,115,90,146,1,84
Noire de Crimée,24.6,26.5,82,107,89,142,0,70
Noire de Crimée,18.4,23.3,41,121,96,141,0,78
Marmande,25.2,24.3,83,116,84,168,0,98
Marmande,18.6,26.9,70,105,72,155,0,66
Marmande,22.7,21.8,41,99,71,156,0,77
Cœur de Bœuf,26.3,25.3,88,133,68,153,1,91
Marmande,22.5,26.8,64,123,99,146,0,96
Cerise,19.5,20.8,77,122,68,140,1,90
Marmande,27.9,22.2,87,99,86,151,1,66
Noire de Crimée,26.9,27.8,58,131,90,137,0,53
Marmande,25.7,27.8,67,115,65,161,0,90
Cœur de Bœuf,22.1,21.0,45,131,88,158,0,55
Cœur de Bœuf,19.8,19.6,78,114,89,161,0,64
Cerise,27.4,21.4,58,91,97,169,0,93
Cœur de Bœuf,23.3,22.6,56,115,70,134,1,73
Marmande,26.5,23.0,45,109,65,142,1,57
Noire de Crimée,21.4,24.6,54,92,98,154,0,90
Cœur de Bœuf,21.4,27.1,61,121,90,139,0,76
Cerise,27.9,22.0,80,90,94,155,0,80
Marmande,23.2,26.6,73,113,71,155,0,58
Cerise,19.4,19.8,44,139,65,150,0,67
Cœur de Bœuf,20.2,19.4,62,132,85,152,1,51
Cœur de Bœuf,22.8,23.5,44,133,96,141,1,71
Cerise,18.4,19.5,83,122,91,168,0,69
Marmande,22.6,22.5,49,127,63,154,1,91
Cœur de Bœuf,22.2,27.1,43,137,99,141,1,53
Noire de Crimée,25.8,21.2,51,124,62,165,0,87
Cœur de Bœuf,21.5,25.4,86,106,61,161,0,93
Marmande,27.8,21.7,49,137,79,147,0,62
Cœur de Bœuf,19.8,19.4,69,132,78,149,0,98
Cerise,23.9,24.0,89,137,98,131,0,69
Cœur de Bœuf,18.9,26.5,63,133,71,162,1,55
Cœur de Bœuf,25.3,22.7,44,122,95,146,0,64
Marmande,27.9,24.6,52,100,87,165,1,57
Cerise,26.2,27.1,75,112,68,159,0,79
Marmande,23.6,26.1,48,127,70,138,0,85
Cœur de Bœuf,22.8,20.7,57,121,89,160,0,85
Noire de Crimée,26.4,25.6,74,108,61,168,0,52
Cœur de Bœuf,27.4,23.5,70,101,97,150,1,76
Marmande,27.9,25.7,63,117,97,151,1,79
Noire de Crimée,22.0,23.5,82,91,92,146,0,78
Marmande,27.9,20.2,43,99,66,132,1,65
Marmande,19.6,24.1,80,108,80,161,0,89
Cerise,20.5,23.4,65,117,71,162,0,87
Noire de Crimée,18.9,23.7,83,136,80,139,1,69
Cœur de Bœuf,20.7,26.9,81,97,82,134,0,94
Marmande,25.7,27.1,49,132,65,133,0,65
Cœur de Bœuf,26.5,23.1,80,112,73,167,1,70
Cerise,25.8,23.1,81,137,91,161,1,67
Cerise,24.3,23.6,48,134,72,167,1,90
Noire de Crimée,23.1,23.7,40,119,86,149,0,80
Cerise,25.1,27.6,55,117,70,138,0,51
Cerise,21.9,24.8,85,102,91,144,1,73
Cœur de Bœuf,26.4,21.5,52,126,62,137,0,55
Cerise,24.8,23.8,77,101,61,163,0,95
Cerise,25.0,24.6,53,99,89,159,1,66
Marmande,23.4,24.8,79,106,61,139,0,75
Cerise,26.9,24.3,62,90,98,143,0,96
Marmande,20.5,20.6,57,111,88,163,0,86
Cerise,21.8,19.3,67,104,81,151,0,51
Cerise,25.8,22.0,59,105,84,142,0,75
Noire de Crimée,22.9,22.8,40,109,78,158,1,93
Noire de Crimée,26.9,19.6,51,99,75,158,0,86
Marmande,21.5,26.3,66,131,76,136,0,50
Cerise,21.7,22.1,82,115,86,135,0,51
Cœur de Bœuf,26.9,27.2,52,138,78,164,0,82
Noire de Crimée,22.6,20.4,43,112,89,166,0,60
Cœur de Bœuf,23.2,19.5,64,106,73,133,0,79
Noire de Crimée,21.3,23.3,45,123,91,143,0,83
Noire de Crimée,20.8,20.7,84,130,82,135,0,76
Cerise,24.6,27.4,61,111,95,146,0,92
Noire de Crimée,19.2,19.1,84,93,69,153,0,83
Cœur de Bœuf,26.8,22.7,77,96,97,142,0,56
Noire de Crimée,25.8,27.3,75,94,88,141,0,88
Marmande,19.9,22.5,42,120,70,158,1,88
Cerise,24.9,19.8,54,108,97,153,0,51
Cerise,24.0,21.7,50,93,74,163,1,79
Marmande,19.8,23.5,73,139,91,143,1,97
Marmande,20.7,20.7,66,111,86,156,1,52
Marmande,22.1,23.2,62,92,97,134,0,51
Noire de Crimée,25.0,26.5,56,112,60,169,0,79
Cerise,24.4,26.9,62,93,73,138,1,86
Marmande,23.3,19.4,73,135,62,145,0,78
Noire de Crimée,25.7,20.4,60,113,89,142,0,84
Marmande,25.6,21.5,72,103,90,144,1,87
Cœur de Bœuf,24.2,24.4,44,138,60,165,0,71
Cœur de Bœuf,25.9,22.2,56,130,73,154,1,86
Cerise,21.3,26.6,40,92,95,145,0,67
Noire de Crimée,26.8,25.5,46,136,95,160,0,89
Cœur de Bœuf,24.1,19.9,42,110,74,166,0,94
Cœur de Bœuf,26.2,24.6,65,115,97,162,0,83
Noire de Crimée,23.5,20.0,55,90,84,149,1,94
Marmande,20.2,21.3,55,119,73,155,1,98
Noire de Crimée,23.4,20.6,83,93,83,164,1,87
Marmande,21.7,20.6,80,103,61,169,1,79
Cœur de Bœuf,25.0,24.5,53,107,93,136,0,51
Cœur de Bœuf,22.8,24.1,83,101,82,160,0,69
Cœur de Bœuf,26.4,20.6,65,127,67,146,1,93
Cerise,24.8,27.9,66,131,64,137,0,65
Cerise,24.8,22.8,87,125,88,152,0,53
Cerise,20.2,19.9,56,105,92,147,1,97
Noire de Crimée,27.8,20.1,83,90,79,141,1,62
Cœur de Bœuf,26.4,24.3,43,92,75,159,1,63
Cœur de Bœuf,25.9,27.8,56,128,96,165,0,58
Noire de Crimée,21.3,24.1,72,124,96,144,0,93
Cerise,23.4,27.5,69,104,83,147,0,63
Noire de Crimée,19.4,23.0,60,127,88,154,0,60
Cerise,23.4,22.9,56,105,94,142,0,59
Cœur de Bœuf,19.5,23.5,50,106,68,153,0,79
Marmande,23.5,25.3,69,123,81,146,1,56
Cerise,24.5,22.3,57,99,79,130,0,55
Cœur de Bœuf,21.9,26.8,59,100,99,166,1,66
Cœur de Bœuf,23.0,19.3,73,117,63,156,0,62
Marmande,26.8,23.0,80,116,95,149,0,96
Cœur de Bœuf,19.1,23.6,67,127,71,147,1,53
Cœur de Bœuf,25.9,24.5,48,107,82,138,1,75
Cerise,19.7,21.5,83,136,98,139,1,81
Cerise,18.4,22.8,70,137,67,154,0,52
Marmande,19.9,23.4,84,119,69,130,1,60
Marmande,25.7,25.2,55,102,82,165,1,69
Cœur de Bœuf,22.1,26.0,70,105,88,147,0,78
Cerise,26.7,25.6,68,91,91,144,0,51
Marmande,23.2,22.1,52,109,73,162,0,92
Marmande,18.2,28.0,62,101,75,151,0,53
Noire de Crimée,25.2,26.6,53,118,98,153,0,81
Marmande,19.1,21.3,78,135,76,130,0,98
Cœur de Bœuf,25.9,20.8,41,97,79,140,0,98
Cerise,19.7,21.8,51,127,71,155,0,70
Marmande,21.5,23.1,67,135,68,155,0,66
Noire de Crimée,25.6,26.7,71,136,67,135,0,94
Cerise,27.5,26.0,88,109,96,162,0,62
Marmande,21.7,26.7,63,124,80,143,0,81
Noire de Crimée,26.3,21.4,76,128,91,153,0,52
Marmande,19.9,24.3,68,120,96,167,0,91
Cerise,26.1,21.5,81,105,77,146,1,97
Cerise,24.6,20.0,57,112,88,143,0,80
Cerise,19.9,25.2,42,123,66,148,1,80
Cœur de Bœuf,21.0,20.3,52,121,99,137,0,50
Marmande,19.3,25.0,52,106,96,152,0,77
Cœur de Bœuf,21.8,24.8,81,132,65,131,1,72
Cerise,20.0,26.3,68,113,79,132,0,54
Noire de Crimée,24.4,20.3,41,124,68,142,0,50
Marmande,27.9,26.1,67,112,68,134,1,65
Cœur de Bœuf,18.1,28.0,87,97,67,147,0,60
Marmande,23.4,26.7,43,112,76,130,0,85
Noire de Crimée,23.7,25.8,44,110,83,166,0,86
Cœur de Bœuf,27.1,25.0,78,108,99,150,0,65
Cerise,23.1,22.8,80,120,82,148,0,61
Cœur de Bœuf,23.4,25.6,44,139,92,167,0,79
Marmande,22.7,25.5,47,96,81,163,0,93
Marmande,20.7,24.7,73,137,81,131,0,53
Marmande,18.6,26.2,64,113,86,149,0,98
Marmande,22.1,23.0,66,135,61,160,1,90
Cerise,18.5,20.1,46,97,90,142,0,87
Cœur de Bœuf,23.5,24.0,75,102,72,143,1,57
Cerise,21.1,21.4,71,92,61,167,0,57
Cerise,23.3,22.5,60,123,66,141,0,70
Cerise,19.3,19.2,86,102,70,142,0,89
Marmande,27.3,22.4,57,121,85,153,1,57
Marmande,26.9,26.3,41,124,80,169,0,78
Marmande,19.9,23.9,85,110,74,160,1,64
Cœur de Bœuf,21.4,19.1,81,90,75,143,1,63
Noire de Crimée,24.1,23.2,44,91,68,159,0,87
Marmande,19.0,21.6,83,131,80,156,1,59
Cœur de Bœuf,21.5,23.3,81,132,65,165,0,76
Marmande,20.5,22.6,89,115,60,135,0,89
Marmande,27.2,27.4,77,92,90,135,0,76
Cerise,26.5,19.4,67,113,64,144,1,91
Cerise,23.8,25.2,70,115,96,153,0,89
Cerise,23.2,26.7,83,97,85,142,1,84
Cœur de Bœuf,27.3,27.6,63,136,60,136,1,85
Noire de Crimée,27.3,20.6,72,126,60,150,0,60
Noire de Crimée,27.7,23.8,78,97,88,167,0,62
Cœur de Bœuf,19.3,19.4,51,107,81,167,0,84
Marmande,19.6,23.5,78,107,97,143,0,70
Cœur de Bœuf,24.8,20.1,48,101,78,132,1,86
Marmande,23.4,26.5,54,125,87,164,0,93
Cœur de Bœuf,18.2,20.0,62,129,64,141,1,61
Cœur de Bœuf,18.6,23.6,83,91,80,150,0,99
Cœur de Bœuf,26.9,23.7,84,109,81,149,1,74
Noire de Crimée,26.7,27.7,61,92,79,156,0,77
Cerise,21.6,24.9,75,129,71,134,0,93
Cœur de Bœuf,26.9,21.6,49,133,65,140,0,67
Noire de Crimée,23.9,21.2,67,123,88,135,0,59
Cerise,26.1,20.2,74,138,99,134,0,88
Cerise,22.3,25.8,68,135,94,151,0,52
Cœur de Bœuf,19.1,25.2,44,135,70,130,0,54
Marmande,22.3,24.5,43,95,92,149,0,61
Marmande,22.6,19.4,54,129,84,153,1,63
Marmande,23.5,25.9,69,99,73,149,0,94
Cœur de Bœuf,19.1,24.8,65,113,88,158,0,90
Marmande,27.9,27.7,62,107,72,153,0,81
Noire de Crimée,20.4,24.3,78,122,74,137,1,91
Noire de Crimée,20.0,21.7,68,128,67,163,0,82
Noire de Crimée,23.3,22.4,61,96,92,151,0,55
Noire de Crimée,23.4,20.6,74,134,70,168,1,79
Cerise,22.4,25.5,87,137,74,162,1,55
Noire de Crimée,25.7,25.4,86,133,80,159,0,80
Marmande,23.2,20.8,57,118,95,135,0,51
Cœur de Bœuf,24.1,20.4,74,108,65,142,1,75
Marmande,25.2,19.7,85,127,84,148,1,97
Noire de Crimée,18.3,27.2,72,128,60,155,0,81
Cerise,23.7,21.1,46,114,92,146,0,54
Noire de Crimée,26.8,22.1,73,106,98,166,1,95
Cœur de Bœuf,18.2,21.5,49,126,91,156,0,97
Marmande,22.1,22.7,63,92,61,153,0,90
Cœur de Bœuf,27.3,25.4,64,113,84,143,1,92
Cœur de Bœuf,21.5,26.8,87,107,99,132,0,65
Cœur de Bœuf,22.6,20.6,83,138,92,134,1,61
Marmande,27.8,25.2,66,115,97,143,0,64
Noire de Crimée,20.0,22.2,89,110,70,137,0,70
Cœur de Bœuf,18.7,27.8,45,100,78,154,0,86
Marmande,26.6,21.7,88,130,84,144,0,70
Cerise,26.7,19.1,47,106,87,166,1,74
Marmande,22.7,23.6,60,134,69,132,1,66
Cerise,23.1,20.4,80,127,90,140,1,57
Marmande,26.4,19.4,58,110,75,138,0,79
Noire de Crimée,25.4,25.3,73,93,77,133,0,82
Cœur de Bœuf,20.7,25.6,78,121,81,144,0,51
Noire de Crimée,18.2,23.1,82,107,94,156,0,82
Marmande,22.8,25.1,62,133,71,160,1,77
Cœur de Bœuf,26.6,23.8,52,117,87,145,0,75
Cerise,27.0,24.7,81,125,68,161,1,90
Marmande,27.6,24.4,86,126,89,163,1,50
Cœur de Bœuf,26.8,25.0,78,133,77,135,0,84
Cerise,23.8,20.8,67,139,83,134,1,97
Cerise,22.4,21.4,45,115,78,153,1,92
Noire de Crimée,25.7,23.0,51,138,73,148,0,88
Marmande,25.4,23.0,42,113,61,159,0,69
Cerise,23.4,26.0,87,99,70,141,0,62
Cœur de Bœuf,18.9,22.3,59,127,85,134,0,80
Cerise,27.3,20.5,80,138,67,157,0,87
Cerise,22.6,21.3,81,97,62,168,1,72
Noire de Crimée,21.6,20.9,84,91,74,163,0,61
Noire de Crimée,24.3,25.6,47,133,99,141,0,55
Cœur de Bœuf,24.7,23.2,65,124,72,152,0,73
Noire de Crimée,20.1,25.4,77,110,75,134,0,83
Cerise,26.4,22.7,67,116,81,169,1,82
Cerise,20.9,27.0,74,112,92,166,1,56
Noire de Crimée,19.9,27.9,83,121,61,145,0,63
Cerise,22.1,25.0,80,115,88,138,1,85
Cerise,25.3,26.8,80,96,93,162,0,65
Cœur de Bœuf,27.7,23.6,82,122,75,166,0,95
Noire de Crimée,26.1,27.4,77,106,73,162,1,72
Cerise,27.4,26.5,41,97,98,130,0,67
Noire de Crimée,19.4,27.9,46,131,64,166,1,78
Cœur de Bœuf,18.7,24.6,80,106,77,138,1,56
Noire de Crimée,23.6,26.0,64,137,85,147,0,53
Cerise,20.9,23.9,89,131,69,167,0,74
Noire de Crimée,26.3,21.3,71,136,65,150,1,82
Cerise,24.7,22.2,51,137,73,143,0,73
Cerise,27.7,27.0,50,107,61,168,0,72
Cerise,20.5,19.5,49,125,86,168,0,99
Cœur de Bœuf,22.9,24.3,74,128,68,135,0,70
Noire de Crimée,23.0,22.4,83,133,72,132,0,88
Cœur de Bœuf,20.4,22.5,43,112,80,147,0,70
Noire de Crimée,23.9,27.0,81,101,61,166,1,97
Cœur de Bœuf,22.4,26.7,41,112,62,149,1,76
Marmande,22.5,24.4,83,122,72,158,1,66
Cerise,21.6,21.5,67,117,80,165,0,75
Cerise,18.2,23.3,82,133,92,145,0,68
Cœur de Bœuf,23.2,22.7,85,112,79,133,1,82
Marmande,21.4,22.2,86,96,95,143,0,97
Cerise,18.0,19.9,53,136,77,146,0,56
Noire de Crimée,21.1,23.9,83,91,84,164,0,80
Cœur de Bœuf,20.8,21.7,68,90,97,164,0,88
Cerise,21.9,24.9,41,93,84,161,1,64
Cerise,19.3,21.9,73,97,97,139,0,51
Cœur de Bœuf,23.1,22.9,72,138,74,158,1,94
Cœur de Bœuf,24.9,19.5,59,118,76,141,0,51
Noire de Crimée,24.3,27.9,86,107,95,138,0,66
Noire de Crimée,26.0,23.6,69,126,88,155,1,83
Cerise,22.5,19.2,81,120,92,150,0,96
Cerise,23.2,23.9,65,95,91,130,0,95
Cœur de Bœuf,26.1,26.8,59,133,67,165,0,74
Cerise,22.3,26.0,40,113,72,148,0,97
Cerise,25.0,25.3,40,137,76,135,1,60
Cœur de Bœuf,22.3,20.3,64,130,80,147,0,93
Cerise,22.2,24.9,72,104,73,166,1,58
Cerise,25.6,25.9,62,129,84,137,1,56
Marmande,19.7,24.2,50,101,83,140,1,60
Noire de Crimée,21.4,27.0,83,135,92,134,0,53
Cœur de Bœuf,20.2,21.5,54,138,67,150,1,86
Marmande,21.6,21.2,53,103,87,169,1,75
Noire de Crimée,20.3,26.8,40,116,78,150,0,83
Noire de Crimée,23.8,24.6,72,126,70,149,0,65
Noire de Crimée,26.0,19.0,45,102,69,138,1,90
Marmande,25.9,22.2,62,127,60,131,0,96
Marmande,21.6,26.7,65,135,64,133,0,79
Noire de Crimée,27.9,19.2,42,127,75,155,1,95
Cerise,23.9,19.0,85,92,79,141,0,65
Cerise,22.0,21.5,45,105,79,148,0,55
Marmande,26.4,27.2,79,101,87,148,1,82
Marmande,25.3,27.1,64,103,64,148,0,99
Marmande,25.5,23.7,86,123,62,158,0,64
Noire de Crimée,20.0,24.0,56,139,89,168,0,69
Cerise,22.7,22.0,67,120,82,163,1,61
Marmande,26.6,21.2,71,128,93,137,0,73
Marmande,23.0,26.3,68,94,87,135,0,89
Cœur de Bœuf,24.8,20.0,62,101,60,161,0,81
Noire de Crimée,23.9,23.4,80,115,86,157,0,90
Cœur de Bœuf,26.4,24.7,55,106,93,140,0,82
Cerise,20.8,19.9,71,133,90,157,0,97
Cœur de Bœuf,23.8,23.7,65,100,91,161,1,95
Cœur de Bœuf,19.2,24.2,72,122,66,137,0,61
Cœur de Bœuf,24.9,25.7,87,130,97,149,0,64
Noire de Crimée,25.3,21.1,58,129,93,153,0,57
Cerise,18.4,21.6,80,135,63,156,0,53
Cœur de Bœuf,24.8,24.1,56,93,78,140,0,76
Noire de Crimée,22.1,27.8,77,121,81,152,0,86
Cerise,19.2,21.0,53,120,88,151,0,63
Marmande,22.2,27.9,57,100,93,134,0,88
Cœur de Bœuf,19.9,25.4,60,106,93,163,1,64
Cerise,22.2,26.4,85,116,62,160,1,68
Cœur de Bœuf,21.8,19.8,78,97,80,166,1,63
Marmande,25.4,21.7,81,110,97,155,0,56
Cerise,25.7,19.5,87,122,80,152,0,55
Noire de Crimée,24.1,22.3,78,139,76,167,0,83
Cerise,18.2,27.8,67,94,88,167,0,73
Noire de Crimée,27.3,19.9,59,121,92,161,0,74
Cerise,24.9,24.1,45,114,98,134,0,90
Noire de Crimée,18.3,19.1,65,97,85,154,0,74
Marmande,26.2,25.4,45,116,66,162,0,99
Marmande,20.0,20.8,78,115,68,136,0,96
Marmande,23.8,20.2,65,129,77,145,0,64
Cerise,22.7,22.0,56,118,60,158,0,91
Marmande,22.2,25.9,79,98,70,144,1,52
Cœur de Bœuf,26.9,20.0,41,107,81,149,1,85
Marmande,22.4,21.1,60,96,91,151,0,51
Noire de Crimée,18.8,19.1,46,131,69,139,1,71
Noire de Crimée,27.5,27.7,83,110,86,137,0,77
Noire de Crimée,27.2,24.3,59,105,71,161,0,81
Cerise,24.8,25.5,42,92,89,157,0,88
Cœur de Bœuf,22.7,24.9,75,121,69,138,0,74
Marmande,18.9,20.3,82,99,71,160,0,50
Cœur de Bœuf,25.9,24.4,83,121,97,152,0,93
Cœur de Bœuf,18.8,20.2,58,97,80,148,0,72
Noire de Crimée,18.7,22.6,69,121,86,161,0,54
Noire de Crimée,23.4,24.1,50,139,65,139,0,97
Noire de Crimée,19.6,24.0,52,93,97,149,0,84
Cerise,18.1,20.1,72,118,67,164,0,60
Cœur de Bœuf,22.2,19.3,77,101,96,160,0,64
Cœur de Bœuf,19.4,26.2,87,126,65,140,0,54
Cerise,19.6,25.5,41,125,93,169,0,87
Cerise,18.8,19.7,85,108,99,139,0,53
Cerise,20.1,20.1,62,126,81,138,1,93
Cœur de Bœuf,25.2,27.0,89,136,88,139,1,59
Cœur de Bœuf,26.1,25.9,88,120,68,166,0,58
Noire de Crimée,22.5,28.0,59,133,80,166,0,82
Noire de Crimée,23.1,21.3,89,115,91,136,0,91
Cœur de Bœuf,18.3,23.4,69,134,67,149,0,55
Noire de Crimée,18.7,21.1,54,95,69,149,0,95
Cerise,20.6,24.6,41,118,82,137,0,76
Marmande,23.4,20.0,69,106,79,146,1,92
Noire de Crimée,25.4,20.1,64,109,72,167,1,77
Cœur de Bœuf,24.1,19.6,43,131,81,154,0,95
Noire de Crimée,21.9,25.2,40,135,74,142,1,92
Noire de Crimée,19.2,23.4,47,136,90,142,1,83
Noire de Crimée,25.8,24.6,53,99,91,131,0,78
Marmande,21.6,26.9,50,95,72,166,0,81
Cerise,25.4,25.7,63,137,84,140,0,71
Cœur de Bœuf,23.1,23.2,63,121,80,149,1,64
Marmande,25.4,27.9,71,91,63,138,0,76
Cœur de Bœuf,27.1,23.1,64,99,74,158,0,59
Cœur de Bœuf,27.2,20.0,85,126,80,163,1,74
Cœur de Bœuf,23.4,27.9,67,116,67,134,0,60
Marmande,23.1,19.2,55,130,90,160,1,57
Cerise,20.7,23.9,81,108,69,155,0,70
Cœur de Bœuf,27.4,21.8,78,130,80,166,1,57
Cerise,22.6,23.5,55,105,76,149,1,86
Cerise,19.3,24.0,75,109,64,137,1,73
Noire de Crimée,22.3,21.2,51,125,72,135,1,95
Marmande,19.3,24.0,51,94,80,147,0,97
Marmande,23.0,25.8,73,107,71,137,0,72
Noire de Crimée,23.6,21.4,77,97,84,154,0,73
Noire de Crimée,21.4,22.5,59,102,87,131,0,62
Cerise,18.7,21.4,86,130,61,157,0,88
Cœur de Bœuf,27.4,26.4,54,99,80,154,0,54
Marmande,25.7,25.5,61,125,81,149,0,64
Cœur de Bœuf,26.4,26.8,55,108,61,135,0,73
Cœur de Bœuf,21.7,20.5,63,120,89,166,0,60
Noire de Crimée,25.6,19.7,42,125,60,145,0,66
Cœur de Bœuf,22.9,20.1,40,118,72,164,0,57
Cerise,20.0,20.4,83,134,62,165,1,91
Noire de Crimée,19.2,23.8,86,112,79,130,0,73
Cœur de Bœuf,21.5,27.7,77,121,64,143,0,87
Noire de Crimée,19.4,22.2,56,138,61,143,1,76
Cerise,28.0,27.6,80,100,85,153,1,91
Cerise,18.5,19.3,60,91,88,148,0,56
Cœur de Bœuf,22.4,27.3,84,121,77,167,1,73
Noire de Crimée,22.5,20.6,86,94,68,147,1,76
Cœur de Bœuf,21.0,27.2,87,120,81,138,0,86
Cœur de Bœuf,23.7,19.5,52,102,87,142,0,94
Noire de Crimée,19.5,27.5,41,111,71,148,0,52
Cœur de Bœuf,25.8,20.8,41,124,96,139,1,71
Cerise,21.3,21.7,82,108,77,167,0,97
Noire de Crimée,23.9,23.4,64,118,93,132,0,87
Noire de Crimée,25.2,22.4,67,112,62,146,1,71
Noire de Crimée,26.9,25.0,87,108,64,152,0,89
Noire de Crimée,26.4,27.8,88,105,82,156,0,97
Cœur de Bœuf,24.1,24.5,65,120,72,138,1,98
Cœur de Bœuf,21.9,25.5,74,105,83,134,0,78
Cerise,23.0,19.8,67,115,87,148,0,59
Marmande,25.7,24.7,72,92,76,158,0,66
Marmande,26.8,23.1,57,112,65,144,1,91
Cerise,19.0,27.0,53,98,86,165,1,56
Marmande,21.8,22.5,80,113,88,141,0,92
Cerise,25.8,25.1,48,122,71,143,0,84
Cœur de Bœuf,22.3,21.1,83,103,94,144,0,89
Noire de Crimée,21.3,21.3,69,117,64,160,0,52
Noire de Crimée,22.1,22.4,42,113,61,134,0,62
Cœur de Bœuf,24.0,21.7,73,132,70,132,0,55
Noire de Crimée,28.0,21.3,72,139,63,159,0,66
Noire de Crimée,22.9,19.4,66,96,81,141,1,51
Marmande,20.1,26.5,48,127,60,144,0,88
Cœur de Bœuf,19.6,19.6,52,133,75,167,0,87
Marmande,18.4,27.0,69,114,61,157,0,82
Marmande,23.6,20.1,55,91,86,152,0,91
Noire de Crimée,23.4,19.6,81,134,71,144,0,72
Noire de Crimée,20.1,24.1,65,90,64,140,0,82
Cœur de Bœuf,25.0,23.5,44,112,64,159,0,74
Noire de Crimée,25.4,23.4,85,136,81,141,0,63
Noire de Crimée,20.6,24.2,66,129,72,148,0,84
Cœur de Bœuf,21.4,21.6,54,107,75,161,0,79
Noire de Crimée,27.9,25.0,67,136,85,130,1,58
Marmande,21.7,23.5,42,97,68,145,0,79
Cœur de Bœuf,25.6,22.0,80,123,91,140,0,56
Noire de Crimée,22.5,26.4,40,132,78,160,1,57
Cerise,25.9,25.5,40,97,95,162,1,56
Cœur de Bœuf,25.7,22.5,45,118,87,165,0,91
Cœur de Bœuf,24.7,26.6,50,102,74,159,0,76
Cerise,26.5,27.3,89,90,68,167,0,74
Noire de Crimée,27.4,23.8,85,118,75,133,0,96
Noire de Crimée,23.8,20.9,55,139,65,154,0,73
Cœur de Bœuf,20.4,27.2,72,126,67,163,0,77
Cœur de Bœuf,22.0,20.7,63,90,92,146,0,83
Noire de Crimée,25.6,19.4,71,133,91,162,1,59
Noire de Crimée,24.5,21.9,49,94,95,159,1,85
Marmande,19.8,25.5,64,137,95,142,0,64
Cœur de Bœuf,18.5,27.3,49,139,93,141,0,87
Cœur de Bœuf,24.8,24.7,52,91,61,161,0,52
Cerise,20.5,27.6,40,136,72,152,0,61
